arm,feature,column,n_buckets,tau_c
A1 one-vs-rest,ACTIVIT2,ACTIVIT2__y=1,2,0.0021363236947850753
A1 one-vs-rest,VOCATION,VOCATION__y=1,2,0.006136636773437002
A1 one-vs-rest,CARACT1,CARACT1__y=1,2,0.0003178012277487004
A1 one-vs-rest,CARACT3,CARACT3__y=1,1,
A1 one-vs-rest,INDEM1,INDEM1__y=1,2,0.0005683739754465337
A1 one-vs-rest,TYPBAT1,TYPBAT1__y=1,1,
A1 one-vs-rest,INDEM2,INDEM2__y=1,2,0.002371374562700013
A1 one-vs-rest,FRCH1,FRCH1__y=1,2,0.0003462229277262727
A1 one-vs-rest,FRCH2,FRCH2__y=1,2,0.0006310446612896972
A1 one-vs-rest,DEROG2,DEROG2__y=1,2,0.0008172801883524487
A1 one-vs-rest,DEROG3,DEROG3__y=1,2,0.0004964954617223806
A1 one-vs-rest,DEROG4,DEROG4__y=1,2,0.0017413037818497343
A1 one-vs-rest,DEROG5,DEROG5__y=1,2,0.0014639788701714927
A1 one-vs-rest,DEROG8,DEROG8__y=1,2,0.0004926831972529222
A1 one-vs-rest,DEROG12,DEROG12__y=1,2,0.004072220922850747
A1 one-vs-rest,KAPITAL35,KAPITAL35__y=1,2,0.0007106060971070566
A1 one-vs-rest,KAPITAL37,KAPITAL37__y=1,2,0.0013651372495633515
A1 one-vs-rest,KAPITAL40,KAPITAL40__y=1,2,0.006659332889149479
A1 one-vs-rest,KAPITAL41,KAPITAL41__y=1,2,0.004232445327892225
A1 one-vs-rest,KAPITAL42,KAPITAL42__y=1,2,0.001838620496670092
A1 one-vs-rest,KAPITAL43,KAPITAL43__y=1,2,0.0023340069360013576
A1 one-vs-rest,RISK6,RISK6__y=1,2,0.0014591390015462667
A1 one-vs-rest,RISK8,RISK8__y=1,2,0.0006092704084860593
A1 one-vs-rest,RISK9,RISK9__y=1,3,0.0003094637976605404
A1 one-vs-rest,RISK10,RISK10__y=1,2,0.0024253854153987817
A1 one-vs-rest,RISK11,RISK11__y=1,2,0.0037322069155998304
A1 one-vs-rest,RISK12,RISK12__y=1,2,0.0008436599524354784
A1 one-vs-rest,RISK13,RISK13__y=1,2,0.0009951641181154853
A1 one-vs-rest,EQUIPEMENT2,EQUIPEMENT2__y=1,2,0.001109553595607904
A1 one-vs-rest,EQUIPEMENT5,EQUIPEMENT5__y=1,1,
A1 one-vs-rest,ESPINSEE,ESPINSEE__y=1,1,
A1 one-vs-rest,AN_EXERC,AN_EXERC__y=1,2,0.0033141747880488493
A1 one-vs-rest,ZONE,ZONE__y=1,2,0.002179783509736902
A1 one-vs-rest,ZONE_REGION,ZONE_REGION__y=1,2,0.0019938836314262183
A1 one-vs-rest,LOG_AVA1_num,LOG_AVA1_num__y=1,2,0.00042332296523688197
A1 one-vs-rest,LOG_A1_A2_num,LOG_A1_A2_num__y=1,2,0.0004285238082421473
A1 one-vs-rest,LOG_A2_A3_num,LOG_A2_A3_num__y=1,2,0.0001876984465647562
A1 one-vs-rest,LOG_APA3_num,LOG_APA3_num__y=1,2,0.00020570673117234313
A1 one-vs-rest,LOG_INC_num,LOG_INC_num__y=1,2,3.668270921065568e-07
A1 one-vs-rest,LOG_SOC_num,LOG_SOC_num__y=1,2,0.00011230760248150682
A1 one-vs-rest,LOG_TOT,LOG_TOT__y=1,3,0.0006065778529466419
A1 one-vs-rest,LOG_AVA1_num_LOG_TOT,LOG_AVA1_num_LOG_TOT__y=1,2,0.00019501698462322568
A1 one-vs-rest,LOG_A1_A2_num_LOG_TOT,LOG_A1_A2_num_LOG_TOT__y=1,2,0.0002674169501456799
A1 one-vs-rest,LOG_A2_A3_num_LOG_TOT,LOG_A2_A3_num_LOG_TOT__y=1,2,0.00018186972160429008
A1 one-vs-rest,LOG_APA3_num_LOG_TOT,LOG_APA3_num_LOG_TOT__y=1,2,-5.167310958195491e-05
A1 one-vs-rest,LOG_INC_num_LOG_TOT,LOG_INC_num_LOG_TOT__y=1,3,0.0006065778529466419
A1 one-vs-rest,LOG_SOC_num_LOG_TOT,LOG_SOC_num_LOG_TOT__y=1,2,0.0002145825965175472
A1 one-vs-rest,LOG_REGION,LOG_REGION__y=1,2,0.0014678979923411469
A1 one-vs-rest,MEN_PAUV_num,MEN_PAUV_num__y=1,2,0.00013319424200200345
A1 one-vs-rest,MEN_1IND_num,MEN_1IND_num__y=1,2,0.00042945775451959655
A1 one-vs-rest,MEN_5IND_num,MEN_5IND_num__y=1,2,0.00041108714376581845
A1 one-vs-rest,MEN_PROP_num,MEN_PROP_num__y=1,2,4.874924976218438e-06
A1 one-vs-rest,MEN_FMP_num,MEN_FMP_num__y=1,2,0.0006036893709054225
A1 one-vs-rest,MEN_COLL_num,MEN_COLL_num__y=1,2,0.0003309050427556067
A1 one-vs-rest,MEN_MAIS_num,MEN_MAIS_num__y=1,2,0.0002756747004592953
A1 one-vs-rest,MEN_TOT,MEN_TOT__y=1,2,0.0004263923823152463
A1 one-vs-rest,MEN_PAUV_MEN_TOT,MEN_PAUV_MEN_TOT__y=1,2,0.00010945918807817804
A1 one-vs-rest,MEN_PAUV_MEN,MEN_PAUV_MEN__y=1,2,0.00018360033530876824
A1 one-vs-rest,MEN_1IND_MEN_TOT,MEN_1IND_MEN_TOT__y=1,2,0.00044329387911720274
A1 one-vs-rest,MEN_1IND_MEN,MEN_1IND_MEN__y=1,2,0.00042982458161170306
A1 one-vs-rest,MEN_5IND_MEN_TOT,MEN_5IND_MEN_TOT__y=1,2,0.0006527796494011895
A1 one-vs-rest,MEN_5IND_MEN,MEN_5IND_MEN__y=1,2,0.0004143885875947775
A1 one-vs-rest,MEN_PROP_MEN_TOT,MEN_PROP_MEN_TOT__y=1,2,0.0003359827257959308
A1 one-vs-rest,MEN_PROP_MEN,MEN_PROP_MEN__y=1,2,4.628703003735383e-05
A1 one-vs-rest,MEN_FMP_MEN_TOT,MEN_FMP_MEN_TOT__y=1,2,0.00012759263440701425
A1 one-vs-rest,MEN_FMP_MEN,MEN_FMP_MEN__y=1,2,0.0005952523477869716
A1 one-vs-rest,MEN_COLL_MEN_TOT,MEN_COLL_MEN_TOT__y=1,2,0.0006018963530217897
A1 one-vs-rest,MEN_COLL_MEN,MEN_COLL_MEN__y=1,2,0.00013277565403186958
A1 one-vs-rest,MEN_MAIS_MEN_TOT,MEN_MAIS_MEN_TOT__y=1,2,0.0006018963530217897
A1 one-vs-rest,MEN_MAIS_MEN,MEN_MAIS_MEN__y=1,2,7.592479728031767e-05
A1 one-vs-rest,MEN_MEN_TOT,MEN_MEN_TOT__y=1,2,0.0004611744764702535
A1 one-vs-rest,MEN_REGION,MEN_REGION__y=1,2,0.00032169951558435066
A1 one-vs-rest,IND_Y2_Y3_num,IND_Y2_Y3_num__y=1,2,4.50994780724871e-06
A1 one-vs-rest,IND_Y3_Y4_num,IND_Y3_Y4_num__y=1,2,0.0005875827359470996
A1 one-vs-rest,IND_Y4_Y5_num,IND_Y4_Y5_num__y=1,2,-1.2429362145426461e-05
A1 one-vs-rest,IND_Y5_Y6_num,IND_Y5_Y6_num__y=1,3,0.0008247758342707484
A1 one-vs-rest,IND_Y8_Y9_num,IND_Y8_Y9_num__y=1,2,0.0005815807245688899
A1 one-vs-rest,IND_Y9_num,IND_Y9_num__y=1,2,0.0003916565602489595
A1 one-vs-rest,IND_SNV_num,IND_SNV_num__y=1,2,0.0002854679937394633
A1 one-vs-rest,IND_IND_TOT,IND_IND_TOT__y=1,2,8.371759402677247e-05
A1 one-vs-rest,IND_IND_SNV,IND_IND_SNV__y=1,2,0.00032115824437576934
A1 one-vs-rest,IND_0_Y1_IND_SNV,IND_0_Y1_IND_SNV__y=1,2,0.0002854679937394633
A1 one-vs-rest,IND_Y1_Y2_IND_SNV,IND_Y1_Y2_IND_SNV__y=1,2,0.0002854679937394633
A1 one-vs-rest,IND_Y2_Y3_IND_SNV,IND_Y2_Y3_IND_SNV__y=1,2,0.0002770309706210125
A1 one-vs-rest,IND_Y3_Y4_IND_TOT,IND_Y3_Y4_IND_TOT__y=1,3,0.0005473600327739678
A1 one-vs-rest,IND_Y3_Y4_IND,IND_Y3_Y4_IND__y=1,2,0.0005894168714076324
A1 one-vs-rest,IND_Y3_Y4_IND_SNV,IND_Y3_Y4_IND_SNV__y=1,2,0.0005875827359470996
A1 one-vs-rest,IND_Y4_Y5_IND,IND_Y4_Y5_IND__y=1,2,9.740272008260052e-05
A1 one-vs-rest,IND_Y4_Y5_IND_SNV,IND_Y4_Y5_IND_SNV__y=1,2,0.00023158717018599591
A1 one-vs-rest,IND_Y5_Y6_IND_TOT,IND_Y5_Y6_IND_TOT__y=1,3,0.0003640156887641389
A1 one-vs-rest,IND_Y5_Y6_IND,IND_Y5_Y6_IND__y=1,3,0.0008049986779184023
A1 one-vs-rest,IND_Y5_Y6_IND_SNV,IND_Y5_Y6_IND_SNV__y=1,3,0.0006216318291789964
A1 one-vs-rest,IND_Y6_Y7_IND_TOT,IND_Y6_Y7_IND_TOT__y=1,2,0.0001357687830656225
A1 one-vs-rest,IND_Y6_Y7_IND_SNV,IND_Y6_Y7_IND_SNV__y=1,2,0.00021946837330873327
A1 one-vs-rest,IND_Y7_Y8_IND_TOT,IND_Y7_Y8_IND_TOT__y=1,2,0.00014983423905130333
A1 one-vs-rest,IND_Y7_Y8_IND_SNV,IND_Y7_Y8_IND_SNV__y=1,2,0.0002020677163997278
A1 one-vs-rest,IND_Y8_Y9_IND_TOT,IND_Y8_Y9_IND_TOT__y=1,3,0.0005817056258180427
A1 one-vs-rest,IND_Y8_Y9_IND,IND_Y8_Y9_IND__y=1,2,0.0006661017374415644
A1 one-vs-rest,IND_Y8_Y9_IND_SNV,IND_Y8_Y9_IND_SNV__y=1,2,0.0006519800196319409
A1 one-vs-rest,IND_Y9_IND_TOT,IND_Y9_IND_TOT__y=1,2,0.00048236862422829134
A1 one-vs-rest,IND_Y9_IND,IND_Y9_IND__y=1,2,0.0003883551164200005
A1 one-vs-rest,IND_Y9_IND_SNV,IND_Y9_IND_SNV__y=1,2,0.0003916565602489595
A1 one-vs-rest,IND_INC_IND_SNV,IND_INC_IND_SNV__y=1,2,0.0002854679937394633
A1 one-vs-rest,IND_SNV_IND_TOT,IND_SNV_IND_TOT__y=1,2,0.00046530328778998447
A1 one-vs-rest,IND_SNV_IND,IND_SNV_IND__y=1,2,0.00032115824437576934
A1 one-vs-rest,IND_REGION,IND_REGION__y=1,3,0.0011047740534865002
A1 one-vs-rest,IND_SNV_REGION,IND_SNV_REGION__y=1,2,0.0014588915995643957
A1 one-vs-rest,ALTITUDE_1_num,ALTITUDE_1_num__y=1,2,0.0021572070964024125
A1 one-vs-rest,ALTITUDE_2_num,ALTITUDE_2_num__y=1,2,0.0018888174524591956
A1 one-vs-rest,ALTITUDE_3_num,ALTITUDE_3_num__y=1,2,0.0018076406424016767
A1 one-vs-rest,ALTITUDE_4_num,ALTITUDE_4_num__y=1,2,0.0022480446973875694
A1 one-vs-rest,ALTITUDE_5_num,ALTITUDE_5_num__y=1,2,0.0016149056373575678
A1 one-vs-rest,ALTITUDE_TOT,ALTITUDE_TOT__y=1,2,0.0018310628914257573
A1 one-vs-rest,ALTITUDE_1_ALT_TOT,ALTITUDE_1_ALT_TOT__y=1,2,0.0018310628914257573
A1 one-vs-rest,ALTITUDE_2_ALT_TOT,ALTITUDE_2_ALT_TOT__y=1,2,0.0018310628914257573
A1 one-vs-rest,ALTITUDE_3_ALT_TOT,ALTITUDE_3_ALT_TOT__y=1,2,0.0018310628914257573
A1 one-vs-rest,ALTITUDE_4_ALT_TOT,ALTITUDE_4_ALT_TOT__y=1,2,0.0018310628914257573
A1 one-vs-rest,ALTITUDE_5_ALT_TOT,ALTITUDE_5_ALT_TOT__y=1,2,0.0018310628914257573
A1 one-vs-rest,ALTITUDE_REGION,ALTITUDE_REGION__y=1,2,0.0025185273922688463
A1 one-vs-rest,NBJTX25_MM_A_NBJTX25_MMAX_A,NBJTX25_MM_A_NBJTX25_MMAX_A__y=1,2,0.00166686331703705
A1 one-vs-rest,NBJTX0_MM_A_NBJTX0_MMAX_A,NBJTX0_MM_A_NBJTX0_MMAX_A__y=1,2,0.0020280103673536946
A1 one-vs-rest,NBJTXI27_MM_A_NBJTXI27_MMAX_A,NBJTXI27_MM_A_NBJTXI27_MMAX_A__y=1,3,0.0014373081547240385
A1 one-vs-rest,NBJTXS32_MM_A_NBJTXS32_MMAX_A,NBJTXS32_MM_A_NBJTXS32_MMAX_A__y=1,2,0.00033244879040126207
A1 one-vs-rest,NBJTXI20_MM_A_NBJTXI20_MMAX_A,NBJTXI20_MM_A_NBJTXI20_MMAX_A__y=1,2,0.0009152162433344154
A1 one-vs-rest,NBJTX30_MM_A_NBJTX30_MMAX_A,NBJTX30_MM_A_NBJTX30_MMAX_A__y=1,2,0.0011302167685052972
A1 one-vs-rest,NBJTX35_MM_A_NBJTX35_MMAX_A,NBJTX35_MM_A_NBJTX35_MMAX_A__y=1,2,0.0006078647905017388
A1 one-vs-rest,NBJTN10_MM_A_NBJTN10_MMAX_A,NBJTN10_MM_A_NBJTN10_MMAX_A__y=1,2,0.0006913770905850317
A1 one-vs-rest,NBJTNI10_MM_A_NBJTNI10_MMAX_A,NBJTNI10_MM_A_NBJTNI10_MMAX_A__y=1,2,0.001969740896650979
A1 one-vs-rest,NBJTN5_MM_A_NBJTN5_MMAX_A,NBJTN5_MM_A_NBJTN5_MMAX_A__y=1,2,0.0016867229493739307
A1 one-vs-rest,NBJTNS25_MM_A_NBJTNS25_MMAX_A,NBJTNS25_MM_A_NBJTNS25_MMAX_A__y=1,2,6.030635607060094e-05
A1 one-vs-rest,NBJTNI15_MM_A_NBJTNI15_MMAX_A,NBJTNI15_MM_A_NBJTNI15_MMAX_A__y=1,2,0.0005866593589039339
A1 one-vs-rest,NBJTNI20_MM_A_NBJTNI20_MMAX_A,NBJTNI20_MM_A_NBJTNI20_MMAX_A__y=1,3,0.0008471879093423497
A1 one-vs-rest,NBJTNS20_MM_A_NBJTNS20_MMAX_A,NBJTNS20_MM_A_NBJTNS20_MMAX_A__y=1,2,0.0022633797462034283
A1 one-vs-rest,NBJTMS24_MM_A_NBJTMS24_MMAX_A,NBJTMS24_MM_A_NBJTMS24_MMAX_A__y=1,3,0.0008814539590378933
A1 one-vs-rest,TAMPLIAB_VOR_MM_A_TAMPLIAB_VOR_MMAX_A,TAMPLIAB_VOR_MM_A_TAMPLIAB_VOR_MMAX_A__y=1,3,0.0007987227681202313
A1 one-vs-rest,TAMPLIM_VOR_MM_A_TAMPLIM_VOR_MMAX_A,TAMPLIM_VOR_MM_A_TAMPLIM_VOR_MMAX_A__y=1,2,0.0016139406704250329
A1 one-vs-rest,TM_VOR_MM_A_TM_VOR_MMAX_A,TM_VOR_MM_A_TM_VOR_MMAX_A__y=1,3,0.0009373009910709456
A1 one-vs-rest,TMM_VOR_MM_A_TMM_VOR_MMAX_A,TMM_VOR_MM_A_TMM_VOR_MMAX_A__y=1,2,0.0013420528467653575
A1 one-vs-rest,TMMAX_VOR_MM_A_TMMAX_VOR_MMAX_A,TMMAX_VOR_MM_A_TMMAX_VOR_MMAX_A__y=1,2,0.0016621712061003146
A1 one-vs-rest,TMMIN_VOR_MM_A_TMMIN_VOR_MMAX_A,TMMIN_VOR_MM_A_TMMIN_VOR_MMAX_A__y=1,3,0.0016951014590970085
A1 one-vs-rest,TN_VOR_MM_A_TN_VOR_MMAX_A,TN_VOR_MM_A_TN_VOR_MMAX_A__y=1,3,0.002299259845688256
A1 one-vs-rest,TNAB_VOR_MM_A_TNAB_VOR_MMAX_A,TNAB_VOR_MM_A_TNAB_VOR_MMAX_A__y=1,2,0.003055218932968798
A1 one-vs-rest,TNMAX_VOR_MM_A_TNMAX_VOR_MMAX_A,TNMAX_VOR_MM_A_TNMAX_VOR_MMAX_A__y=1,2,0.0011989252767184246
A1 one-vs-rest,TX_VOR_MM_A_TX_VOR_MMAX_A,TX_VOR_MM_A_TX_VOR_MMAX_A__y=1,2,0.0008235927747325796
A1 one-vs-rest,TXAB_VOR_MM_A_TXAB_VOR_MMAX_A,TXAB_VOR_MM_A_TXAB_VOR_MMAX_A__y=1,2,0.0031179986498432594
A1 one-vs-rest,TXMIN_VOR_MM_A_TXMIN_VOR_MMAX_A,TXMIN_VOR_MM_A_TXMIN_VOR_MMAX_A__y=1,3,0.0015258635647404973
A1 one-vs-rest,NBJFF10_MM_A_NBJFF10_MMAX_A,NBJFF10_MM_A_NBJFF10_MMAX_A__y=1,2,0.0011476757859443132
A1 one-vs-rest,NBJFF16_MM_A_NBJFF16_MMAX_A,NBJFF16_MM_A_NBJFF16_MMAX_A__y=1,2,0.002030010879768582
A1 one-vs-rest,NBJFF28_MM_A_NBJFF28_MMAX_A,NBJFF28_MM_A_NBJFF28_MMAX_A__y=1,2,0.0022272614038764643
A1 one-vs-rest,NBJFXI3S10_MM_A_NBJFXI3S10_MMAX_A,NBJFXI3S10_MM_A_NBJFXI3S10_MMAX_A__y=1,2,0.0034677973388245434
A1 one-vs-rest,NBJFXI3S16_MM_A_NBJFXI3S16_MMAX_A,NBJFXI3S16_MM_A_NBJFXI3S16_MMAX_A__y=1,2,0.002217477079520016
A1 one-vs-rest,NBJFXI3S28_MM_A_NBJFXI3S28_MMAX_A,NBJFXI3S28_MM_A_NBJFXI3S28_MMAX_A__y=1,2,0.003547454105890054
A1 one-vs-rest,NBJFXY8_MM_A_NBJFXY8_MMAX_A,NBJFXY8_MM_A_NBJFXY8_MMAX_A__y=1,2,0.0024028700209505665
A1 one-vs-rest,NBJFXY10_MM_A_NBJFXY10_MMAX_A,NBJFXY10_MM_A_NBJFXY10_MMAX_A__y=1,2,0.0012111102159727378
A1 one-vs-rest,NBJFXY15_MM_A_NBJFXY15_MMAX_A,NBJFXY15_MM_A_NBJFXY15_MMAX_A__y=1,2,0.0019888730699279007
A1 one-vs-rest,FFM_VOR_MM_A_FFM_VOR_MMAX_A,FFM_VOR_MM_A_FFM_VOR_MMAX_A__y=1,3,0.0005280261586712387
A1 one-vs-rest,FXI3SAB_VOR_MM_A_FXI3SAB_VOR_MMAX_A,FXI3SAB_VOR_MM_A_FXI3SAB_VOR_MMAX_A__y=1,2,0.0006499846700733647
A1 one-vs-rest,FXIAB_VOR_MM_A_FXIAB_VOR_MMAX_A,FXIAB_VOR_MM_A_FXIAB_VOR_MMAX_A__y=1,2,0.002142439677485245
A1 one-vs-rest,FXYAB_VOR_MM_A_FXYAB_VOR_MMAX_A,FXYAB_VOR_MM_A_FXYAB_VOR_MMAX_A__y=1,2,0.001727169673107651
A1 one-vs-rest,FFM_VOR_COM_MM_A_Y_FFM_VOR_COM_MMAX_A_Y,FFM_VOR_COM_MM_A_Y_FFM_VOR_COM_MMAX_A_Y__y=1,2,0.0016230998048810698
A1 one-vs-rest,FXI3SAB_VOR_COM_MM_A_Y_FXI3SAB_VOR_COM_MMAX_A_Y,FXI3SAB_VOR_COM_MM_A_Y_FXI3SAB_VOR_COM_MMAX_A_Y__y=1,2,0.00104357964432199
A1 one-vs-rest,NBJRR50_MM_A_NBJRR50_MMAX_A,NBJRR50_MM_A_NBJRR50_MMAX_A__y=1,2,0.0024877644932477815
A1 one-vs-rest,NBJRR1_MM_A_NBJRR1_MMAX_A,NBJRR1_MM_A_NBJRR1_MMAX_A__y=1,2,0.002130181992324936
A1 one-vs-rest,NBJRR5_MM_A_NBJRR5_MMAX_A,NBJRR5_MM_A_NBJRR5_MMAX_A__y=1,2,0.0008932833526766516
A1 one-vs-rest,NBJRR10_MM_A_NBJRR10_MMAX_A,NBJRR10_MM_A_NBJRR10_MMAX_A__y=1,2,0.001808535968964065
A1 one-vs-rest,NBJRR30_MM_A_NBJRR30_MMAX_A,NBJRR30_MM_A_NBJRR30_MMAX_A__y=1,2,0.0014494621769683036
A1 one-vs-rest,NBJRR100_MM_A_NBJRR100_MMAX_A,NBJRR100_MM_A_NBJRR100_MMAX_A__y=1,2,0.0009889442190612599
A1 one-vs-rest,RR_VOR_MM_A_RR_VOR_MMAX_A,RR_VOR_MM_A_RR_VOR_MMAX_A__y=1,2,0.002061691721829796
A1 one-vs-rest,RRAB_VOR_MM_A_RRAB_VOR_MMAX_A,RRAB_VOR_MM_A_RRAB_VOR_MMAX_A__y=1,2,0.0013534375810537159
A1 one-vs-rest,total_surface_crossed,total_surface_crossed__y=1,2,0.0010951596112262478
A1 one-vs-rest,nb_casernes_extinction_rate,nb_casernes_extinction_rate__y=1,2,0.0006132718847593471
A1 one-vs-rest,zone_vent_extinction_rate,zone_vent_extinction_rate__y=1,3,0.001345737512295241
A1 one-vs-rest,VENT_x_CASERNES,VENT_x_CASERNES__y=1,2,0.001523637706557682
A1 one-vs-rest,TYPERS,TYPERS__y=1,2,0.005349716073041332
A1 one-vs-rest,ACTIVIT2,ACTIVIT2__y=2,3,0.0020625665705215606
A1 one-vs-rest,VOCATION,VOCATION__y=2,2,0.006077234761612895
A1 one-vs-rest,ADOSS,ADOSS__y=2,2,0.00012123001012877896
A1 one-vs-rest,CARACT1,CARACT1__y=2,2,7.582059748319248e-05
A1 one-vs-rest,INDEM1,INDEM1__y=2,2,0.0005683739754465337
A1 one-vs-rest,INDEM2,INDEM2__y=2,3,0.0005211195861091284
A1 one-vs-rest,FRCH1,FRCH1__y=2,3,-0.00020563446287243483
A1 one-vs-rest,FRCH2,FRCH2__y=2,2,0.00031503899976077163
A1 one-vs-rest,DEROG2,DEROG2__y=2,2,0.0008172801883524487
A1 one-vs-rest,DEROG3,DEROG3__y=2,2,0.0004964954617223806
A1 one-vs-rest,DEROG4,DEROG4__y=2,2,0.0017413037818497343
A1 one-vs-rest,DEROG5,DEROG5__y=2,2,0.0014639788701714927
A1 one-vs-rest,DEROG8,DEROG8__y=2,2,0.0004926831972529222
A1 one-vs-rest,DEROG12,DEROG12__y=2,2,0.004344448528183368
A1 one-vs-rest,KAPITAL34,KAPITAL34__y=2,2,3.65977389068012e-05
A1 one-vs-rest,KAPITAL35,KAPITAL35__y=2,2,0.0007106060971070566
A1 one-vs-rest,KAPITAL37,KAPITAL37__y=2,2,0.0013651372495633515
A1 one-vs-rest,KAPITAL40,KAPITAL40__y=2,2,0.006659332889149479
A1 one-vs-rest,KAPITAL41,KAPITAL41__y=2,2,0.004232445327892225
A1 one-vs-rest,KAPITAL42,KAPITAL42__y=2,2,0.001838620496670092
A1 one-vs-rest,KAPITAL43,KAPITAL43__y=2,2,0.0023340069360013576
A1 one-vs-rest,RISK6,RISK6__y=2,2,0.0014591390015462667
A1 one-vs-rest,RISK8,RISK8__y=2,2,0.0006092704084860593
A1 one-vs-rest,RISK9,RISK9__y=2,1,
A1 one-vs-rest,RISK10,RISK10__y=2,2,0.0024766260001210186
A1 one-vs-rest,RISK11,RISK11__y=2,2,0.0037322069155998304
A1 one-vs-rest,RISK12,RISK12__y=2,2,0.0008436599524354784
A1 one-vs-rest,RISK13,RISK13__y=2,2,2.476884472732311e-05
A1 one-vs-rest,EQUIPEMENT2,EQUIPEMENT2__y=2,2,0.001109553595607904
A1 one-vs-rest,EQUIPEMENT5,EQUIPEMENT5__y=2,1,
A1 one-vs-rest,ESPINSEE,ESPINSEE__y=2,1,
A1 one-vs-rest,AN_EXERC,AN_EXERC__y=2,2,0.0033141747880488493
A1 one-vs-rest,ZONE_REGION,ZONE_REGION__y=2,2,0.0016900808101601016
A1 one-vs-rest,LOG_AVA1_num,LOG_AVA1_num__y=2,3,-0.0004183212890883738
A1 one-vs-rest,LOG_A1_A2_num,LOG_A1_A2_num__y=2,1,
A1 one-vs-rest,LOG_A2_A3_num,LOG_A2_A3_num__y=2,2,0.0004696084425580817
A1 one-vs-rest,LOG_APA3_num,LOG_APA3_num__y=2,3,-0.0007235000502279308
A1 one-vs-rest,LOG_INC_num,LOG_INC_num__y=2,1,
A1 one-vs-rest,LOG_SOC_num,LOG_SOC_num__y=2,2,-1.0075367431662913e-05
A1 one-vs-rest,LOG_TOT,LOG_TOT__y=2,1,
A1 one-vs-rest,LOG_AVA1_num_LOG_TOT,LOG_AVA1_num_LOG_TOT__y=2,2,-0.000406908015483353
A1 one-vs-rest,LOG_A1_A2_num_LOG_TOT,LOG_A1_A2_num_LOG_TOT__y=2,1,
A1 one-vs-rest,LOG_A2_A3_num_LOG_TOT,LOG_A2_A3_num_LOG_TOT__y=2,3,0.00029912498888331996
A1 one-vs-rest,LOG_APA3_num_LOG_TOT,LOG_APA3_num_LOG_TOT__y=2,3,3.391856580034968e-05
A1 one-vs-rest,LOG_INC_num_LOG_TOT,LOG_INC_num_LOG_TOT__y=2,1,
A1 one-vs-rest,LOG_SOC_num_LOG_TOT,LOG_SOC_num_LOG_TOT__y=2,2,0.0005039664132034241
A1 one-vs-rest,LOG_VETUSTE,LOG_VETUSTE__y=2,2,-0.00027291935652727823
A1 one-vs-rest,LOG_REGION,LOG_REGION__y=2,2,-0.00022057785647688379
A1 one-vs-rest,LOG_VETUSTE_REGION,LOG_VETUSTE_REGION__y=2,1,
A1 one-vs-rest,MEN_PAUV_num,MEN_PAUV_num__y=2,2,-0.00013319424200200345
A1 one-vs-rest,MEN_1IND_num,MEN_1IND_num__y=2,1,
A1 one-vs-rest,MEN_5IND_num,MEN_5IND_num__y=2,2,0.00041108714376581845
A1 one-vs-rest,MEN_PROP_num,MEN_PROP_num__y=2,2,-0.0005664005630263767
A1 one-vs-rest,MEN_FMP_num,MEN_FMP_num__y=2,1,
A1 one-vs-rest,MEN_COLL_num,MEN_COLL_num__y=2,2,-0.00033745842000845516
A1 one-vs-rest,MEN_MAIS_num,MEN_MAIS_num__y=2,2,-0.0004200049918334891
A1 one-vs-rest,MEN_num,MEN_num__y=2,1,
A1 one-vs-rest,MEN_TOT,MEN_TOT__y=2,2,-0.00016671254572604127
A1 one-vs-rest,MEN_PAUV_MEN_TOT,MEN_PAUV_MEN_TOT__y=2,3,-0.00041542082414866896
A1 one-vs-rest,MEN_PAUV_MEN,MEN_PAUV_MEN__y=2,2,6.600862232256084e-05
A1 one-vs-rest,MEN_1IND_MEN_TOT,MEN_1IND_MEN_TOT__y=2,2,-0.0003647035337557078
A1 one-vs-rest,MEN_1IND_MEN,MEN_1IND_MEN__y=2,2,-8.125107566512347e-05
A1 one-vs-rest,MEN_5IND_MEN_TOT,MEN_5IND_MEN_TOT__y=2,2,3.861815182502292e-05
A1 one-vs-rest,MEN_5IND_MEN,MEN_5IND_MEN__y=2,2,0.0003162949723141603
A1 one-vs-rest,MEN_PROP_MEN_TOT,MEN_PROP_MEN_TOT__y=2,3,-0.0005876724165965892
A1 one-vs-rest,MEN_PROP_MEN,MEN_PROP_MEN__y=2,3,-0.00042044371127129924
A1 one-vs-rest,MEN_FMP_MEN_TOT,MEN_FMP_MEN_TOT__y=2,2,-8.708874909903082e-05
A1 one-vs-rest,MEN_FMP_MEN,MEN_FMP_MEN__y=2,1,
A1 one-vs-rest,MEN_COLL_MEN_TOT,MEN_COLL_MEN_TOT__y=2,2,-9.086257913949188e-05
A1 one-vs-rest,MEN_COLL_MEN,MEN_COLL_MEN__y=2,2,-0.00038706559541523325
A1 one-vs-rest,MEN_MAIS_MEN_TOT,MEN_MAIS_MEN_TOT__y=2,2,-9.086257913949188e-05
A1 one-vs-rest,MEN_MAIS_MEN,MEN_MAIS_MEN__y=2,2,-0.00046741850709658097
A1 one-vs-rest,MEN_MEN_TOT,MEN_MEN_TOT__y=2,2,-0.00018232537921215666
A1 one-vs-rest,MEN_REGION,MEN_REGION__y=2,1,
A1 one-vs-rest,IND_num,IND_num__y=2,1,
A1 one-vs-rest,IND_0_Y1_num,IND_0_Y1_num__y=2,1,
A1 one-vs-rest,IND_Y1_Y2_num,IND_Y1_Y2_num__y=2,1,
A1 one-vs-rest,IND_Y2_Y3_num,IND_Y2_Y3_num__y=2,1,
A1 one-vs-rest,IND_Y3_Y4_num,IND_Y3_Y4_num__y=2,1,
A1 one-vs-rest,IND_Y4_Y5_num,IND_Y4_Y5_num__y=2,1,
A1 one-vs-rest,IND_Y5_Y6_num,IND_Y5_Y6_num__y=2,2,-0.0006173744969612505
A1 one-vs-rest,IND_Y6_Y7_num,IND_Y6_Y7_num__y=2,1,
A1 one-vs-rest,IND_Y7_Y8_num,IND_Y7_Y8_num__y=2,1,
A1 one-vs-rest,IND_Y8_Y9_num,IND_Y8_Y9_num__y=2,2,-6.467184138568174e-05
A1 one-vs-rest,IND_Y9_num,IND_Y9_num__y=2,2,0.0003916565602489595
A1 one-vs-rest,IND_INC_num,IND_INC_num__y=2,1,
A1 one-vs-rest,IND_SNV_num,IND_SNV_num__y=2,2,0.0002854679937394633
A1 one-vs-rest,IND_TOT,IND_TOT__y=2,2,0.00040955232120866095
A1 one-vs-rest,IND_IND_TOT,IND_IND_TOT__y=2,2,0.00039718822277900806
A1 one-vs-rest,IND_IND_SNV,IND_IND_SNV__y=2,2,0.00032115824437576934
A1 one-vs-rest,IND_0_Y1_IND_TOT,IND_0_Y1_IND_TOT__y=2,2,0.00040955232120866095
A1 one-vs-rest,IND_0_Y1_IND,IND_0_Y1_IND__y=2,1,
A1 one-vs-rest,IND_0_Y1_IND_SNV,IND_0_Y1_IND_SNV__y=2,2,0.0002854679937394633
A1 one-vs-rest,IND_Y1_Y2_IND_TOT,IND_Y1_Y2_IND_TOT__y=2,2,0.00040955232120866095
A1 one-vs-rest,IND_Y1_Y2_IND,IND_Y1_Y2_IND__y=2,1,
A1 one-vs-rest,IND_Y1_Y2_IND_SNV,IND_Y1_Y2_IND_SNV__y=2,2,0.0002854679937394633
A1 one-vs-rest,IND_Y2_Y3_IND_TOT,IND_Y2_Y3_IND_TOT__y=2,2,0.00042800169851595884
A1 one-vs-rest,IND_Y2_Y3_IND,IND_Y2_Y3_IND__y=2,1,
A1 one-vs-rest,IND_Y2_Y3_IND_SNV,IND_Y2_Y3_IND_SNV__y=2,2,0.00027252102281376375
A1 one-vs-rest,IND_Y3_Y4_IND_TOT,IND_Y3_Y4_IND_TOT__y=2,2,0.000367281687644014
A1 one-vs-rest,IND_Y3_Y4_IND,IND_Y3_Y4_IND__y=2,1,
A1 one-vs-rest,IND_Y3_Y4_IND_SNV,IND_Y3_Y4_IND_SNV__y=2,2,0.0002657853572513409
A1 one-vs-rest,IND_Y4_Y5_IND_TOT,IND_Y4_Y5_IND_TOT__y=2,3,0.0003694528314299637
A1 one-vs-rest,IND_Y4_Y5_IND,IND_Y4_Y5_IND__y=2,1,
A1 one-vs-rest,IND_Y4_Y5_IND_SNV,IND_Y4_Y5_IND_SNV__y=2,1,
A1 one-vs-rest,IND_Y5_Y6_IND_TOT,IND_Y5_Y6_IND_TOT__y=2,2,-2.5914196108018414e-05
A1 one-vs-rest,IND_Y5_Y6_IND,IND_Y5_Y6_IND__y=2,1,
A1 one-vs-rest,IND_Y5_Y6_IND_SNV,IND_Y5_Y6_IND_SNV__y=2,2,0.00021699960447412657
A1 one-vs-rest,IND_Y6_Y7_IND_TOT,IND_Y6_Y7_IND_TOT__y=2,3,-0.00021567407590203602
A1 one-vs-rest,IND_Y6_Y7_IND,IND_Y6_Y7_IND__y=2,1,
A1 one-vs-rest,IND_Y6_Y7_IND_SNV,IND_Y6_Y7_IND_SNV__y=2,2,0.00029097040012106165
A1 one-vs-rest,IND_Y7_Y8_IND_TOT,IND_Y7_Y8_IND_TOT__y=2,2,0.00020231526842507576
A1 one-vs-rest,IND_Y7_Y8_IND,IND_Y7_Y8_IND__y=2,1,
A1 one-vs-rest,IND_Y7_Y8_IND_SNV,IND_Y7_Y8_IND_SNV__y=2,2,0.00020411789726420063
A1 one-vs-rest,IND_Y8_Y9_IND_TOT,IND_Y8_Y9_IND_TOT__y=2,3,-0.00020187980190775908
A1 one-vs-rest,IND_Y8_Y9_IND,IND_Y8_Y9_IND__y=2,2,-0.00014746674149979355
A1 one-vs-rest,IND_Y8_Y9_IND_SNV,IND_Y8_Y9_IND_SNV__y=2,2,0.0006295270509328787
A1 one-vs-rest,IND_Y9_IND_TOT,IND_Y9_IND_TOT__y=2,2,0.00024575389745477367
A1 one-vs-rest,IND_Y9_IND,IND_Y9_IND__y=2,2,0.0003883551164200005
A1 one-vs-rest,IND_Y9_IND_SNV,IND_Y9_IND_SNV__y=2,2,0.0003071310464303695
A1 one-vs-rest,IND_INC_IND_TOT,IND_INC_IND_TOT__y=2,2,0.00040955232120866095
A1 one-vs-rest,IND_INC_IND,IND_INC_IND__y=2,1,
A1 one-vs-rest,IND_INC_IND_SNV,IND_INC_IND_SNV__y=2,2,0.0002854679937394633
A1 one-vs-rest,IND_SNV_IND_TOT,IND_SNV_IND_TOT__y=2,2,0.0010032000817767862
A1 one-vs-rest,IND_SNV_IND,IND_SNV_IND__y=2,2,0.00032115824437576934
A1 one-vs-rest,IND_REGION,IND_REGION__y=2,2,0.0003816622098437741
A1 one-vs-rest,IND_SNV_REGION,IND_SNV_REGION__y=2,2,0.0017251563075557288
A1 one-vs-rest,ALTITUDE_1_num,ALTITUDE_1_num__y=2,3,0.0012894984763024446
A1 one-vs-rest,ALTITUDE_2_num,ALTITUDE_2_num__y=2,2,0.001529396666856459
A1 one-vs-rest,ALTITUDE_3_num,ALTITUDE_3_num__y=2,2,0.0015011509807642542
A1 one-vs-rest,ALTITUDE_4_num,ALTITUDE_4_num__y=2,2,0.001893415168711795
A1 one-vs-rest,ALTITUDE_5_num,ALTITUDE_5_num__y=2,2,0.0005844365747522225
A1 one-vs-rest,ALTITUDE_TOT,ALTITUDE_TOT__y=2,3,0.0009458086478531239
A1 one-vs-rest,ALTITUDE_1_ALT_TOT,ALTITUDE_1_ALT_TOT__y=2,3,0.0009458086478531239
A1 one-vs-rest,ALTITUDE_2_ALT_TOT,ALTITUDE_2_ALT_TOT__y=2,3,0.0009458086478531239
A1 one-vs-rest,ALTITUDE_3_ALT_TOT,ALTITUDE_3_ALT_TOT__y=2,3,0.0009458086478531239
A1 one-vs-rest,ALTITUDE_4_ALT_TOT,ALTITUDE_4_ALT_TOT__y=2,3,0.0009458086478531239
A1 one-vs-rest,ALTITUDE_5_ALT_TOT,ALTITUDE_5_ALT_TOT__y=2,3,0.0009458086478531239
A1 one-vs-rest,ALTITUDE_REGION,ALTITUDE_REGION__y=2,2,-9.191848034371918e-05
A1 one-vs-rest,NBJTX25_MM_A_NBJTX25_MMAX_A,NBJTX25_MM_A_NBJTX25_MMAX_A__y=2,1,
A1 one-vs-rest,NBJTX0_MM_A_NBJTX0_MMAX_A,NBJTX0_MM_A_NBJTX0_MMAX_A__y=2,2,-0.0013520554088397936
A1 one-vs-rest,NBJTXI27_MM_A_NBJTXI27_MMAX_A,NBJTXI27_MM_A_NBJTXI27_MMAX_A__y=2,2,-0.0005985169415812656
A1 one-vs-rest,NBJTXS32_MM_A_NBJTXS32_MMAX_A,NBJTXS32_MM_A_NBJTXS32_MMAX_A__y=2,3,0.001076782172579834
A1 one-vs-rest,NBJTXI20_MM_A_NBJTXI20_MMAX_A,NBJTXI20_MM_A_NBJTXI20_MMAX_A__y=2,2,0.0009203812026601243
A1 one-vs-rest,NBJTX30_MM_A_NBJTX30_MMAX_A,NBJTX30_MM_A_NBJTX30_MMAX_A__y=2,2,0.0006116112046605275
A1 one-vs-rest,NBJTX35_MM_A_NBJTX35_MMAX_A,NBJTX35_MM_A_NBJTX35_MMAX_A__y=2,3,0.00042182077321252477
A1 one-vs-rest,NBJTN10_MM_A_NBJTN10_MMAX_A,NBJTN10_MM_A_NBJTN10_MMAX_A__y=2,2,2.3024079247702288e-05
A1 one-vs-rest,NBJTNI10_MM_A_NBJTNI10_MMAX_A,NBJTNI10_MM_A_NBJTNI10_MMAX_A__y=2,3,0.0010588212083894463
A1 one-vs-rest,NBJTN5_MM_A_NBJTN5_MMAX_A,NBJTN5_MM_A_NBJTN5_MMAX_A__y=2,2,-4.2447236148607534e-05
A1 one-vs-rest,NBJTNS25_MM_A_NBJTNS25_MMAX_A,NBJTNS25_MM_A_NBJTNS25_MMAX_A__y=2,1,
A1 one-vs-rest,NBJTNI15_MM_A_NBJTNI15_MMAX_A,NBJTNI15_MM_A_NBJTNI15_MMAX_A__y=2,3,0.0028256110298739393
A1 one-vs-rest,NBJTNI20_MM_A_NBJTNI20_MMAX_A,NBJTNI20_MM_A_NBJTNI20_MMAX_A__y=2,2,0.001538430420001289
A1 one-vs-rest,NBJTNS20_MM_A_NBJTNS20_MMAX_A,NBJTNS20_MM_A_NBJTNS20_MMAX_A__y=2,2,0.0018448725490090169
A1 one-vs-rest,NBJTMS24_MM_A_NBJTMS24_MMAX_A,NBJTMS24_MM_A_NBJTMS24_MMAX_A__y=2,3,0.0010726874873960898
A1 one-vs-rest,TAMPLIAB_VOR_MM_A_TAMPLIAB_VOR_MMAX_A,TAMPLIAB_VOR_MM_A_TAMPLIAB_VOR_MMAX_A__y=2,2,0.00045917215864611956
A1 one-vs-rest,TAMPLIM_VOR_MM_A_TAMPLIM_VOR_MMAX_A,TAMPLIM_VOR_MM_A_TAMPLIM_VOR_MMAX_A__y=2,3,0.0009635931801455137
A1 one-vs-rest,TM_VOR_MM_A_TM_VOR_MMAX_A,TM_VOR_MM_A_TM_VOR_MMAX_A__y=2,2,-0.0014995113602934826
A1 one-vs-rest,TMM_VOR_MM_A_TMM_VOR_MMAX_A,TMM_VOR_MM_A_TMM_VOR_MMAX_A__y=2,2,-0.0007391711508243379
A1 one-vs-rest,TMMAX_VOR_MM_A_TMMAX_VOR_MMAX_A,TMMAX_VOR_MM_A_TMMAX_VOR_MMAX_A__y=2,3,9.021674464464009e-05
A1 one-vs-rest,TMMIN_VOR_MM_A_TMMIN_VOR_MMAX_A,TMMIN_VOR_MM_A_TMMIN_VOR_MMAX_A__y=2,3,0.0008498667773306488
A1 one-vs-rest,TN_VOR_MM_A_TN_VOR_MMAX_A,TN_VOR_MM_A_TN_VOR_MMAX_A__y=2,3,6.694987593567649e-05
A1 one-vs-rest,TNAB_VOR_MM_A_TNAB_VOR_MMAX_A,TNAB_VOR_MM_A_TNAB_VOR_MMAX_A__y=2,3,0.0014993722337482654
A1 one-vs-rest,TNMAX_VOR_MM_A_TNMAX_VOR_MMAX_A,TNMAX_VOR_MM_A_TNMAX_VOR_MMAX_A__y=2,3,0.0006977905515223952
A1 one-vs-rest,TX_VOR_MM_A_TX_VOR_MMAX_A,TX_VOR_MM_A_TX_VOR_MMAX_A__y=2,3,0.00024144729929569122
A1 one-vs-rest,TXAB_VOR_MM_A_TXAB_VOR_MMAX_A,TXAB_VOR_MM_A_TXAB_VOR_MMAX_A__y=2,1,
A1 one-vs-rest,TXMIN_VOR_MM_A_TXMIN_VOR_MMAX_A,TXMIN_VOR_MM_A_TXMIN_VOR_MMAX_A__y=2,2,0.000586622985950936
A1 one-vs-rest,NBJFF10_MM_A_NBJFF10_MMAX_A,NBJFF10_MM_A_NBJFF10_MMAX_A__y=2,2,0.0005228248263925318
A1 one-vs-rest,NBJFF16_MM_A_NBJFF16_MMAX_A,NBJFF16_MM_A_NBJFF16_MMAX_A__y=2,3,0.0003929588350086515
A1 one-vs-rest,NBJFF28_MM_A_NBJFF28_MMAX_A,NBJFF28_MM_A_NBJFF28_MMAX_A__y=2,2,-0.00015654918970317637
A1 one-vs-rest,NBJFXI3S10_MM_A_NBJFXI3S10_MMAX_A,NBJFXI3S10_MM_A_NBJFXI3S10_MMAX_A__y=2,2,0.0009096148085727311
A1 one-vs-rest,NBJFXI3S16_MM_A_NBJFXI3S16_MMAX_A,NBJFXI3S16_MM_A_NBJFXI3S16_MMAX_A__y=2,3,0.0009428524130222578
A1 one-vs-rest,NBJFXI3S28_MM_A_NBJFXI3S28_MMAX_A,NBJFXI3S28_MM_A_NBJFXI3S28_MMAX_A__y=2,3,0.0012376724742233158
A1 one-vs-rest,NBJFXY8_MM_A_NBJFXY8_MMAX_A,NBJFXY8_MM_A_NBJFXY8_MMAX_A__y=2,2,0.00017979150666886637
A1 one-vs-rest,NBJFXY10_MM_A_NBJFXY10_MMAX_A,NBJFXY10_MM_A_NBJFXY10_MMAX_A__y=2,3,0.0018701826683526403
A1 one-vs-rest,NBJFXY15_MM_A_NBJFXY15_MMAX_A,NBJFXY15_MM_A_NBJFXY15_MMAX_A__y=2,2,0.0005783299526674034
A1 one-vs-rest,FFM_VOR_MM_A_FFM_VOR_MMAX_A,FFM_VOR_MM_A_FFM_VOR_MMAX_A__y=2,3,0.001921182095074891
A1 one-vs-rest,FXI3SAB_VOR_MM_A_FXI3SAB_VOR_MMAX_A,FXI3SAB_VOR_MM_A_FXI3SAB_VOR_MMAX_A__y=2,3,-0.0001424546704164708
A1 one-vs-rest,FXIAB_VOR_MM_A_FXIAB_VOR_MMAX_A,FXIAB_VOR_MM_A_FXIAB_VOR_MMAX_A__y=2,2,0.002286840300887106
A1 one-vs-rest,FXYAB_VOR_MM_A_FXYAB_VOR_MMAX_A,FXYAB_VOR_MM_A_FXYAB_VOR_MMAX_A__y=2,3,-0.0004136805063315836
A1 one-vs-rest,FFM_VOR_COM_MM_A_Y_FFM_VOR_COM_MMAX_A_Y,FFM_VOR_COM_MM_A_Y_FFM_VOR_COM_MMAX_A_Y__y=2,2,0.0016374964746993107
A1 one-vs-rest,FXI3SAB_VOR_COM_MM_A_Y_FXI3SAB_VOR_COM_MMAX_A_Y,FXI3SAB_VOR_COM_MM_A_Y_FXI3SAB_VOR_COM_MMAX_A_Y__y=2,2,0.00104357964432199
A1 one-vs-rest,NBJRR50_MM_A_NBJRR50_MMAX_A,NBJRR50_MM_A_NBJRR50_MMAX_A__y=2,3,0.001017544272003548
A1 one-vs-rest,NBJRR1_MM_A_NBJRR1_MMAX_A,NBJRR1_MM_A_NBJRR1_MMAX_A__y=2,2,0.00037453229701989014
A1 one-vs-rest,NBJRR5_MM_A_NBJRR5_MMAX_A,NBJRR5_MM_A_NBJRR5_MMAX_A__y=2,2,0.00023984325206848165
A1 one-vs-rest,NBJRR10_MM_A_NBJRR10_MMAX_A,NBJRR10_MM_A_NBJRR10_MMAX_A__y=2,2,0.00220427369758176
A1 one-vs-rest,NBJRR30_MM_A_NBJRR30_MMAX_A,NBJRR30_MM_A_NBJRR30_MMAX_A__y=2,3,-0.00046973759216819904
A1 one-vs-rest,NBJRR100_MM_A_NBJRR100_MMAX_A,NBJRR100_MM_A_NBJRR100_MMAX_A__y=2,2,0.0009500251593534535
A1 one-vs-rest,RR_VOR_MM_A_RR_VOR_MMAX_A,RR_VOR_MM_A_RR_VOR_MMAX_A__y=2,2,0.0009353304863422817
A1 one-vs-rest,RRAB_VOR_MM_A_RRAB_VOR_MMAX_A,RRAB_VOR_MM_A_RRAB_VOR_MMAX_A__y=2,3,0.0019339735533204449
A1 one-vs-rest,total_surface_crossed,total_surface_crossed__y=2,2,0.0007327172310299156
A1 one-vs-rest,nb_casernes_extinction_rate,nb_casernes_extinction_rate__y=2,2,0.00048311578125025074
A1 one-vs-rest,zone_vent_extinction_rate,zone_vent_extinction_rate__y=2,3,0.00034599612857000143
A1 one-vs-rest,VENT_x_CASERNES,VENT_x_CASERNES__y=2,2,0.0018383753515851075
A1 one-vs-rest,TYPERS,TYPERS__y=2,2,0.005349716073041332
A1 one-vs-rest,NB_CASERNES,NB_CASERNES__y=1,2,8.791472609289964e-05
A1 one-vs-rest,BDTOPO_BAT_MAX_HAUTEUR,BDTOPO_BAT_MAX_HAUTEUR__y=1,2,0.0037372844643260637
A1 one-vs-rest,HAUTEUR_MAX,HAUTEUR_MAX__y=1,2,0.0036119401789380737
A1 one-vs-rest,HAUTEUR,HAUTEUR__y=1,2,0.0012226531574692082
A1 one-vs-rest,BDTOPO_BAT_MAX_HAUTEUR_MAX,BDTOPO_BAT_MAX_HAUTEUR_MAX__y=1,2,0.0021827643455442462
A1 one-vs-rest,MEN_SURF,MEN_SURF__y=1,3,-0.0008640848454230505
A1 one-vs-rest,IND_SNV,IND_SNV__y=1,2,-0.0002854679937394633
A1 one-vs-rest,IND_Y9,IND_Y9__y=1,2,-0.0003916565602489595
A1 one-vs-rest,LOG_APA3,LOG_APA3__y=1,2,-0.00020570673117234313
A1 one-vs-rest,LOG_AVA1,LOG_AVA1__y=1,2,0.00041488594211843116
A1 one-vs-rest,MEN_MAIS,MEN_MAIS__y=1,2,0.000614348968156344
A1 one-vs-rest,MEN_COLL,MEN_COLL__y=1,2,-0.00012825895480574775
A1 one-vs-rest,MEN_FMP,MEN_FMP__y=1,2,0.0006003879270764634
A1 one-vs-rest,MEN_PROP,MEN_PROP__y=1,2,3.167800971388481e-05
A1 one-vs-rest,MEN_PAUV,MEN_PAUV__y=1,2,-0.00013319424200200345
A1 one-vs-rest,COEFASS,COEFASS__y=1,3,0.0007529721794985277
A1 one-vs-rest,DISTANCE_111,DISTANCE_111__y=1,2,-0.00041530637733059195
A1 one-vs-rest,DISTANCE_112,DISTANCE_112__y=1,2,-0.0002881465336497591
A1 one-vs-rest,DISTANCE_121,DISTANCE_121__y=1,2,-0.0005881870229298478
A1 one-vs-rest,DISTANCE_122,DISTANCE_122__y=1,2,-0.0005977531095683087
A1 one-vs-rest,DISTANCE_123,DISTANCE_123__y=1,2,-0.0004242541237680876
A1 one-vs-rest,DISTANCE_124,DISTANCE_124__y=1,1,
A1 one-vs-rest,DISTANCE_131,DISTANCE_131__y=1,3,0.0011298275779082192
A1 one-vs-rest,DISTANCE_132,DISTANCE_132__y=1,2,-0.001119414001464906
A1 one-vs-rest,DISTANCE_133,DISTANCE_133__y=1,2,-0.0012177664663713627
A1 one-vs-rest,DISTANCE_141,DISTANCE_141__y=1,2,0.0001826649699557044
A1 one-vs-rest,DISTANCE_142,DISTANCE_142__y=1,1,
A1 one-vs-rest,DISTANCE_211,DISTANCE_211__y=1,2,-0.0007089088539300436
A1 one-vs-rest,DISTANCE_212,DISTANCE_212__y=1,2,0.0024015605946426403
A1 one-vs-rest,DISTANCE_213,DISTANCE_213__y=1,3,0.0013864014790319328
A1 one-vs-rest,DISTANCE_221,DISTANCE_221__y=1,3,0.000290242525066266
A1 one-vs-rest,DISTANCE_222,DISTANCE_222__y=1,2,-0.00012279508932107886
A1 one-vs-rest,DISTANCE_223,DISTANCE_223__y=1,3,0.0012483879461765118
A1 one-vs-rest,DISTANCE_231,DISTANCE_231__y=1,2,0.001579822840512956
A1 one-vs-rest,DISTANCE_242,DISTANCE_242__y=1,2,0.0006553314941640634
A1 one-vs-rest,DISTANCE_243,DISTANCE_243__y=1,2,0.00035885555427777374
A1 one-vs-rest,DISTANCE_244,DISTANCE_244__y=1,1,
A1 one-vs-rest,DISTANCE_311,DISTANCE_311__y=1,2,0.0004752428228130302
A1 one-vs-rest,DISTANCE_312,DISTANCE_312__y=1,1,
A1 one-vs-rest,DISTANCE_313,DISTANCE_313__y=1,1,
A1 one-vs-rest,DISTANCE_321,DISTANCE_321__y=1,2,0.0006185220657301381
A1 one-vs-rest,DISTANCE_322,DISTANCE_322__y=1,2,-0.0010032024166364562
A1 one-vs-rest,DISTANCE_323,DISTANCE_323__y=1,2,0.003175613407392012
A1 one-vs-rest,DISTANCE_324,DISTANCE_324__y=1,1,
A1 one-vs-rest,DISTANCE_331,DISTANCE_331__y=1,2,2.4406251461624384e-05
A1 one-vs-rest,DISTANCE_332,DISTANCE_332__y=1,2,0.00012395902381701326
A1 one-vs-rest,DISTANCE_333,DISTANCE_333__y=1,2,-0.00017971876076287047
A1 one-vs-rest,DISTANCE_334,DISTANCE_334__y=1,2,0.002175866421290361
A1 one-vs-rest,DISTANCE_335,DISTANCE_335__y=1,4,0.0018554188867307725
A1 one-vs-rest,DISTANCE_411,DISTANCE_411__y=1,2,-0.00218972451638258
A1 one-vs-rest,DISTANCE_412,DISTANCE_412__y=1,2,-0.0008151542496370552
A1 one-vs-rest,DISTANCE_421,DISTANCE_421__y=1,2,0.0011845215873312364
A1 one-vs-rest,DISTANCE_422,DISTANCE_422__y=1,2,0.0013826814352640676
A1 one-vs-rest,DISTANCE_423,DISTANCE_423__y=1,3,-0.0001382208586875094
A1 one-vs-rest,DISTANCE_511,DISTANCE_511__y=1,2,0.0005602162220744244
A1 one-vs-rest,DISTANCE_512,DISTANCE_512__y=1,2,-9.493340732464925e-06
A1 one-vs-rest,DISTANCE_521,DISTANCE_521__y=1,2,0.0009690482137713813
A1 one-vs-rest,DISTANCE_522,DISTANCE_522__y=1,3,-6.939686634861356e-05
A1 one-vs-rest,DISTANCE_523,DISTANCE_523__y=1,3,0.00015022393317683287
A1 one-vs-rest,PROPORTION_21,PROPORTION_21__y=1,2,0.001933487811386002
A1 one-vs-rest,PROPORTION_22,PROPORTION_22__y=1,3,-0.0005653480631249353
A1 one-vs-rest,PROPORTION_23,PROPORTION_23__y=1,2,-0.0006337826952959064
A1 one-vs-rest,PROPORTION_24,PROPORTION_24__y=1,2,-0.0017989965757711165
A1 one-vs-rest,PROPORTION_31,PROPORTION_31__y=1,2,-0.0010717314842849388
A1 one-vs-rest,PROPORTION_32,PROPORTION_32__y=1,2,3.866312541343954e-06
A1 one-vs-rest,MEN_1IND,MEN_1IND__y=1,2,-0.00042762361905906374
A1 one-vs-rest,MEN_5IND,MEN_5IND__y=1,2,0.00041035348958160537
A1 one-vs-rest,LOG_A2_A3,LOG_A2_A3__y=1,2,-0.0004084990998644532
A1 one-vs-rest,IND_Y3_Y4,IND_Y3_Y4__y=1,2,0.0005875827359470996
A1 one-vs-rest,IND_Y5_Y6,IND_Y5_Y6__y=1,3,0.000824249786216884
A1 one-vs-rest,IND_Y8_Y9,IND_Y8_Y9__y=1,2,-0.0005815807245688899
A1 one-vs-rest,DISTANCE_1,DISTANCE_1__y=1,2,0.0003532904924690874
A1 one-vs-rest,DISTANCE_2,DISTANCE_2__y=1,1,
A1 one-vs-rest,ALTITUDE_1,ALTITUDE_1__y=1,2,-0.0021572070964024125
A1 one-vs-rest,ALTITUDE_2,ALTITUDE_2__y=1,2,-0.0018888174524591956
A1 one-vs-rest,ALTITUDE_3,ALTITUDE_3__y=1,2,-0.0018076406424016767
A1 one-vs-rest,ALTITUDE_4,ALTITUDE_4__y=1,2,-0.0022480446973875694
A1 one-vs-rest,ALTITUDE_5,ALTITUDE_5__y=1,2,-0.0016149056373575678
A1 one-vs-rest,NBJTX25_MM_A,NBJTX25_MM_A__y=1,3,-0.0007355402207913175
A1 one-vs-rest,NBJTX25_MMAX_A,NBJTX25_MMAX_A__y=1,3,-0.0007381890810933933
A1 one-vs-rest,NBJTX25_MSOM_A,NBJTX25_MSOM_A__y=1,3,-0.0007355402207913175
A1 one-vs-rest,NBJTX0_MM_A,NBJTX0_MM_A__y=1,2,0.0019641030889362967
A1 one-vs-rest,NBJTX0_MMAX_A,NBJTX0_MMAX_A__y=1,3,0.0016091376219816537
A1 one-vs-rest,NBJTX0_MSOM_A,NBJTX0_MSOM_A__y=1,2,0.0019641030889362967
A1 one-vs-rest,NBJTXI27_MM_A,NBJTXI27_MM_A__y=1,2,0.0023975231968598677
A1 one-vs-rest,NBJTXI27_MMAX_A,NBJTXI27_MMAX_A__y=1,2,0.0008880456474449468
A1 one-vs-rest,NBJTXI27_MSOM_A,NBJTXI27_MSOM_A__y=1,2,0.0023975231968598677
A1 one-vs-rest,NBJTXS32_MM_A,NBJTXS32_MM_A__y=1,2,-0.0005542510577827606
A1 one-vs-rest,NBJTXS32_MMAX_A,NBJTXS32_MMAX_A__y=1,3,-0.0004081427242376457
A1 one-vs-rest,NBJTXS32_MSOM_A,NBJTXS32_MSOM_A__y=1,2,-0.0005542510577827606
A1 one-vs-rest,NBJTXI20_MM_A,NBJTXI20_MM_A__y=1,2,0.0008729144989977997
A1 one-vs-rest,NBJTXI20_MMAX_A,NBJTXI20_MMAX_A__y=1,2,0.0008463258703562983
A1 one-vs-rest,NBJTXI20_MSOM_A,NBJTXI20_MSOM_A__y=1,2,0.0008729144989977997
A1 one-vs-rest,NBJTX30_MM_A,NBJTX30_MM_A__y=1,2,-0.0010152054911257797
A1 one-vs-rest,NBJTX30_MMAX_A,NBJTX30_MMAX_A__y=1,3,-0.0003651635336514432
A1 one-vs-rest,NBJTX30_MSOM_A,NBJTX30_MSOM_A__y=1,2,-0.0010152054911257797
A1 one-vs-rest,NBJTX35_MM_A,NBJTX35_MM_A__y=1,2,-0.000800786933202865
A1 one-vs-rest,NBJTX35_MMAX_A,NBJTX35_MMAX_A__y=1,2,-0.0006519851824882519
A1 one-vs-rest,NBJTX35_MSOM_A,NBJTX35_MSOM_A__y=1,2,-0.000800786933202865
A1 one-vs-rest,NBJTN10_MM_A,NBJTN10_MM_A__y=1,2,-0.0007890384693845272
A1 one-vs-rest,NBJTN10_MMAX_A,NBJTN10_MMAX_A__y=1,2,-0.0007067992226561624
A1 one-vs-rest,NBJTN10_MSOM_A,NBJTN10_MSOM_A__y=1,2,-0.0007890384693845272
A1 one-vs-rest,NBJTNI10_MM_A,NBJTNI10_MM_A__y=1,3,0.0012707654961846755
A1 one-vs-rest,NBJTNI10_MMAX_A,NBJTNI10_MMAX_A__y=1,2,0.0010455769068790678
A1 one-vs-rest,NBJTNI10_MSOM_A,NBJTNI10_MSOM_A__y=1,3,0.0012707654961846755
A1 one-vs-rest,NBJTN5_MM_A,NBJTN5_MM_A__y=1,2,-0.0002167100539617855
A1 one-vs-rest,NBJTN5_MMAX_A,NBJTN5_MMAX_A__y=1,4,0.000865969992946666
A1 one-vs-rest,NBJTN5_MSOM_A,NBJTN5_MSOM_A__y=1,2,-0.0002167100539617855
A1 one-vs-rest,NBJTNS25_MM_A,NBJTNS25_MM_A__y=1,2,-3.1608096155218465e-05
A1 one-vs-rest,NBJTNS25_MMAX_A,NBJTNS25_MMAX_A__y=1,1,
A1 one-vs-rest,NBJTNS25_MSOM_A,NBJTNS25_MSOM_A__y=1,2,-3.1608096155218465e-05
A1 one-vs-rest,NBJTNI15_MM_A,NBJTNI15_MM_A__y=1,3,0.0016224010192923562
A1 one-vs-rest,NBJTNI15_MMAX_A,NBJTNI15_MMAX_A__y=1,2,-0.0005164959325708886
A1 one-vs-rest,NBJTNI15_MSOM_A,NBJTNI15_MSOM_A__y=1,3,0.0016224010192923562
A1 one-vs-rest,NBJTNI20_MM_A,NBJTNI20_MM_A__y=1,2,0.002587390011509166
A1 one-vs-rest,NBJTNI20_MMAX_A,NBJTNI20_MMAX_A__y=1,1,
A1 one-vs-rest,NBJTNI20_MSOM_A,NBJTNI20_MSOM_A__y=1,2,0.002587390011509166
A1 one-vs-rest,NBJTNS20_MM_A,NBJTNS20_MM_A__y=1,2,-0.0019584289082686165
A1 one-vs-rest,NBJTNS20_MMAX_A,NBJTNS20_MMAX_A__y=1,3,-0.001033224652040964
A1 one-vs-rest,NBJTNS20_MSOM_A,NBJTNS20_MSOM_A__y=1,2,-0.0019584289082686165
A1 one-vs-rest,NBJTMS24_MM_A,NBJTMS24_MM_A__y=1,3,-0.0005092740827531456
A1 one-vs-rest,NBJTMS24_MMAX_A,NBJTMS24_MMAX_A__y=1,3,-0.000678348298821166
A1 one-vs-rest,NBJTMS24_MSOM_A,NBJTMS24_MSOM_A__y=1,3,-0.0005092740827531456
A1 one-vs-rest,TAMPLIAB_VOR_MM_A,TAMPLIAB_VOR_MM_A__y=1,2,-0.0008636393959833224
A1 one-vs-rest,TAMPLIAB_VOR_MMAX_A,TAMPLIAB_VOR_MMAX_A__y=1,3,0.0006111883690819264
A1 one-vs-rest,TAMPLIM_VOR_MM_A,TAMPLIM_VOR_MM_A__y=1,2,-0.0011061742465736525
A1 one-vs-rest,TAMPLIM_VOR_MMAX_A,TAMPLIM_VOR_MMAX_A__y=1,2,0.0005077664238513806
A1 one-vs-rest,TM_VOR_MM_A,TM_VOR_MM_A__y=1,2,-0.002021281371049074
A1 one-vs-rest,TM_VOR_MMAX_A,TM_VOR_MMAX_A__y=1,2,-0.0016410021474555078
A1 one-vs-rest,TMM_VOR_MM_A,TMM_VOR_MM_A__y=1,2,-0.0003815522769484945
A1 one-vs-rest,TMM_VOR_MMAX_A,TMM_VOR_MMAX_A__y=1,3,0.00013269398847947094
A1 one-vs-rest,TMMAX_VOR_MM_A,TMMAX_VOR_MM_A__y=1,2,-0.0016882869863528425
A1 one-vs-rest,TMMAX_VOR_MMAX_A,TMMAX_VOR_MMAX_A__y=1,3,-0.0004305393700461334
A1 one-vs-rest,TMMIN_VOR_MM_A,TMMIN_VOR_MM_A__y=1,3,-0.0011366174989091114
A1 one-vs-rest,TMMIN_VOR_MMAX_A,TMMIN_VOR_MMAX_A__y=1,2,-0.001338779280995542
A1 one-vs-rest,TN_VOR_MM_A,TN_VOR_MM_A__y=1,3,-0.0015363989905763534
A1 one-vs-rest,TN_VOR_MMAX_A,TN_VOR_MMAX_A__y=1,2,-0.001953809543237877
A1 one-vs-rest,TNAB_VOR_MM_A,TNAB_VOR_MM_A__y=1,3,-0.001555658469188768
A1 one-vs-rest,TNAB_VOR_MMAX_A,TNAB_VOR_MMAX_A__y=1,2,0.0003093519652475639
A1 one-vs-rest,TNMAX_VOR_MM_A,TNMAX_VOR_MM_A__y=1,3,-0.0005546920798378607
A1 one-vs-rest,TNMAX_VOR_MMAX_A,TNMAX_VOR_MMAX_A__y=1,2,-0.001012041044214958
A1 one-vs-rest,TX_VOR_MM_A,TX_VOR_MM_A__y=1,2,-0.001576876631320122
A1 one-vs-rest,TX_VOR_MMAX_A,TX_VOR_MMAX_A__y=1,3,-0.0006411524077616376
A1 one-vs-rest,TXAB_VOR_MM_A,TXAB_VOR_MM_A__y=1,2,-0.00162197909303758
A1 one-vs-rest,TXAB_VOR_MMAX_A,TXAB_VOR_MMAX_A__y=1,2,0.001476741891716766
A1 one-vs-rest,TXMIN_VOR_MM_A,TXMIN_VOR_MM_A__y=1,3,-0.0005961817979987972
A1 one-vs-rest,TXMIN_VOR_MMAX_A,TXMIN_VOR_MMAX_A__y=1,2,9.489703437165129e-05
A1 one-vs-rest,NBJFF10_MM_A,NBJFF10_MM_A__y=1,2,0.0019402788047226396
A1 one-vs-rest,NBJFF10_MMAX_A,NBJFF10_MMAX_A__y=1,2,0.0019662490931631757
A1 one-vs-rest,NBJFF10_MSOM_A,NBJFF10_MSOM_A__y=1,2,0.0019402788047226396
A1 one-vs-rest,NBJFF16_MM_A,NBJFF16_MM_A__y=1,3,-0.00010479502420621841
A1 one-vs-rest,NBJFF16_MMAX_A,NBJFF16_MMAX_A__y=1,2,0.0018636046198029612
A1 one-vs-rest,NBJFF16_MSOM_A,NBJFF16_MSOM_A__y=1,3,-0.00010479502420621841
A1 one-vs-rest,NBJFF28_MM_A,NBJFF28_MM_A__y=1,4,-0.001306240037243576
A1 one-vs-rest,NBJFF28_MMAX_A,NBJFF28_MMAX_A__y=1,2,-0.0011198504769008816
A1 one-vs-rest,NBJFF28_MSOM_A,NBJFF28_MSOM_A__y=1,4,-0.001306240037243576
A1 one-vs-rest,NBJFXI3S10_MM_A,NBJFXI3S10_MM_A__y=1,2,0.002374026269223192
A1 one-vs-rest,NBJFXI3S10_MMAX_A,NBJFXI3S10_MMAX_A__y=1,2,0.0024847819111019497
A1 one-vs-rest,NBJFXI3S10_MSOM_A,NBJFXI3S10_MSOM_A__y=1,2,0.002374026269223192
A1 one-vs-rest,NBJFXI3S16_MM_A,NBJFXI3S16_MM_A__y=1,3,-0.0008212394446736123
A1 one-vs-rest,NBJFXI3S16_MMAX_A,NBJFXI3S16_MMAX_A__y=1,3,0.0006542794064985976
A1 one-vs-rest,NBJFXI3S16_MSOM_A,NBJFXI3S16_MSOM_A__y=1,3,-0.0008212394446736123
A1 one-vs-rest,NBJFXI3S28_MM_A,NBJFXI3S28_MM_A__y=1,2,-0.0019714140524888847
A1 one-vs-rest,NBJFXI3S28_MMAX_A,NBJFXI3S28_MMAX_A__y=1,3,-8.73387347386773e-05
A1 one-vs-rest,NBJFXI3S28_MSOM_A,NBJFXI3S28_MSOM_A__y=1,2,-0.0019714140524888847
A1 one-vs-rest,NBJFXY8_MM_A,NBJFXY8_MM_A__y=1,2,0.0019002685564248945
A1 one-vs-rest,NBJFXY8_MMAX_A,NBJFXY8_MMAX_A__y=1,2,0.0023347798529384043
A1 one-vs-rest,NBJFXY8_MSOM_A,NBJFXY8_MSOM_A__y=1,2,0.0019002685564248945
A1 one-vs-rest,NBJFXY10_MM_A,NBJFXY10_MM_A__y=1,2,0.0007517925655146265
A1 one-vs-rest,NBJFXY10_MMAX_A,NBJFXY10_MMAX_A__y=1,2,0.001875171218856309
A1 one-vs-rest,NBJFXY10_MSOM_A,NBJFXY10_MSOM_A__y=1,2,0.0007517925655146265
A1 one-vs-rest,NBJFXY15_MM_A,NBJFXY15_MM_A__y=1,2,-0.0009383130684881136
A1 one-vs-rest,NBJFXY15_MMAX_A,NBJFXY15_MMAX_A__y=1,2,0.001253921181651325
A1 one-vs-rest,NBJFXY15_MSOM_A,NBJFXY15_MSOM_A__y=1,2,-0.0009383130684881136
A1 one-vs-rest,FFM_VOR_MM_A,FFM_VOR_MM_A__y=1,2,0.0002186014475176789
A1 one-vs-rest,FFM_VOR_MMAX_A,FFM_VOR_MMAX_A__y=1,2,0.0004467689816738186
A1 one-vs-rest,FXI3SAB_VOR_MM_A,FXI3SAB_VOR_MM_A__y=1,1,
A1 one-vs-rest,FXI3SAB_VOR_MMAX_A,FXI3SAB_VOR_MMAX_A__y=1,2,0.0006660615152984585
A1 one-vs-rest,FXIAB_VOR_MM_A,FXIAB_VOR_MM_A__y=1,2,0.000832031299828104
A1 one-vs-rest,FXIAB_VOR_MMAX_A,FXIAB_VOR_MMAX_A__y=1,2,0.0020519073974733476
A1 one-vs-rest,FXYAB_VOR_MM_A,FXYAB_VOR_MM_A__y=1,2,0.0018419627127691809
A1 one-vs-rest,FXYAB_VOR_MMAX_A,FXYAB_VOR_MMAX_A__y=1,2,0.0019748331100706918
A1 one-vs-rest,FFM_VOR_COM_MM_A_Y,FFM_VOR_COM_MM_A_Y__y=1,2,0.002227868713086053
A1 one-vs-rest,FFM_VOR_COM_MMAX_A_Y,FFM_VOR_COM_MMAX_A_Y__y=1,2,0.0019229475314034258
A1 one-vs-rest,FXI3SAB_VOR_COM_MM_A_Y,FXI3SAB_VOR_COM_MM_A_Y__y=1,2,-0.0010428459700433054
A1 one-vs-rest,FXI3SAB_VOR_COM_MMAX_A_Y,FXI3SAB_VOR_COM_MMAX_A_Y__y=1,2,-0.0010402781100679087
A1 one-vs-rest,NBJRR50_MM_A,NBJRR50_MM_A__y=1,2,-0.0013106266153751287
A1 one-vs-rest,NBJRR50_MMAX_A,NBJRR50_MMAX_A__y=1,2,-0.002200018062081
A1 one-vs-rest,NBJRR50_MSOM_A,NBJRR50_MSOM_A__y=1,2,-0.0013106266153751287
A1 one-vs-rest,NBJRR1_MM_A,NBJRR1_MM_A__y=1,2,-0.0013556563311865907
A1 one-vs-rest,NBJRR1_MMAX_A,NBJRR1_MMAX_A__y=1,2,-0.0014990385119045093
A1 one-vs-rest,NBJRR1_MSOM_A,NBJRR1_MSOM_A__y=1,2,-0.0013556563311865907
A1 one-vs-rest,NBJRR5_MM_A,NBJRR5_MM_A__y=1,2,-0.0015618546017319686
A1 one-vs-rest,NBJRR5_MMAX_A,NBJRR5_MMAX_A__y=1,2,-0.0015811686397738801
A1 one-vs-rest,NBJRR5_MSOM_A,NBJRR5_MSOM_A__y=1,2,-0.0015618546017319686
A1 one-vs-rest,NBJRR10_MM_A,NBJRR10_MM_A__y=1,2,-0.0022132941899252515
A1 one-vs-rest,NBJRR10_MMAX_A,NBJRR10_MMAX_A__y=1,2,-0.002081478608260681
A1 one-vs-rest,NBJRR10_MSOM_A,NBJRR10_MSOM_A__y=1,2,-0.0022132941899252515
A1 one-vs-rest,NBJRR30_MM_A,NBJRR30_MM_A__y=1,2,-0.0018199207032524234
A1 one-vs-rest,NBJRR30_MMAX_A,NBJRR30_MMAX_A__y=1,2,-0.0017465928300085562
A1 one-vs-rest,NBJRR30_MSOM_A,NBJRR30_MSOM_A__y=1,2,-0.0018199207032524234
A1 one-vs-rest,NBJRR100_MM_A,NBJRR100_MM_A__y=1,3,-0.0008971943544477561
A1 one-vs-rest,NBJRR100_MMAX_A,NBJRR100_MMAX_A__y=1,3,-0.0007415008384638566
A1 one-vs-rest,NBJRR100_MSOM_A,NBJRR100_MSOM_A__y=1,3,-0.0008971943544477561
A1 one-vs-rest,RR_VOR_MM_A,RR_VOR_MM_A__y=1,2,-0.0021019565807985268
A1 one-vs-rest,RR_VOR_MMAX_A,RR_VOR_MMAX_A__y=1,2,-0.0023636599776187765
A1 one-vs-rest,RRAB_VOR_MM_A,RRAB_VOR_MM_A__y=1,2,-0.0008137720774231332
A1 one-vs-rest,RRAB_VOR_MMAX_A,RRAB_VOR_MMAX_A__y=1,2,-0.0017037454913769712
A1 one-vs-rest,TAILLE1,TAILLE1__y=1,2,0.005694067525482597
A1 one-vs-rest,TAILLE2,TAILLE2__y=1,2,0.006095464317166851
A1 one-vs-rest,CARACT4,CARACT4__y=1,2,0.0002997133011988795
A1 one-vs-rest,SURFACE4,SURFACE4__y=1,2,0.006549608986328521
A1 one-vs-rest,SURFACE6,SURFACE6__y=1,2,0.006549608986328521
A1 one-vs-rest,total_surface_2023,total_surface_2023__y=1,3,0.000559461023435586
A1 one-vs-rest,total_surface_5y,total_surface_5y__y=1,3,0.000883967294872604
A1 one-vs-rest,surface_over_forest,surface_over_forest__y=1,2,-0.00019539588253460714
A1 one-vs-rest,fire_extinction_rates,fire_extinction_rates__y=1,3,-1.4758254310442322e-05
A1 one-vs-rest,NB_CASERNES,NB_CASERNES__y=2,1,
A1 one-vs-rest,BDTOPO_BAT_MAX_HAUTEUR,BDTOPO_BAT_MAX_HAUTEUR__y=2,2,0.0037372844643260637
A1 one-vs-rest,HAUTEUR_MAX,HAUTEUR_MAX__y=2,2,0.0036119401789380737
A1 one-vs-rest,HAUTEUR,HAUTEUR__y=2,2,0.0024561069136793366
A1 one-vs-rest,BDTOPO_BAT_MAX_HAUTEUR_MAX,BDTOPO_BAT_MAX_HAUTEUR_MAX__y=2,2,0.0021827643455442462
A1 one-vs-rest,MEN_SURF,MEN_SURF__y=2,2,-0.0009423945529324484
A1 one-vs-rest,IND_SNV,IND_SNV__y=2,2,-0.0002854679937394633
A1 one-vs-rest,IND_INC,IND_INC__y=2,1,
A1 one-vs-rest,IND_Y9,IND_Y9__y=2,2,-0.0003916565602489595
A1 one-vs-rest,IND_0_Y1,IND_0_Y1__y=2,1,
A1 one-vs-rest,IND,IND__y=2,1,
A1 one-vs-rest,LOG_SOC,LOG_SOC__y=2,2,-1.0075367431662913e-05
A1 one-vs-rest,LOG_INC,LOG_INC__y=2,1,
A1 one-vs-rest,LOG_APA3,LOG_APA3__y=2,3,0.0005707334449127328
A1 one-vs-rest,LOG_AVA1,LOG_AVA1__y=2,2,-0.0004018039428152691
A1 one-vs-rest,MEN_MAIS,MEN_MAIS__y=2,2,4.5585283260605914e-05
A1 one-vs-rest,MEN_COLL,MEN_COLL__y=2,2,-0.00012825895480574775
A1 one-vs-rest,MEN_FMP,MEN_FMP__y=2,1,
A1 one-vs-rest,MEN_PROP,MEN_PROP__y=2,2,-0.0005298476283362735
A1 one-vs-rest,MEN_PAUV,MEN_PAUV__y=2,2,-0.00013319424200200345
A1 one-vs-rest,MEN,MEN__y=2,1,
A1 one-vs-rest,COEFASS,COEFASS__y=2,3,0.0003180386730255972
A1 one-vs-rest,DISTANCE_111,DISTANCE_111__y=2,2,-0.00041530637733059195
A1 one-vs-rest,DISTANCE_112,DISTANCE_112__y=2,2,-7.10727501579941e-05
A1 one-vs-rest,DISTANCE_121,DISTANCE_121__y=2,3,0.0007696207684265717
A1 one-vs-rest,DISTANCE_122,DISTANCE_122__y=2,1,
A1 one-vs-rest,DISTANCE_123,DISTANCE_123__y=2,3,-0.0007123933828272472
A1 one-vs-rest,DISTANCE_124,DISTANCE_124__y=2,1,
A1 one-vs-rest,DISTANCE_131,DISTANCE_131__y=2,2,0.0012869114500204655
A1 one-vs-rest,DISTANCE_132,DISTANCE_132__y=2,3,-0.0008077687215308215
A1 one-vs-rest,DISTANCE_133,DISTANCE_133__y=2,2,-0.00033928690556487667
A1 one-vs-rest,DISTANCE_141,DISTANCE_141__y=2,2,0.0001826649699557044
A1 one-vs-rest,DISTANCE_142,DISTANCE_142__y=2,2,0.0001287966265657406
A1 one-vs-rest,DISTANCE_211,DISTANCE_211__y=2,2,-0.0007089088539300436
A1 one-vs-rest,DISTANCE_212,DISTANCE_212__y=2,2,0.0020085508374997913
A1 one-vs-rest,DISTANCE_213,DISTANCE_213__y=2,3,0.0009395270157944201
A1 one-vs-rest,DISTANCE_221,DISTANCE_221__y=2,3,4.975001578677093e-05
A1 one-vs-rest,DISTANCE_222,DISTANCE_222__y=2,2,-0.00012279508932107886
A1 one-vs-rest,DISTANCE_223,DISTANCE_223__y=2,2,0.0008251931846644894
A1 one-vs-rest,DISTANCE_231,DISTANCE_231__y=2,2,0.001579822840512956
A1 one-vs-rest,DISTANCE_242,DISTANCE_242__y=2,2,0.0006553314941640634
A1 one-vs-rest,DISTANCE_243,DISTANCE_243__y=2,2,0.0010208069258874639
A1 one-vs-rest,DISTANCE_244,DISTANCE_244__y=2,1,
A1 one-vs-rest,DISTANCE_311,DISTANCE_311__y=2,2,0.0005967273825997244
A1 one-vs-rest,DISTANCE_312,DISTANCE_312__y=2,1,
A1 one-vs-rest,DISTANCE_313,DISTANCE_313__y=2,1,
A1 one-vs-rest,DISTANCE_321,DISTANCE_321__y=2,1,
A1 one-vs-rest,DISTANCE_322,DISTANCE_322__y=2,2,-0.0010032024166364562
A1 one-vs-rest,DISTANCE_323,DISTANCE_323__y=2,3,0.0021082609228768963
A1 one-vs-rest,DISTANCE_324,DISTANCE_324__y=2,1,
A1 one-vs-rest,DISTANCE_331,DISTANCE_331__y=2,2,2.4406251461624384e-05
A1 one-vs-rest,DISTANCE_332,DISTANCE_332__y=2,2,0.0018001338168215386
A1 one-vs-rest,DISTANCE_333,DISTANCE_333__y=2,2,-0.00017971876076287047
A1 one-vs-rest,DISTANCE_334,DISTANCE_334__y=2,2,0.0019897096478468535
A1 one-vs-rest,DISTANCE_335,DISTANCE_335__y=2,2,-2.3606046495669484e-05
A1 one-vs-rest,DISTANCE_411,DISTANCE_411__y=2,2,-0.00218972451638258
A1 one-vs-rest,DISTANCE_412,DISTANCE_412__y=2,2,-0.0008151542496370552
A1 one-vs-rest,DISTANCE_421,DISTANCE_421__y=2,2,0.0011845215873312364
A1 one-vs-rest,DISTANCE_422,DISTANCE_422__y=2,2,0.0013826814352640676
A1 one-vs-rest,DISTANCE_423,DISTANCE_423__y=2,3,-0.00025187906221550325
A1 one-vs-rest,DISTANCE_511,DISTANCE_511__y=2,2,0.0016519140333548926
A1 one-vs-rest,DISTANCE_512,DISTANCE_512__y=2,2,9.511527208963899e-05
A1 one-vs-rest,DISTANCE_521,DISTANCE_521__y=2,3,0.0005560124180316863
A1 one-vs-rest,DISTANCE_522,DISTANCE_522__y=2,3,7.221758885360458e-05
A1 one-vs-rest,DISTANCE_523,DISTANCE_523__y=2,3,-0.00015362844157744098
A1 one-vs-rest,PROPORTION_11,PROPORTION_11__y=2,1,
A1 one-vs-rest,PROPORTION_12,PROPORTION_12__y=2,1,
A1 one-vs-rest,PROPORTION_13,PROPORTION_13__y=2,1,
A1 one-vs-rest,PROPORTION_14,PROPORTION_14__y=2,1,
A1 one-vs-rest,PROPORTION_21,PROPORTION_21__y=2,2,0.0006839843447681202
A1 one-vs-rest,PROPORTION_22,PROPORTION_22__y=2,3,-0.0006020065797512956
A1 one-vs-rest,PROPORTION_23,PROPORTION_23__y=2,3,-0.000307830943520217
A1 one-vs-rest,PROPORTION_24,PROPORTION_24__y=2,3,-0.0007713642343289634
A1 one-vs-rest,PROPORTION_31,PROPORTION_31__y=2,2,-0.0011185278189675383
A1 one-vs-rest,PROPORTION_32,PROPORTION_32__y=2,2,3.866312541343954e-06
A1 one-vs-rest,PROPORTION_33,PROPORTION_33__y=2,1,
A1 one-vs-rest,PROPORTION_41,PROPORTION_41__y=2,1,
A1 one-vs-rest,PROPORTION_42,PROPORTION_42__y=2,1,
A1 one-vs-rest,PROPORTION_51,PROPORTION_51__y=2,1,
A1 one-vs-rest,PROPORTION_52,PROPORTION_52__y=2,1,
A1 one-vs-rest,MEN_1IND,MEN_1IND__y=2,1,
A1 one-vs-rest,MEN_5IND,MEN_5IND__y=2,2,0.00041035348958160537
A1 one-vs-rest,LOG_A1_A2,LOG_A1_A2__y=2,1,
A1 one-vs-rest,LOG_A2_A3,LOG_A2_A3__y=2,2,-0.0004084990998644532
A1 one-vs-rest,IND_Y1_Y2,IND_Y1_Y2__y=2,1,
A1 one-vs-rest,IND_Y2_Y3,IND_Y2_Y3__y=2,1,
A1 one-vs-rest,IND_Y3_Y4,IND_Y3_Y4__y=2,1,
A1 one-vs-rest,IND_Y4_Y5,IND_Y4_Y5__y=2,1,
A1 one-vs-rest,IND_Y5_Y6,IND_Y5_Y6__y=2,2,0.0006173744969612505
A1 one-vs-rest,IND_Y6_Y7,IND_Y6_Y7__y=2,1,
A1 one-vs-rest,IND_Y7_Y8,IND_Y7_Y8__y=2,1,
A1 one-vs-rest,IND_Y8_Y9,IND_Y8_Y9__y=2,2,-0.00014673308731558043
A1 one-vs-rest,DISTANCE_1,DISTANCE_1__y=2,2,0.0003532904924690874
A1 one-vs-rest,DISTANCE_2,DISTANCE_2__y=2,1,
A1 one-vs-rest,ALTITUDE_1,ALTITUDE_1__y=2,3,-0.0017315089664003064
A1 one-vs-rest,ALTITUDE_2,ALTITUDE_2__y=2,3,-0.0013893559234988656
A1 one-vs-rest,ALTITUDE_3,ALTITUDE_3__y=2,3,-0.0013197589220452378
A1 one-vs-rest,ALTITUDE_4,ALTITUDE_4__y=2,3,-0.0016316035840855288
A1 one-vs-rest,ALTITUDE_5,ALTITUDE_5__y=2,2,-0.0005844365747522225
A1 one-vs-rest,NBJTX25_MM_A,NBJTX25_MM_A__y=2,2,-0.0017550677280570785
A1 one-vs-rest,NBJTX25_MMAX_A,NBJTX25_MMAX_A__y=2,2,-0.0005286444988722038
A1 one-vs-rest,NBJTX25_MSOM_A,NBJTX25_MSOM_A__y=2,2,-0.0017550677280570785
A1 one-vs-rest,NBJTX0_MM_A,NBJTX0_MM_A__y=2,3,0.0015542835715654454
A1 one-vs-rest,NBJTX0_MMAX_A,NBJTX0_MMAX_A__y=2,2,-0.0003979928517035678
A1 one-vs-rest,NBJTX0_MSOM_A,NBJTX0_MSOM_A__y=2,3,0.0015542835715654454
A1 one-vs-rest,NBJTXI27_MM_A,NBJTXI27_MM_A__y=2,3,0.0014284231516304643
A1 one-vs-rest,NBJTXI27_MMAX_A,NBJTXI27_MMAX_A__y=2,2,0.0008880456474449468
A1 one-vs-rest,NBJTXI27_MSOM_A,NBJTXI27_MSOM_A__y=2,3,0.0014284231516304643
A1 one-vs-rest,NBJTXS32_MM_A,NBJTXS32_MM_A__y=2,3,-0.0010803912788410555
A1 one-vs-rest,NBJTXS32_MMAX_A,NBJTXS32_MMAX_A__y=2,2,-0.0006020814909750647
A1 one-vs-rest,NBJTXS32_MSOM_A,NBJTXS32_MSOM_A__y=2,3,-0.0010803912788410555
A1 one-vs-rest,NBJTXI20_MM_A,NBJTXI20_MM_A__y=2,2,0.0005350097656468451
A1 one-vs-rest,NBJTXI20_MMAX_A,NBJTXI20_MMAX_A__y=2,2,0.000606991839629788
A1 one-vs-rest,NBJTXI20_MSOM_A,NBJTXI20_MSOM_A__y=2,2,0.0005350097656468451
A1 one-vs-rest,NBJTX30_MM_A,NBJTX30_MM_A__y=2,1,
A1 one-vs-rest,NBJTX30_MMAX_A,NBJTX30_MMAX_A__y=2,2,-0.0005644354846221865
A1 one-vs-rest,NBJTX30_MSOM_A,NBJTX30_MSOM_A__y=2,1,
A1 one-vs-rest,NBJTX35_MM_A,NBJTX35_MM_A__y=2,2,-0.000800786933202865
A1 one-vs-rest,NBJTX35_MMAX_A,NBJTX35_MMAX_A__y=2,2,-0.0006519851824882519
A1 one-vs-rest,NBJTX35_MSOM_A,NBJTX35_MSOM_A__y=2,2,-0.000800786933202865
A1 one-vs-rest,NBJTN10_MM_A,NBJTN10_MM_A__y=2,2,0.0007910026088464165
A1 one-vs-rest,NBJTN10_MMAX_A,NBJTN10_MMAX_A__y=2,2,0.0012903305076022726
A1 one-vs-rest,NBJTN10_MSOM_A,NBJTN10_MSOM_A__y=2,2,0.0007910026088464165
A1 one-vs-rest,NBJTNI10_MM_A,NBJTNI10_MM_A__y=2,3,0.0012707654961846755
A1 one-vs-rest,NBJTNI10_MMAX_A,NBJTNI10_MMAX_A__y=2,2,0.001298841778603793
A1 one-vs-rest,NBJTNI10_MSOM_A,NBJTNI10_MSOM_A__y=2,3,0.0012707654961846755
A1 one-vs-rest,NBJTN5_MM_A,NBJTN5_MM_A__y=2,3,0.00019398332360484147
A1 one-vs-rest,NBJTN5_MMAX_A,NBJTN5_MMAX_A__y=2,3,-6.835205327374746e-05
A1 one-vs-rest,NBJTN5_MSOM_A,NBJTN5_MSOM_A__y=2,3,0.00019398332360484147
A1 one-vs-rest,NBJTNS25_MM_A,NBJTNS25_MM_A__y=2,2,-3.1608096155218465e-05
A1 one-vs-rest,NBJTNS25_MMAX_A,NBJTNS25_MMAX_A__y=2,1,
A1 one-vs-rest,NBJTNS25_MSOM_A,NBJTNS25_MSOM_A__y=2,2,-3.1608096155218465e-05
A1 one-vs-rest,NBJTNI15_MM_A,NBJTNI15_MM_A__y=2,2,0.0030946835869715733
A1 one-vs-rest,NBJTNI15_MMAX_A,NBJTNI15_MMAX_A__y=2,1,
A1 one-vs-rest,NBJTNI15_MSOM_A,NBJTNI15_MSOM_A__y=2,2,0.0030946835869715733
A1 one-vs-rest,NBJTNI20_MM_A,NBJTNI20_MM_A__y=2,2,-8.158453357440163e-05
A1 one-vs-rest,NBJTNI20_MMAX_A,NBJTNI20_MMAX_A__y=2,1,
A1 one-vs-rest,NBJTNI20_MSOM_A,NBJTNI20_MSOM_A__y=2,2,-8.158453357440163e-05
A1 one-vs-rest,NBJTNS20_MM_A,NBJTNS20_MM_A__y=2,2,-0.0019584289082686165
A1 one-vs-rest,NBJTNS20_MMAX_A,NBJTNS20_MMAX_A__y=2,2,-0.0015992459974138611
A1 one-vs-rest,NBJTNS20_MSOM_A,NBJTNS20_MSOM_A__y=2,2,-0.0019584289082686165
A1 one-vs-rest,NBJTMS24_MM_A,NBJTMS24_MM_A__y=2,2,-0.0007455364175989791
A1 one-vs-rest,NBJTMS24_MMAX_A,NBJTMS24_MMAX_A__y=2,3,-0.000938394907632359
A1 one-vs-rest,NBJTMS24_MSOM_A,NBJTMS24_MSOM_A__y=2,2,-0.0007455364175989791
A1 one-vs-rest,TAMPLIAB_VOR_MM_A,TAMPLIAB_VOR_MM_A__y=2,2,0.0016170687443828567
A1 one-vs-rest,TAMPLIAB_VOR_MMAX_A,TAMPLIAB_VOR_MMAX_A__y=2,2,0.001406214735853741
A1 one-vs-rest,TAMPLIM_VOR_MM_A,TAMPLIM_VOR_MM_A__y=2,3,-0.00012555761510127316
A1 one-vs-rest,TAMPLIM_VOR_MMAX_A,TAMPLIM_VOR_MMAX_A__y=2,2,0.0005077664238513806
A1 one-vs-rest,TM_VOR_MM_A,TM_VOR_MM_A__y=2,1,
A1 one-vs-rest,TM_VOR_MMAX_A,TM_VOR_MMAX_A__y=2,2,-5.7032790300785445e-05
A1 one-vs-rest,TMM_VOR_MM_A,TMM_VOR_MM_A__y=2,2,-0.0005396655036305827
A1 one-vs-rest,TMM_VOR_MMAX_A,TMM_VOR_MMAX_A__y=2,2,0.0003520538120671571
A1 one-vs-rest,TMMAX_VOR_MM_A,TMMAX_VOR_MM_A__y=2,2,-0.0002661772700389974
A1 one-vs-rest,TMMAX_VOR_MMAX_A,TMMAX_VOR_MMAX_A__y=2,2,-0.0006814836473695893
A1 one-vs-rest,TMMIN_VOR_MM_A,TMMIN_VOR_MM_A__y=2,3,-0.0011366174989091114
A1 one-vs-rest,TMMIN_VOR_MMAX_A,TMMIN_VOR_MMAX_A__y=2,1,
A1 one-vs-rest,TN_VOR_MM_A,TN_VOR_MM_A__y=2,3,-0.0015363989905763534
A1 one-vs-rest,TN_VOR_MMAX_A,TN_VOR_MMAX_A__y=2,2,-0.0005204242114946672
A1 one-vs-rest,TNAB_VOR_MM_A,TNAB_VOR_MM_A__y=2,3,-0.001555658469188768
A1 one-vs-rest,TNAB_VOR_MMAX_A,TNAB_VOR_MMAX_A__y=2,3,-0.0013804954207888907
A1 one-vs-rest,TNMAX_VOR_MM_A,TNMAX_VOR_MM_A__y=2,2,0.0005882961417888417
A1 one-vs-rest,TNMAX_VOR_MMAX_A,TNMAX_VOR_MMAX_A__y=2,3,-0.0007737045417244165
A1 one-vs-rest,TX_VOR_MM_A,TX_VOR_MM_A__y=2,2,-0.0015685835980365893
A1 one-vs-rest,TX_VOR_MMAX_A,TX_VOR_MMAX_A__y=2,2,0.00021085400852911558
A1 one-vs-rest,TXAB_VOR_MM_A,TXAB_VOR_MM_A__y=2,1,
A1 one-vs-rest,TXAB_VOR_MMAX_A,TXAB_VOR_MMAX_A__y=2,1,
A1 one-vs-rest,TXMIN_VOR_MM_A,TXMIN_VOR_MM_A__y=2,3,-0.0005961817979987972
A1 one-vs-rest,TXMIN_VOR_MMAX_A,TXMIN_VOR_MMAX_A__y=2,1,
A1 one-vs-rest,NBJFF10_MM_A,NBJFF10_MM_A__y=2,2,0.00034292420086467167
A1 one-vs-rest,NBJFF10_MMAX_A,NBJFF10_MMAX_A__y=2,2,0.0005603980868394141
A1 one-vs-rest,NBJFF10_MSOM_A,NBJFF10_MSOM_A__y=2,2,0.00034292420086467167
A1 one-vs-rest,NBJFF16_MM_A,NBJFF16_MM_A__y=2,2,0.00023860657166655135
A1 one-vs-rest,NBJFF16_MMAX_A,NBJFF16_MMAX_A__y=2,2,0.0018636046198029612
A1 one-vs-rest,NBJFF16_MSOM_A,NBJFF16_MSOM_A__y=2,2,0.00023860657166655135
A1 one-vs-rest,NBJFF28_MM_A,NBJFF28_MM_A__y=2,2,0.0001997238849117429
A1 one-vs-rest,NBJFF28_MMAX_A,NBJFF28_MMAX_A__y=2,1,
A1 one-vs-rest,NBJFF28_MSOM_A,NBJFF28_MSOM_A__y=2,2,0.0001997238849117429
A1 one-vs-rest,NBJFXI3S10_MM_A,NBJFXI3S10_MM_A__y=2,2,0.00022918597684008232
A1 one-vs-rest,NBJFXI3S10_MMAX_A,NBJFXI3S10_MMAX_A__y=2,2,-1.6113218178091807e-05
A1 one-vs-rest,NBJFXI3S10_MSOM_A,NBJFXI3S10_MSOM_A__y=2,2,0.00022918597684008232
A1 one-vs-rest,NBJFXI3S16_MM_A,NBJFXI3S16_MM_A__y=2,2,0.00012148566301315267
A1 one-vs-rest,NBJFXI3S16_MMAX_A,NBJFXI3S16_MMAX_A__y=2,2,0.0014573914807218566
A1 one-vs-rest,NBJFXI3S16_MSOM_A,NBJFXI3S16_MSOM_A__y=2,2,0.00012148566301315267
A1 one-vs-rest,NBJFXI3S28_MM_A,NBJFXI3S28_MM_A__y=2,3,-0.001741362399367451
A1 one-vs-rest,NBJFXI3S28_MMAX_A,NBJFXI3S28_MMAX_A__y=2,1,
A1 one-vs-rest,NBJFXI3S28_MSOM_A,NBJFXI3S28_MSOM_A__y=2,3,-0.001741362399367451
A1 one-vs-rest,NBJFXY8_MM_A,NBJFXY8_MM_A__y=2,2,0.000250500527296881
A1 one-vs-rest,NBJFXY8_MMAX_A,NBJFXY8_MMAX_A__y=2,2,0.0023347798529384043
A1 one-vs-rest,NBJFXY8_MSOM_A,NBJFXY8_MSOM_A__y=2,2,0.000250500527296881
A1 one-vs-rest,NBJFXY10_MM_A,NBJFXY10_MM_A__y=2,1,
A1 one-vs-rest,NBJFXY10_MMAX_A,NBJFXY10_MMAX_A__y=2,2,0.001452844861597113
A1 one-vs-rest,NBJFXY10_MSOM_A,NBJFXY10_MSOM_A__y=2,1,
A1 one-vs-rest,NBJFXY15_MM_A,NBJFXY15_MM_A__y=2,2,-0.00015382121822833013
A1 one-vs-rest,NBJFXY15_MMAX_A,NBJFXY15_MMAX_A__y=2,2,0.001253921181651325
A1 one-vs-rest,NBJFXY15_MSOM_A,NBJFXY15_MSOM_A__y=2,2,-0.00015382121822833013
A1 one-vs-rest,FFM_VOR_MM_A,FFM_VOR_MM_A__y=2,3,0.002165297350472982
A1 one-vs-rest,FFM_VOR_MMAX_A,FFM_VOR_MMAX_A__y=2,3,0.0018173855084284661
A1 one-vs-rest,FXI3SAB_VOR_MM_A,FXI3SAB_VOR_MM_A__y=2,2,1.6076845225093857e-05
A1 one-vs-rest,FXI3SAB_VOR_MMAX_A,FXI3SAB_VOR_MMAX_A__y=2,3,0.00011785927959925706
A1 one-vs-rest,FXIAB_VOR_MM_A,FXIAB_VOR_MM_A__y=2,1,
A1 one-vs-rest,FXIAB_VOR_MMAX_A,FXIAB_VOR_MMAX_A__y=2,2,0.0020519073974733476
A1 one-vs-rest,FXYAB_VOR_MM_A,FXYAB_VOR_MM_A__y=2,2,0.00011479303966152989
A1 one-vs-rest,FXYAB_VOR_MMAX_A,FXYAB_VOR_MMAX_A__y=2,2,0.00011479303966152989
A1 one-vs-rest,FFM_VOR_COM_MM_A_Y,FFM_VOR_COM_MM_A_Y__y=2,2,0.002227868713086053
A1 one-vs-rest,FFM_VOR_COM_MMAX_A_Y,FFM_VOR_COM_MMAX_A_Y__y=2,2,0.0019229475314034258
A1 one-vs-rest,FXI3SAB_VOR_COM_MM_A_Y,FXI3SAB_VOR_COM_MM_A_Y__y=2,2,-0.0010428459700433054
A1 one-vs-rest,FXI3SAB_VOR_COM_MMAX_A_Y,FXI3SAB_VOR_COM_MMAX_A_Y__y=2,2,-0.0010402781100679087
A1 one-vs-rest,NBJRR50_MM_A,NBJRR50_MM_A__y=2,2,-0.0013106266153751287
A1 one-vs-rest,NBJRR50_MMAX_A,NBJRR50_MMAX_A__y=2,2,-0.002200018062081
A1 one-vs-rest,NBJRR50_MSOM_A,NBJRR50_MSOM_A__y=2,2,-0.0013106266153751287
A1 one-vs-rest,NBJRR1_MM_A,NBJRR1_MM_A__y=2,1,
A1 one-vs-rest,NBJRR1_MMAX_A,NBJRR1_MMAX_A__y=2,1,
A1 one-vs-rest,NBJRR1_MSOM_A,NBJRR1_MSOM_A__y=2,1,
A1 one-vs-rest,NBJRR5_MM_A,NBJRR5_MM_A__y=2,2,-0.0015618546017319686
A1 one-vs-rest,NBJRR5_MMAX_A,NBJRR5_MMAX_A__y=2,2,7.32551273378711e-05
A1 one-vs-rest,NBJRR5_MSOM_A,NBJRR5_MSOM_A__y=2,2,-0.0015618546017319686
A1 one-vs-rest,NBJRR10_MM_A,NBJRR10_MM_A__y=2,3,-0.002054511700908001
A1 one-vs-rest,NBJRR10_MMAX_A,NBJRR10_MMAX_A__y=2,2,-0.0010906429956435279
A1 one-vs-rest,NBJRR10_MSOM_A,NBJRR10_MSOM_A__y=2,3,-0.002054511700908001
A1 one-vs-rest,NBJRR30_MM_A,NBJRR30_MM_A__y=2,2,-0.0018199207032524234
A1 one-vs-rest,NBJRR30_MMAX_A,NBJRR30_MMAX_A__y=2,2,-0.0017465928300085562
A1 one-vs-rest,NBJRR30_MSOM_A,NBJRR30_MSOM_A__y=2,2,-0.0018199207032524234
A1 one-vs-rest,NBJRR100_MM_A,NBJRR100_MM_A__y=2,1,
A1 one-vs-rest,NBJRR100_MMAX_A,NBJRR100_MMAX_A__y=2,1,
A1 one-vs-rest,NBJRR100_MSOM_A,NBJRR100_MSOM_A__y=2,1,
A1 one-vs-rest,RR_VOR_MM_A,RR_VOR_MM_A__y=2,1,
A1 one-vs-rest,RR_VOR_MMAX_A,RR_VOR_MMAX_A__y=2,3,-0.002010995099941254
A1 one-vs-rest,RRAB_VOR_MM_A,RRAB_VOR_MM_A__y=2,3,-0.000995966017637514
A1 one-vs-rest,RRAB_VOR_MMAX_A,RRAB_VOR_MMAX_A__y=2,2,-0.0017037454913769712
A1 one-vs-rest,TAILLE1,TAILLE1__y=2,2,0.004031365705603153
A1 one-vs-rest,TAILLE2,TAILLE2__y=2,2,0.003621235362588867
A1 one-vs-rest,CARACT4,CARACT4__y=2,2,0.001110547296902971
A1 one-vs-rest,SURFACE4,SURFACE4__y=2,2,0.0043215136886786635
A1 one-vs-rest,SURFACE6,SURFACE6__y=2,2,0.0043215136886786635
A1 one-vs-rest,total_surface_2023,total_surface_2023__y=2,3,0.00047100272689646586
A1 one-vs-rest,total_surface_5y,total_surface_5y__y=2,2,5.2262680181303224e-05
A1 one-vs-rest,surface_over_forest,surface_over_forest__y=2,2,0.0005615812133009532
A1 one-vs-rest,fire_extinction_rates,fire_extinction_rates__y=2,2,0.0003484409725085031
A2 multiclass,ACTIVIT2,ACTIVIT2,2,-0.0021363236947850753
A2 multiclass,VOCATION,VOCATION,2,0.006136636773437002
A2 multiclass,ADOSS,ADOSS,2,-0.00012123001012877896
A2 multiclass,CARACT1,CARACT1,2,-0.0003178012277487004
A2 multiclass,CARACT3,CARACT3,1,
A2 multiclass,INDEM1,INDEM1,2,0.0005683739754465337
A2 multiclass,INDEM2,INDEM2,2,0.0021959549518598596
A2 multiclass,FRCH1,FRCH1,3,-0.00020563446287243483
A2 multiclass,FRCH2,FRCH2,2,0.0006310446612896972
A2 multiclass,DEROG2,DEROG2,2,0.0008172801883524487
A2 multiclass,DEROG3,DEROG3,2,-0.0004964954617223806
A2 multiclass,DEROG4,DEROG4,2,0.0017413037818497343
A2 multiclass,DEROG5,DEROG5,2,0.0014639788701714927
A2 multiclass,DEROG8,DEROG8,2,-0.0004926831972529222
A2 multiclass,DEROG12,DEROG12,2,-0.004072220922850747
A2 multiclass,KAPITAL34,KAPITAL34,2,3.65977389068012e-05
A2 multiclass,KAPITAL35,KAPITAL35,2,0.0007106060971070566
A2 multiclass,KAPITAL37,KAPITAL37,2,0.0013651372495633515
A2 multiclass,KAPITAL40,KAPITAL40,2,0.006659332889149479
A2 multiclass,KAPITAL41,KAPITAL41,2,0.004232445327892225
A2 multiclass,KAPITAL42,KAPITAL42,2,0.001838620496670092
A2 multiclass,KAPITAL43,KAPITAL43,2,0.0023340069360013576
A2 multiclass,RISK6,RISK6,2,0.0014591390015462667
A2 multiclass,RISK8,RISK8,2,-0.0006092704084860593
A2 multiclass,RISK9,RISK9,2,0.00048503786729686265
A2 multiclass,RISK10,RISK10,2,-0.0024253854153987817
A2 multiclass,RISK11,RISK11,2,0.0037322069155998304
A2 multiclass,RISK12,RISK12,2,-0.0008436599524354784
A2 multiclass,RISK13,RISK13,2,-0.0009951641181154853
A2 multiclass,EQUIPEMENT2,EQUIPEMENT2,2,0.001109553595607904
A2 multiclass,EQUIPEMENT5,EQUIPEMENT5,1,
A2 multiclass,ESPINSEE,ESPINSEE,1,
A2 multiclass,AN_EXERC,AN_EXERC,2,-0.0033141747880488493
A2 multiclass,ZONE,ZONE,2,0.0021083901933088615
A2 multiclass,ZONE_REGION,ZONE_REGION,2,0.0019938836314262183
A2 multiclass,LOG_AVA1_num,LOG_AVA1_num,2,-0.00013873490642388287
A2 multiclass,LOG_A1_A2_num,LOG_A1_A2_num,2,0.0004285238082421473
A2 multiclass,LOG_A2_A3_num,LOG_A2_A3_num,2,-0.0002983654542600932
A2 multiclass,LOG_APA3_num,LOG_APA3_num,2,-0.00020570673117234313
A2 multiclass,LOG_INC_num,LOG_INC_num,1,
A2 multiclass,LOG_SOC_num,LOG_SOC_num,2,1.0075367431662913e-05
A2 multiclass,LOG_TOT,LOG_TOT,3,-0.0006304019222951881
A2 multiclass,LOG_AVA1_num_LOG_TOT,LOG_AVA1_num_LOG_TOT,2,0.0001352196676639415
A2 multiclass,LOG_A1_A2_num_LOG_TOT,LOG_A1_A2_num_LOG_TOT,2,-0.0001298050297276938
A2 multiclass,LOG_A2_A3_num_LOG_TOT,LOG_A2_A3_num_LOG_TOT,3,-0.0005090665475438319
A2 multiclass,LOG_APA3_num_LOG_TOT,LOG_APA3_num_LOG_TOT,3,-0.0005478028133283969
A2 multiclass,LOG_INC_num_LOG_TOT,LOG_INC_num_LOG_TOT,3,-0.0006304019222951881
A2 multiclass,LOG_SOC_num_LOG_TOT,LOG_SOC_num_LOG_TOT,2,-0.0002145825965175472
A2 multiclass,LOG_REGION,LOG_REGION,2,0.0012493343091614126
A2 multiclass,LOG_VETUSTE_REGION,LOG_VETUSTE_REGION,1,
A2 multiclass,MEN_PAUV_num,MEN_PAUV_num,2,0.00013319424200200345
A2 multiclass,MEN_1IND_num,MEN_1IND_num,2,0.00040329825685918785
A2 multiclass,MEN_5IND_num,MEN_5IND_num,2,-0.00041108714376581845
A2 multiclass,MEN_PROP_num,MEN_PROP_num,2,-1.9718013719598215e-05
A2 multiclass,MEN_FMP_num,MEN_FMP_num,2,-3.301443828959011e-06
A2 multiclass,MEN_COLL_num,MEN_COLL_num,2,-0.00033745842000845516
A2 multiclass,MEN_MAIS_num,MEN_MAIS_num,2,-0.0004200049918334891
A2 multiclass,MEN_num,MEN_num,1,
A2 multiclass,MEN_TOT,MEN_TOT,2,6.955000986277406e-05
A2 multiclass,MEN_PAUV_MEN_TOT,MEN_PAUV_MEN_TOT,3,0.00031425287694001567
A2 multiclass,MEN_PAUV_MEN,MEN_PAUV_MEN,2,0.00018360033530876824
A2 multiclass,MEN_1IND_MEN_TOT,MEN_1IND_MEN_TOT,2,-0.0005537691892476026
A2 multiclass,MEN_1IND_MEN,MEN_1IND_MEN,2,0.00040329825685918785
A2 multiclass,MEN_5IND_MEN_TOT,MEN_5IND_MEN_TOT,2,-7.952139673027492e-05
A2 multiclass,MEN_5IND_MEN,MEN_5IND_MEN,2,-0.0003162949723141603
A2 multiclass,MEN_PROP_MEN_TOT,MEN_PROP_MEN_TOT,2,0.0003359827257959308
A2 multiclass,MEN_FMP_MEN_TOT,MEN_FMP_MEN_TOT,2,-1.0073786764236402e-05
A2 multiclass,MEN_FMP_MEN,MEN_FMP_MEN,1,
A2 multiclass,MEN_COLL_MEN_TOT,MEN_COLL_MEN_TOT,2,-0.0006018963530217897
A2 multiclass,MEN_COLL_MEN,MEN_COLL_MEN,2,-0.0001516143631608511
A2 multiclass,MEN_MAIS_MEN_TOT,MEN_MAIS_MEN_TOT,2,-0.0006018963530217897
A2 multiclass,MEN_MAIS_MEN,MEN_MAIS_MEN,2,-0.00017974332643139453
A2 multiclass,MEN_MEN_TOT,MEN_MEN_TOT,2,8.78063360676929e-05
A2 multiclass,MEN_REGION,MEN_REGION,1,
A2 multiclass,IND_num,IND_num,1,
A2 multiclass,IND_0_Y1_num,IND_0_Y1_num,1,
A2 multiclass,IND_Y1_Y2_num,IND_Y1_Y2_num,1,
A2 multiclass,IND_Y2_Y3_num,IND_Y2_Y3_num,1,
A2 multiclass,IND_Y3_Y4_num,IND_Y3_Y4_num,2,0.0005875827359470996
A2 multiclass,IND_Y4_Y5_num,IND_Y4_Y5_num,1,
A2 multiclass,IND_Y5_Y6_num,IND_Y5_Y6_num,2,0.000530193425052564
A2 multiclass,IND_Y8_Y9_num,IND_Y8_Y9_num,2,0.0005815807245688899
A2 multiclass,IND_Y9_num,IND_Y9_num,2,0.0003916565602489595
A2 multiclass,IND_INC_num,IND_INC_num,1,
A2 multiclass,IND_SNV_num,IND_SNV_num,2,0.0002854679937394633
A2 multiclass,IND_IND_SNV,IND_IND_SNV,2,0.00032115824437576934
A2 multiclass,IND_0_Y1_IND,IND_0_Y1_IND,1,
A2 multiclass,IND_0_Y1_IND_SNV,IND_0_Y1_IND_SNV,2,0.0002854679937394633
A2 multiclass,IND_Y1_Y2_IND,IND_Y1_Y2_IND,1,
A2 multiclass,IND_Y1_Y2_IND_SNV,IND_Y1_Y2_IND_SNV,2,0.0002854679937394633
A2 multiclass,IND_Y2_Y3_IND,IND_Y2_Y3_IND,1,
A2 multiclass,IND_Y2_Y3_IND_SNV,IND_Y2_Y3_IND_SNV,2,0.0002770309706210125
A2 multiclass,IND_Y3_Y4_IND_TOT,IND_Y3_Y4_IND_TOT,3,0.0005473600327739678
A2 multiclass,IND_Y3_Y4_IND,IND_Y3_Y4_IND,2,-0.0005894168714076324
A2 multiclass,IND_Y3_Y4_IND_SNV,IND_Y3_Y4_IND_SNV,3,-0.0002088731466238396
A2 multiclass,IND_Y4_Y5_IND_TOT,IND_Y4_Y5_IND_TOT,2,-0.0001087766104108615
A2 multiclass,IND_Y4_Y5_IND,IND_Y4_Y5_IND,1,
A2 multiclass,IND_Y4_Y5_IND_SNV,IND_Y4_Y5_IND_SNV,2,0.00023158717018599591
A2 multiclass,IND_Y5_Y6_IND_TOT,IND_Y5_Y6_IND_TOT,3,0.0006656342016846004
A2 multiclass,IND_Y5_Y6_IND,IND_Y5_Y6_IND,3,0.0008049986779184023
A2 multiclass,IND_Y5_Y6_IND_SNV,IND_Y5_Y6_IND_SNV,4,0.0007865509884658228
A2 multiclass,IND_Y6_Y7_IND_TOT,IND_Y6_Y7_IND_TOT,2,0.0001357687830656225
A2 multiclass,IND_Y6_Y7_IND_SNV,IND_Y6_Y7_IND_SNV,3,0.0003953237059335462
A2 multiclass,IND_Y7_Y8_IND,IND_Y7_Y8_IND,1,
A2 multiclass,IND_Y7_Y8_IND_SNV,IND_Y7_Y8_IND_SNV,2,0.00020411789726420063
A2 multiclass,IND_Y8_Y9_IND_TOT,IND_Y8_Y9_IND_TOT,3,0.0004947541021510425
A2 multiclass,IND_Y8_Y9_IND,IND_Y8_Y9_IND,2,0.0006661017374415644
A2 multiclass,IND_Y8_Y9_IND_SNV,IND_Y8_Y9_IND_SNV,2,0.0006519800196319409
A2 multiclass,IND_Y9_IND_TOT,IND_Y9_IND_TOT,2,0.00048236862422829134
A2 multiclass,IND_Y9_IND,IND_Y9_IND,2,0.0003883551164200005
A2 multiclass,IND_Y9_IND_SNV,IND_Y9_IND_SNV,2,0.0006055932710276442
A2 multiclass,IND_INC_IND,IND_INC_IND,1,
A2 multiclass,IND_INC_IND_SNV,IND_INC_IND_SNV,2,0.0002854679937394633
A2 multiclass,IND_SNV_IND_TOT,IND_SNV_IND_TOT,2,0.0005115820136923111
A2 multiclass,IND_SNV_IND,IND_SNV_IND,2,0.00032115824437576934
A2 multiclass,IND_REGION,IND_REGION,3,0.0011038828661952475
A2 multiclass,IND_SNV_REGION,IND_SNV_REGION,2,0.002046910927265291
A2 multiclass,ALTITUDE_1_num,ALTITUDE_1_num,2,0.0021572070964024125
A2 multiclass,ALTITUDE_2_num,ALTITUDE_2_num,2,0.0018888174524591956
A2 multiclass,ALTITUDE_3_num,ALTITUDE_3_num,2,0.0018076406424016767
A2 multiclass,ALTITUDE_4_num,ALTITUDE_4_num,2,0.0022480446973875694
A2 multiclass,ALTITUDE_5_num,ALTITUDE_5_num,2,0.0016149056373575678
A2 multiclass,ALTITUDE_TOT,ALTITUDE_TOT,2,0.0018310628914257573
A2 multiclass,ALTITUDE_1_ALT_TOT,ALTITUDE_1_ALT_TOT,2,0.0018310628914257573
A2 multiclass,ALTITUDE_2_ALT_TOT,ALTITUDE_2_ALT_TOT,2,0.0018310628914257573
A2 multiclass,ALTITUDE_3_ALT_TOT,ALTITUDE_3_ALT_TOT,2,0.0018310628914257573
A2 multiclass,ALTITUDE_4_ALT_TOT,ALTITUDE_4_ALT_TOT,2,0.0018310628914257573
A2 multiclass,ALTITUDE_5_ALT_TOT,ALTITUDE_5_ALT_TOT,2,0.0018310628914257573
A2 multiclass,ALTITUDE_REGION,ALTITUDE_REGION,3,-0.0013811975546481451
A2 multiclass,NBJTX25_MM_A_NBJTX25_MMAX_A,NBJTX25_MM_A_NBJTX25_MMAX_A,2,0.00166686331703705
A2 multiclass,NBJTX0_MM_A_NBJTX0_MMAX_A,NBJTX0_MM_A_NBJTX0_MMAX_A,2,-0.0020280103673536946
A2 multiclass,NBJTXI27_MM_A_NBJTXI27_MMAX_A,NBJTXI27_MM_A_NBJTXI27_MMAX_A,3,0.0014373081547240385
A2 multiclass,NBJTXS32_MM_A_NBJTXS32_MMAX_A,NBJTXS32_MM_A_NBJTXS32_MMAX_A,2,0.00033244879040126207
A2 multiclass,NBJTXI20_MM_A_NBJTXI20_MMAX_A,NBJTXI20_MM_A_NBJTXI20_MMAX_A,2,0.0009152162433344154
A2 multiclass,NBJTX30_MM_A_NBJTX30_MMAX_A,NBJTX30_MM_A_NBJTX30_MMAX_A,2,0.0007821639812679147
A2 multiclass,NBJTX35_MM_A_NBJTX35_MMAX_A,NBJTX35_MM_A_NBJTX35_MMAX_A,3,0.00042182077321252477
A2 multiclass,NBJTN10_MM_A_NBJTN10_MMAX_A,NBJTN10_MM_A_NBJTN10_MMAX_A,2,-0.0020730764561181546
A2 multiclass,NBJTNI10_MM_A_NBJTNI10_MMAX_A,NBJTNI10_MM_A_NBJTNI10_MMAX_A,2,0.002184523184103873
A2 multiclass,NBJTN5_MM_A_NBJTN5_MMAX_A,NBJTN5_MM_A_NBJTN5_MMAX_A,3,-0.0010981176374846066
A2 multiclass,NBJTNS25_MM_A_NBJTNS25_MMAX_A,NBJTNS25_MM_A_NBJTNS25_MMAX_A,1,
A2 multiclass,NBJTNI15_MM_A_NBJTNI15_MMAX_A,NBJTNI15_MM_A_NBJTNI15_MMAX_A,3,0.0028256110298739393
A2 multiclass,NBJTNI20_MM_A_NBJTNI20_MMAX_A,NBJTNI20_MM_A_NBJTNI20_MMAX_A,3,0.0008471879093423497
A2 multiclass,NBJTNS20_MM_A_NBJTNS20_MMAX_A,NBJTNS20_MM_A_NBJTNS20_MMAX_A,2,0.0022633797462034283
A2 multiclass,NBJTMS24_MM_A_NBJTMS24_MMAX_A,NBJTMS24_MM_A_NBJTMS24_MMAX_A,2,0.001187722407195056
A2 multiclass,TAMPLIAB_VOR_MM_A_TAMPLIAB_VOR_MMAX_A,TAMPLIAB_VOR_MM_A_TAMPLIAB_VOR_MMAX_A,2,0.002033575429162381
A2 multiclass,TAMPLIM_VOR_MM_A_TAMPLIM_VOR_MMAX_A,TAMPLIM_VOR_MM_A_TAMPLIM_VOR_MMAX_A,2,0.0016139406704250329
A2 multiclass,TM_VOR_MM_A_TM_VOR_MMAX_A,TM_VOR_MM_A_TM_VOR_MMAX_A,2,0.002370388973923397
A2 multiclass,TMM_VOR_MM_A_TMM_VOR_MMAX_A,TMM_VOR_MM_A_TMM_VOR_MMAX_A,2,0.0013420528467653575
A2 multiclass,TMMAX_VOR_MM_A_TMMAX_VOR_MMAX_A,TMMAX_VOR_MM_A_TMMAX_VOR_MMAX_A,2,0.0016621712061003146
A2 multiclass,TMMIN_VOR_MM_A_TMMIN_VOR_MMAX_A,TMMIN_VOR_MM_A_TMMIN_VOR_MMAX_A,3,-0.0016951014590970085
A2 multiclass,TN_VOR_MM_A_TN_VOR_MMAX_A,TN_VOR_MM_A_TN_VOR_MMAX_A,2,-0.0011055195334196892
A2 multiclass,TNAB_VOR_MM_A_TNAB_VOR_MMAX_A,TNAB_VOR_MM_A_TNAB_VOR_MMAX_A,2,-0.003055218932968798
A2 multiclass,TNMAX_VOR_MM_A_TNMAX_VOR_MMAX_A,TNMAX_VOR_MM_A_TNMAX_VOR_MMAX_A,3,0.0007482225601778777
A2 multiclass,TX_VOR_MM_A_TX_VOR_MMAX_A,TX_VOR_MM_A_TX_VOR_MMAX_A,2,0.0008235927747325796
A2 multiclass,TXAB_VOR_MM_A_TXAB_VOR_MMAX_A,TXAB_VOR_MM_A_TXAB_VOR_MMAX_A,2,-0.0031179986498432594
A2 multiclass,TXMIN_VOR_MM_A_TXMIN_VOR_MMAX_A,TXMIN_VOR_MM_A_TXMIN_VOR_MMAX_A,3,-0.0014121835374407046
A2 multiclass,NBJFF10_MM_A_NBJFF10_MMAX_A,NBJFF10_MM_A_NBJFF10_MMAX_A,2,0.0011428381831955858
A2 multiclass,NBJFF16_MM_A_NBJFF16_MMAX_A,NBJFF16_MM_A_NBJFF16_MMAX_A,2,-0.002212239374288311
A2 multiclass,NBJFF28_MM_A_NBJFF28_MMAX_A,NBJFF28_MM_A_NBJFF28_MMAX_A,2,0.0022272614038764643
A2 multiclass,NBJFXI3S10_MM_A_NBJFXI3S10_MMAX_A,NBJFXI3S10_MM_A_NBJFXI3S10_MMAX_A,2,-0.0034677973388245434
A2 multiclass,NBJFXI3S16_MM_A_NBJFXI3S16_MMAX_A,NBJFXI3S16_MM_A_NBJFXI3S16_MMAX_A,2,-0.0022284617113253967
A2 multiclass,NBJFXI3S28_MM_A_NBJFXI3S28_MMAX_A,NBJFXI3S28_MM_A_NBJFXI3S28_MMAX_A,2,-0.003547454105890054
A2 multiclass,NBJFXY8_MM_A_NBJFXY8_MMAX_A,NBJFXY8_MM_A_NBJFXY8_MMAX_A,2,0.0024028700209505665
A2 multiclass,NBJFXY10_MM_A_NBJFXY10_MMAX_A,NBJFXY10_MM_A_NBJFXY10_MMAX_A,2,-0.0009591183976029409
A2 multiclass,NBJFXY15_MM_A_NBJFXY15_MMAX_A,NBJFXY15_MM_A_NBJFXY15_MMAX_A,2,-0.0019888730699279007
A2 multiclass,FFM_VOR_MM_A_FFM_VOR_MMAX_A,FFM_VOR_MM_A_FFM_VOR_MMAX_A,2,0.0003246649784597008
A2 multiclass,FXI3SAB_VOR_MM_A_FXI3SAB_VOR_MMAX_A,FXI3SAB_VOR_MM_A_FXI3SAB_VOR_MMAX_A,2,0.0006499846700733647
A2 multiclass,FXIAB_VOR_MM_A_FXIAB_VOR_MMAX_A,FXIAB_VOR_MM_A_FXIAB_VOR_MMAX_A,2,-0.002142439677485245
A2 multiclass,FXYAB_VOR_MM_A_FXYAB_VOR_MMAX_A,FXYAB_VOR_MM_A_FXYAB_VOR_MMAX_A,2,0.0018419627127691809
A2 multiclass,FFM_VOR_COM_MM_A_Y_FFM_VOR_COM_MMAX_A_Y,FFM_VOR_COM_MM_A_Y_FFM_VOR_COM_MMAX_A_Y,2,0.0016349458688224923
A2 multiclass,FXI3SAB_VOR_COM_MM_A_Y_FXI3SAB_VOR_COM_MMAX_A_Y,FXI3SAB_VOR_COM_MM_A_Y_FXI3SAB_VOR_COM_MMAX_A_Y,2,0.00104357964432199
A2 multiclass,NBJRR50_MM_A_NBJRR50_MMAX_A,NBJRR50_MM_A_NBJRR50_MMAX_A,2,0.0024877644932477815
A2 multiclass,NBJRR1_MM_A_NBJRR1_MMAX_A,NBJRR1_MM_A_NBJRR1_MMAX_A,2,0.0017556496953050457
A2 multiclass,NBJRR5_MM_A_NBJRR5_MMAX_A,NBJRR5_MM_A_NBJRR5_MMAX_A,2,-0.0008932833526766516
A2 multiclass,NBJRR10_MM_A_NBJRR10_MMAX_A,NBJRR10_MM_A_NBJRR10_MMAX_A,2,0.001808535968964065
A2 multiclass,NBJRR30_MM_A_NBJRR30_MMAX_A,NBJRR30_MM_A_NBJRR30_MMAX_A,2,0.0014494621769683036
A2 multiclass,NBJRR100_MM_A_NBJRR100_MMAX_A,NBJRR100_MM_A_NBJRR100_MMAX_A,2,0.0009889442190612599
A2 multiclass,RR_VOR_MM_A_RR_VOR_MMAX_A,RR_VOR_MM_A_RR_VOR_MMAX_A,2,0.002061691721829796
A2 multiclass,RRAB_VOR_MM_A_RRAB_VOR_MMAX_A,RRAB_VOR_MM_A_RRAB_VOR_MMAX_A,2,0.0020308474576875347
A2 multiclass,total_surface_crossed,total_surface_crossed,2,-0.0010951596112262478
A2 multiclass,nb_casernes_extinction_rate,nb_casernes_extinction_rate,2,-0.0006132718847593471
A2 multiclass,zone_vent_extinction_rate,zone_vent_extinction_rate,3,-0.0013510435932299377
A2 multiclass,VENT_x_CASERNES,VENT_x_CASERNES,2,0.001523637706557682
A2 multiclass,TYPERS,TYPERS,2,0.005349716073041332
A2 multiclass,NB_CASERNES,NB_CASERNES,2,8.791472609289964e-05
A2 multiclass,BDTOPO_BAT_MAX_HAUTEUR,BDTOPO_BAT_MAX_HAUTEUR,2,0.0037372844643260637
A2 multiclass,HAUTEUR_MAX,HAUTEUR_MAX,2,0.0036119401789380737
A2 multiclass,HAUTEUR,HAUTEUR,3,0.002043946336726956
A2 multiclass,BDTOPO_BAT_MAX_HAUTEUR_MAX,BDTOPO_BAT_MAX_HAUTEUR_MAX,2,0.0021827643455442462
A2 multiclass,MEN_SURF,MEN_SURF,2,-0.0003532837458470644
A2 multiclass,IND_SNV,IND_SNV,2,-0.0002854679937394633
A2 multiclass,IND_INC,IND_INC,1,
A2 multiclass,IND_Y9,IND_Y9,2,-0.0003916565602489595
A2 multiclass,IND_0_Y1,IND_0_Y1,1,
A2 multiclass,IND,IND,1,
A2 multiclass,LOG_SOC,LOG_SOC,2,-1.0075367431662913e-05
A2 multiclass,LOG_INC,LOG_INC,1,
A2 multiclass,LOG_APA3,LOG_APA3,2,-0.00020570673117234313
A2 multiclass,LOG_AVA1,LOG_AVA1,2,0.00013029788330543206
A2 multiclass,MEN_MAIS,MEN_MAIS,2,4.5585283260605914e-05
A2 multiclass,MEN_COLL,MEN_COLL,2,-0.00012825895480574775
A2 multiclass,MEN_FMP,MEN_FMP,2,0.0006003879270764634
A2 multiclass,MEN_PROP,MEN_PROP,2,0.00014575485521001026
A2 multiclass,MEN_PAUV,MEN_PAUV,2,-0.00013319424200200345
A2 multiclass,MEN,MEN,1,
A2 multiclass,COEFASS,COEFASS,4,0.0007432575306947379
A2 multiclass,DISTANCE_111,DISTANCE_111,2,-0.00041530637733059195
A2 multiclass,DISTANCE_112,DISTANCE_112,2,-0.0002881465336497591
A2 multiclass,DISTANCE_121,DISTANCE_121,2,-0.0005881870229298478
A2 multiclass,DISTANCE_122,DISTANCE_122,2,-0.0005977531095683087
A2 multiclass,DISTANCE_123,DISTANCE_123,2,-0.0004242541237680876
A2 multiclass,DISTANCE_124,DISTANCE_124,1,
A2 multiclass,DISTANCE_131,DISTANCE_131,2,0.0012869114500204655
A2 multiclass,DISTANCE_132,DISTANCE_132,2,-0.001119414001464906
A2 multiclass,DISTANCE_133,DISTANCE_133,2,-0.0012177664663713627
A2 multiclass,DISTANCE_141,DISTANCE_141,2,0.0001826649699557044
A2 multiclass,DISTANCE_142,DISTANCE_142,2,0.0001287966265657406
A2 multiclass,DISTANCE_211,DISTANCE_211,2,-0.0007089088539300436
A2 multiclass,DISTANCE_212,DISTANCE_212,2,0.0024015605946426403
A2 multiclass,DISTANCE_213,DISTANCE_213,3,0.0013864014790319328
A2 multiclass,DISTANCE_221,DISTANCE_221,2,-0.000272979012249614
A2 multiclass,DISTANCE_222,DISTANCE_222,2,-0.00012279508932107886
A2 multiclass,DISTANCE_223,DISTANCE_223,3,0.0012483879461765118
A2 multiclass,DISTANCE_231,DISTANCE_231,2,-7.089088539300435e-05
A2 multiclass,DISTANCE_242,DISTANCE_242,2,0.0006553314941640634
A2 multiclass,DISTANCE_243,DISTANCE_243,2,0.0010208069258874639
A2 multiclass,DISTANCE_244,DISTANCE_244,1,
A2 multiclass,DISTANCE_311,DISTANCE_311,2,0.0004752428228130302
A2 multiclass,DISTANCE_312,DISTANCE_312,1,
A2 multiclass,DISTANCE_313,DISTANCE_313,1,
A2 multiclass,DISTANCE_321,DISTANCE_321,2,0.0006185220657301381
A2 multiclass,DISTANCE_322,DISTANCE_322,3,-0.0007604793360143618
A2 multiclass,DISTANCE_323,DISTANCE_323,2,0.003175613407392012
A2 multiclass,DISTANCE_324,DISTANCE_324,1,
A2 multiclass,DISTANCE_331,DISTANCE_331,2,2.4406251461624384e-05
A2 multiclass,DISTANCE_332,DISTANCE_332,2,0.00012395902381701326
A2 multiclass,DISTANCE_333,DISTANCE_333,1,
A2 multiclass,DISTANCE_334,DISTANCE_334,3,0.0023908023844696714
A2 multiclass,DISTANCE_335,DISTANCE_335,4,0.0018554188867307725
A2 multiclass,DISTANCE_411,DISTANCE_411,2,-0.00218972451638258
A2 multiclass,DISTANCE_412,DISTANCE_412,2,-0.0015010390243193966
A2 multiclass,DISTANCE_421,DISTANCE_421,2,0.0011845215873312364
A2 multiclass,DISTANCE_422,DISTANCE_422,2,0.0013826814352640676
A2 multiclass,DISTANCE_423,DISTANCE_423,2,0.00031637194517616826
A2 multiclass,DISTANCE_511,DISTANCE_511,2,0.00047335761031532
A2 multiclass,DISTANCE_512,DISTANCE_512,2,-9.493340732464925e-06
A2 multiclass,DISTANCE_521,DISTANCE_521,2,0.0009690482137713813
A2 multiclass,DISTANCE_522,DISTANCE_522,2,0.0006698079294572474
A2 multiclass,DISTANCE_523,DISTANCE_523,3,0.00047145621419735216
A2 multiclass,PROPORTION_11,PROPORTION_11,1,
A2 multiclass,PROPORTION_12,PROPORTION_12,1,
A2 multiclass,PROPORTION_13,PROPORTION_13,1,
A2 multiclass,PROPORTION_14,PROPORTION_14,1,
A2 multiclass,PROPORTION_21,PROPORTION_21,2,0.001933487811386002
A2 multiclass,PROPORTION_22,PROPORTION_22,3,-0.0005653480631249353
A2 multiclass,PROPORTION_23,PROPORTION_23,2,-0.0006337826952959064
A2 multiclass,PROPORTION_24,PROPORTION_24,2,-0.0017989965757711165
A2 multiclass,PROPORTION_31,PROPORTION_31,2,-0.0010717314842849388
A2 multiclass,PROPORTION_32,PROPORTION_32,2,3.866312541343954e-06
A2 multiclass,PROPORTION_33,PROPORTION_33,1,
A2 multiclass,PROPORTION_41,PROPORTION_41,1,
A2 multiclass,PROPORTION_42,PROPORTION_42,1,
A2 multiclass,PROPORTION_51,PROPORTION_51,1,
A2 multiclass,PROPORTION_52,PROPORTION_52,1,
A2 multiclass,MEN_1IND,MEN_1IND,2,-0.00042762361905906374
A2 multiclass,MEN_5IND,MEN_5IND,2,0.00041035348958160537
A2 multiclass,LOG_A2_A3,LOG_A2_A3,2,-0.0004084990998644532
A2 multiclass,IND_Y1_Y2,IND_Y1_Y2,1,
A2 multiclass,IND_Y2_Y3,IND_Y2_Y3,1,
A2 multiclass,IND_Y3_Y4,IND_Y3_Y4,2,0.0005875827359470996
A2 multiclass,IND_Y4_Y5,IND_Y4_Y5,1,
A2 multiclass,IND_Y5_Y6,IND_Y5_Y6,2,0.0005298265979604575
A2 multiclass,IND_Y6_Y7,IND_Y6_Y7,2,-0.00042579173407148867
A2 multiclass,IND_Y8_Y9,IND_Y8_Y9,2,-0.0005815807245688899
A2 multiclass,DISTANCE_1,DISTANCE_1,2,0.0003532904924690874
A2 multiclass,DISTANCE_2,DISTANCE_2,1,
A2 multiclass,ALTITUDE_1,ALTITUDE_1,2,-0.0021572070964024125
A2 multiclass,ALTITUDE_2,ALTITUDE_2,2,-0.0018888174524591956
A2 multiclass,ALTITUDE_3,ALTITUDE_3,2,-0.0018076406424016767
A2 multiclass,ALTITUDE_4,ALTITUDE_4,2,-0.0022480446973875694
A2 multiclass,ALTITUDE_5,ALTITUDE_5,2,-0.0016149056373575678
A2 multiclass,NBJTX25_MM_A,NBJTX25_MM_A,2,-0.0010252444261532139
A2 multiclass,NBJTX25_MMAX_A,NBJTX25_MMAX_A,3,-0.0007381890810933933
A2 multiclass,NBJTX25_MSOM_A,NBJTX25_MSOM_A,2,-0.0010252444261532139
A2 multiclass,NBJTX0_MM_A,NBJTX0_MM_A,2,0.0019641030889362967
A2 multiclass,NBJTX0_MMAX_A,NBJTX0_MMAX_A,3,0.0016091376219816537
A2 multiclass,NBJTX0_MSOM_A,NBJTX0_MSOM_A,2,0.0019641030889362967
A2 multiclass,NBJTXI27_MM_A,NBJTXI27_MM_A,2,0.0023975231968598677
A2 multiclass,NBJTXI27_MMAX_A,NBJTXI27_MMAX_A,2,0.0008880456474449468
A2 multiclass,NBJTXI27_MSOM_A,NBJTXI27_MSOM_A,2,0.0023975231968598677
A2 multiclass,NBJTXS32_MM_A,NBJTXS32_MM_A,2,-0.0005542510577827606
A2 multiclass,NBJTXS32_MMAX_A,NBJTXS32_MMAX_A,3,-0.0004081427242376457
A2 multiclass,NBJTXS32_MSOM_A,NBJTXS32_MSOM_A,2,-0.0005542510577827606
A2 multiclass,NBJTXI20_MM_A,NBJTXI20_MM_A,2,0.0008729144989977997
A2 multiclass,NBJTXI20_MMAX_A,NBJTXI20_MMAX_A,2,0.0008463258703562983
A2 multiclass,NBJTXI20_MSOM_A,NBJTXI20_MSOM_A,2,0.0008729144989977997
A2 multiclass,NBJTX30_MM_A,NBJTX30_MM_A,2,-0.0010152054911257797
A2 multiclass,NBJTX30_MMAX_A,NBJTX30_MMAX_A,3,-0.0003651635336514432
A2 multiclass,NBJTX30_MSOM_A,NBJTX30_MSOM_A,2,-0.0010152054911257797
A2 multiclass,NBJTX35_MM_A,NBJTX35_MM_A,2,-0.000800786933202865
A2 multiclass,NBJTX35_MMAX_A,NBJTX35_MMAX_A,2,-0.0006519851824882519
A2 multiclass,NBJTX35_MSOM_A,NBJTX35_MSOM_A,2,-0.000800786933202865
A2 multiclass,NBJTN10_MM_A,NBJTN10_MM_A,2,-0.0007890384693845272
A2 multiclass,NBJTN10_MMAX_A,NBJTN10_MMAX_A,2,0.0012903305076022726
A2 multiclass,NBJTN10_MSOM_A,NBJTN10_MSOM_A,2,-0.0007890384693845272
A2 multiclass,NBJTNI10_MM_A,NBJTNI10_MM_A,3,0.0012707654961846755
A2 multiclass,NBJTNI10_MMAX_A,NBJTNI10_MMAX_A,2,0.0010455769068790678
A2 multiclass,NBJTNI10_MSOM_A,NBJTNI10_MSOM_A,3,0.0012707654961846755
A2 multiclass,NBJTN5_MM_A,NBJTN5_MM_A,2,-0.0002167100539617855
A2 multiclass,NBJTN5_MMAX_A,NBJTN5_MMAX_A,4,0.000865969992946666
A2 multiclass,NBJTN5_MSOM_A,NBJTN5_MSOM_A,2,-0.0002167100539617855
A2 multiclass,NBJTNS25_MM_A,NBJTNS25_MM_A,2,-3.1608096155218465e-05
A2 multiclass,NBJTNS25_MMAX_A,NBJTNS25_MMAX_A,1,
A2 multiclass,NBJTNS25_MSOM_A,NBJTNS25_MSOM_A,2,-3.1608096155218465e-05
A2 multiclass,NBJTNI15_MM_A,NBJTNI15_MM_A,3,0.0016224010192923562
A2 multiclass,NBJTNI15_MMAX_A,NBJTNI15_MMAX_A,1,
A2 multiclass,NBJTNI15_MSOM_A,NBJTNI15_MSOM_A,3,0.0016224010192923562
A2 multiclass,NBJTNI20_MM_A,NBJTNI20_MM_A,2,0.002587390011509166
A2 multiclass,NBJTNI20_MMAX_A,NBJTNI20_MMAX_A,2,0.001417854080813085
A2 multiclass,NBJTNI20_MSOM_A,NBJTNI20_MSOM_A,2,0.002587390011509166
A2 multiclass,NBJTNS20_MM_A,NBJTNS20_MM_A,2,-0.0019584289082686165
A2 multiclass,NBJTNS20_MMAX_A,NBJTNS20_MMAX_A,3,-0.001033224652040964
A2 multiclass,NBJTNS20_MSOM_A,NBJTNS20_MSOM_A,2,-0.0019584289082686165
A2 multiclass,NBJTMS24_MM_A,NBJTMS24_MM_A,3,-0.0005092740827531456
A2 multiclass,NBJTMS24_MMAX_A,NBJTMS24_MMAX_A,3,-0.000678348298821166
A2 multiclass,NBJTMS24_MSOM_A,NBJTMS24_MSOM_A,3,-0.0005092740827531456
A2 multiclass,TAMPLIAB_VOR_MM_A,TAMPLIAB_VOR_MM_A,2,-0.0008636393959833224
A2 multiclass,TAMPLIAB_VOR_MMAX_A,TAMPLIAB_VOR_MMAX_A,3,0.0006111883690819264
A2 multiclass,TAMPLIM_VOR_MM_A,TAMPLIM_VOR_MM_A,2,-0.0011061742465736525
A2 multiclass,TAMPLIM_VOR_MMAX_A,TAMPLIM_VOR_MMAX_A,2,0.0005077664238513806
A2 multiclass,TM_VOR_MM_A,TM_VOR_MM_A,2,-0.002021281371049074
A2 multiclass,TM_VOR_MMAX_A,TM_VOR_MMAX_A,2,-0.0016410021474555078
A2 multiclass,TMM_VOR_MM_A,TMM_VOR_MM_A,2,-0.0003815522769484945
A2 multiclass,TMM_VOR_MMAX_A,TMM_VOR_MMAX_A,3,0.00013269398847947094
A2 multiclass,TMMAX_VOR_MM_A,TMMAX_VOR_MM_A,2,-0.0016882869863528425
A2 multiclass,TMMAX_VOR_MMAX_A,TMMAX_VOR_MMAX_A,3,-0.0004305393700461334
A2 multiclass,TMMIN_VOR_MM_A,TMMIN_VOR_MM_A,3,-0.0011366174989091114
A2 multiclass,TMMIN_VOR_MMAX_A,TMMIN_VOR_MMAX_A,2,-0.001338779280995542
A2 multiclass,TN_VOR_MM_A,TN_VOR_MM_A,3,-0.0015363989905763534
A2 multiclass,TN_VOR_MMAX_A,TN_VOR_MMAX_A,2,-0.001953809543237877
A2 multiclass,TNAB_VOR_MM_A,TNAB_VOR_MM_A,3,-0.001555658469188768
A2 multiclass,TNAB_VOR_MMAX_A,TNAB_VOR_MMAX_A,3,-0.0013804954207888907
A2 multiclass,TNMAX_VOR_MM_A,TNMAX_VOR_MM_A,3,-0.0005546920798378607
A2 multiclass,TNMAX_VOR_MMAX_A,TNMAX_VOR_MMAX_A,2,-0.001012041044214958
A2 multiclass,TX_VOR_MM_A,TX_VOR_MM_A,2,-0.001576876631320122
A2 multiclass,TX_VOR_MMAX_A,TX_VOR_MMAX_A,3,-0.0006411524077616376
A2 multiclass,TXAB_VOR_MM_A,TXAB_VOR_MM_A,2,-0.00162197909303758
A2 multiclass,TXAB_VOR_MMAX_A,TXAB_VOR_MMAX_A,2,0.001476741891716766
A2 multiclass,TXMIN_VOR_MM_A,TXMIN_VOR_MM_A,3,-0.0005961817979987972
A2 multiclass,TXMIN_VOR_MMAX_A,TXMIN_VOR_MMAX_A,2,9.489703437165129e-05
A2 multiclass,NBJFF10_MM_A,NBJFF10_MM_A,2,0.0019402788047226396
A2 multiclass,NBJFF10_MMAX_A,NBJFF10_MMAX_A,2,0.0019662490931631757
A2 multiclass,NBJFF10_MSOM_A,NBJFF10_MSOM_A,2,0.0019402788047226396
A2 multiclass,NBJFF16_MM_A,NBJFF16_MM_A,3,-0.00010479502420621841
A2 multiclass,NBJFF16_MMAX_A,NBJFF16_MMAX_A,2,0.0018636046198029612
A2 multiclass,NBJFF16_MSOM_A,NBJFF16_MSOM_A,3,-0.00010479502420621841
A2 multiclass,NBJFF28_MM_A,NBJFF28_MM_A,4,-0.001306240037243576
A2 multiclass,NBJFF28_MMAX_A,NBJFF28_MMAX_A,1,
A2 multiclass,NBJFF28_MSOM_A,NBJFF28_MSOM_A,4,-0.001306240037243576
A2 multiclass,NBJFXI3S10_MM_A,NBJFXI3S10_MM_A,2,0.002374026269223192
A2 multiclass,NBJFXI3S10_MMAX_A,NBJFXI3S10_MMAX_A,2,0.0024847819111019497
A2 multiclass,NBJFXI3S10_MSOM_A,NBJFXI3S10_MSOM_A,2,0.002374026269223192
A2 multiclass,NBJFXI3S16_MM_A,NBJFXI3S16_MM_A,3,-0.00027644444534649366
A2 multiclass,NBJFXI3S16_MMAX_A,NBJFXI3S16_MMAX_A,2,0.0014573914807218566
A2 multiclass,NBJFXI3S16_MSOM_A,NBJFXI3S16_MSOM_A,3,-0.00027644444534649366
A2 multiclass,NBJFXI3S28_MM_A,NBJFXI3S28_MM_A,2,-0.0019714140524888847
A2 multiclass,NBJFXI3S28_MMAX_A,NBJFXI3S28_MMAX_A,1,
A2 multiclass,NBJFXI3S28_MSOM_A,NBJFXI3S28_MSOM_A,2,-0.0019714140524888847
A2 multiclass,NBJFXY8_MM_A,NBJFXY8_MM_A,2,0.0019002685564248945
A2 multiclass,NBJFXY8_MMAX_A,NBJFXY8_MMAX_A,2,0.0023347798529384043
A2 multiclass,NBJFXY8_MSOM_A,NBJFXY8_MSOM_A,2,0.0019002685564248945
A2 multiclass,NBJFXY10_MM_A,NBJFXY10_MM_A,2,0.0007517925655146265
A2 multiclass,NBJFXY10_MMAX_A,NBJFXY10_MMAX_A,2,0.001875171218856309
A2 multiclass,NBJFXY10_MSOM_A,NBJFXY10_MSOM_A,2,0.0007517925655146265
A2 multiclass,NBJFXY15_MM_A,NBJFXY15_MM_A,2,-0.00015382121822833013
A2 multiclass,NBJFXY15_MMAX_A,NBJFXY15_MMAX_A,2,0.001253921181651325
A2 multiclass,NBJFXY15_MSOM_A,NBJFXY15_MSOM_A,2,-0.00015382121822833013
A2 multiclass,FFM_VOR_MM_A,FFM_VOR_MM_A,2,0.0002186014475176789
A2 multiclass,FFM_VOR_MMAX_A,FFM_VOR_MMAX_A,2,0.0004467689816738186
A2 multiclass,FXI3SAB_VOR_MM_A,FXI3SAB_VOR_MM_A,2,1.6076845225093857e-05
A2 multiclass,FXI3SAB_VOR_MMAX_A,FXI3SAB_VOR_MMAX_A,2,0.0006660615152984585
A2 multiclass,FXIAB_VOR_MM_A,FXIAB_VOR_MM_A,3,0.0005923108064759905
A2 multiclass,FXIAB_VOR_MMAX_A,FXIAB_VOR_MMAX_A,3,0.0013604857500208935
A2 multiclass,FXYAB_VOR_MM_A,FXYAB_VOR_MM_A,2,0.0018419627127691809
A2 multiclass,FXYAB_VOR_MMAX_A,FXYAB_VOR_MMAX_A,2,0.0019748331100706918
A2 multiclass,FFM_VOR_COM_MM_A_Y,FFM_VOR_COM_MM_A_Y,2,0.002227868713086053
A2 multiclass,FFM_VOR_COM_MMAX_A_Y,FFM_VOR_COM_MMAX_A_Y,2,0.0019229475314034258
A2 multiclass,FXI3SAB_VOR_COM_MM_A_Y,FXI3SAB_VOR_COM_MM_A_Y,2,-0.0010428459700433054
A2 multiclass,FXI3SAB_VOR_COM_MMAX_A_Y,FXI3SAB_VOR_COM_MMAX_A_Y,2,-0.0010402781100679087
A2 multiclass,NBJRR50_MM_A,NBJRR50_MM_A,2,-0.0013106266153751287
A2 multiclass,NBJRR50_MMAX_A,NBJRR50_MMAX_A,2,-0.002200018062081
A2 multiclass,NBJRR50_MSOM_A,NBJRR50_MSOM_A,2,-0.0013106266153751287
A2 multiclass,NBJRR1_MM_A,NBJRR1_MM_A,2,-0.0013556563311865907
A2 multiclass,NBJRR1_MMAX_A,NBJRR1_MMAX_A,2,-0.0014990385119045093
A2 multiclass,NBJRR1_MSOM_A,NBJRR1_MSOM_A,2,-0.0013556563311865907
A2 multiclass,NBJRR5_MM_A,NBJRR5_MM_A,2,-0.0015618546017319686
A2 multiclass,NBJRR5_MMAX_A,NBJRR5_MMAX_A,2,-0.0015811686397738801
A2 multiclass,NBJRR5_MSOM_A,NBJRR5_MSOM_A,2,-0.0015618546017319686
A2 multiclass,NBJRR10_MM_A,NBJRR10_MM_A,2,-0.0022132941899252515
A2 multiclass,NBJRR10_MMAX_A,NBJRR10_MMAX_A,2,-0.002081478608260681
A2 multiclass,NBJRR10_MSOM_A,NBJRR10_MSOM_A,2,-0.0022132941899252515
A2 multiclass,NBJRR30_MM_A,NBJRR30_MM_A,2,-0.0018199207032524234
A2 multiclass,NBJRR30_MMAX_A,NBJRR30_MMAX_A,2,-0.0017465928300085562
A2 multiclass,NBJRR30_MSOM_A,NBJRR30_MSOM_A,2,-0.0018199207032524234
A2 multiclass,NBJRR100_MM_A,NBJRR100_MM_A,2,-0.0012442823491068682
A2 multiclass,NBJRR100_MMAX_A,NBJRR100_MMAX_A,3,-0.0007415008384638566
A2 multiclass,NBJRR100_MSOM_A,NBJRR100_MSOM_A,2,-0.0012442823491068682
A2 multiclass,RR_VOR_MM_A,RR_VOR_MM_A,2,-0.0021019565807985268
A2 multiclass,RR_VOR_MMAX_A,RR_VOR_MMAX_A,2,-0.0023636599776187765
A2 multiclass,RRAB_VOR_MM_A,RRAB_VOR_MM_A,2,-0.0008137720774231332
A2 multiclass,RRAB_VOR_MMAX_A,RRAB_VOR_MMAX_A,2,-0.0017037454913769712
A2 multiclass,TAILLE1,TAILLE1,2,0.005694067525482597
A2 multiclass,TAILLE2,TAILLE2,2,0.006095464317166851
A2 multiclass,CARACT4,CARACT4,2,0.0002997133011988795
A2 multiclass,SURFACE4,SURFACE4,2,0.006549608986328521
A2 multiclass,SURFACE6,SURFACE6,2,0.006549608986328521
A2 multiclass,total_surface_2023,total_surface_2023,3,0.000559461023435586
A2 multiclass,total_surface_5y,total_surface_5y,3,0.0008721829126449545
A2 multiclass,surface_over_forest,surface_over_forest,2,-0.00019539588253460714
A2 multiclass,fire_extinction_rates,fire_extinction_rates,3,-1.4758254310442322e-05
A3 ordinal,ACTIVIT2,ACTIVIT2,4,0.0022195054707289676
A3 ordinal,VOCATION,VOCATION,2,0.006136636773437002
A3 ordinal,ADOSS,ADOSS,2,0.00012123001012877896
A3 ordinal,CARACT1,CARACT1,2,0.0003178012277487004
A3 ordinal,CARACT3,CARACT3,1,
A3 ordinal,INDEM1,INDEM1,2,0.0005683739754465337
A3 ordinal,TYPBAT1,TYPBAT1,2,1.0674334760208694e-05
A3 ordinal,INDEM2,INDEM2,2,0.002371374562700013
A3 ordinal,FRCH1,FRCH1,2,0.00017425514320397388
A3 ordinal,FRCH2,FRCH2,2,0.0006310446612896972
A3 ordinal,DEROG2,DEROG2,2,0.0008172801883524487
A3 ordinal,DEROG3,DEROG3,2,0.0004964954617223806
A3 ordinal,DEROG4,DEROG4,2,0.0017413037818497343
A3 ordinal,DEROG5,DEROG5,2,0.0014639788701714927
A3 ordinal,DEROG8,DEROG8,2,0.0004926831972529222
A3 ordinal,DEROG12,DEROG12,2,0.004344448528183368
A3 ordinal,KAPITAL34,KAPITAL34,2,3.65977389068012e-05
A3 ordinal,KAPITAL35,KAPITAL35,2,0.0007106060971070566
A3 ordinal,KAPITAL37,KAPITAL37,2,0.0013651372495633515
A3 ordinal,KAPITAL40,KAPITAL40,2,0.006659332889149479
A3 ordinal,KAPITAL41,KAPITAL41,2,0.004232445327892225
A3 ordinal,KAPITAL42,KAPITAL42,2,0.001838620496670092
A3 ordinal,KAPITAL43,KAPITAL43,2,0.0023340069360013576
A3 ordinal,RISK6,RISK6,2,0.0014591390015462667
A3 ordinal,RISK8,RISK8,2,0.0006092704084860593
A3 ordinal,RISK9,RISK9,2,0.00048503786729686265
A3 ordinal,RISK10,RISK10,2,0.0024253854153987817
A3 ordinal,RISK11,RISK11,2,0.0037322069155998304
A3 ordinal,RISK12,RISK12,2,0.0011702768881055549
A3 ordinal,RISK13,RISK13,2,0.0009951641181154853
A3 ordinal,EQUIPEMENT2,EQUIPEMENT2,2,0.001109553595607904
A3 ordinal,EQUIPEMENT5,EQUIPEMENT5,1,
A3 ordinal,ESPINSEE,ESPINSEE,1,
A3 ordinal,AN_EXERC,AN_EXERC,2,0.0033141747880488493
A3 ordinal,ZONE,ZONE,2,0.0018258667391722672
A3 ordinal,ZONE_REGION,ZONE_REGION,2,0.0019938836314262183
A3 ordinal,LOG_AVA1_num,LOG_AVA1_num,2,0.00030443948077294965
A3 ordinal,LOG_A1_A2_num,LOG_A1_A2_num,2,0.0004285238082421473
A3 ordinal,LOG_A2_A3_num,LOG_A2_A3_num,2,0.0002488077892583847
A3 ordinal,LOG_APA3_num,LOG_APA3_num,2,0.00020570673117234313
A3 ordinal,LOG_INC_num,LOG_INC_num,2,3.668270921065568e-07
A3 ordinal,LOG_SOC_num,LOG_SOC_num,2,-1.0075367431662913e-05
A3 ordinal,LOG_TOT,LOG_TOT,2,0.0008718242219246115
A3 ordinal,LOG_A1_A2_num_LOG_TOT,LOG_A1_A2_num_LOG_TOT,2,0.0006083681041844993
A3 ordinal,LOG_A2_A3_num_LOG_TOT,LOG_A2_A3_num_LOG_TOT,2,2.7624555555877206e-05
A3 ordinal,LOG_INC_num_LOG_TOT,LOG_INC_num_LOG_TOT,2,0.0008718242219246115
A3 ordinal,LOG_SOC_num_LOG_TOT,LOG_SOC_num_LOG_TOT,2,0.0007862814943291371
A3 ordinal,LOG_REGION,LOG_REGION,5,0.0010667202436263604
A3 ordinal,MEN_PAUV_num,MEN_PAUV_num,2,0.00013319424200200345
A3 ordinal,MEN_1IND_num,MEN_1IND_num,2,0.00042945775451959655
A3 ordinal,MEN_5IND_num,MEN_5IND_num,2,0.00041108714376581845
A3 ordinal,MEN_PROP_num,MEN_PROP_num,2,1.9718013719598215e-05
A3 ordinal,MEN_FMP_num,MEN_FMP_num,2,0.0006036893709054225
A3 ordinal,MEN_COLL_num,MEN_COLL_num,2,0.00010063890019578598
A3 ordinal,MEN_MAIS_num,MEN_MAIS_num,2,9.77596060303867e-05
A3 ordinal,MEN_TOT,MEN_TOT,2,0.00047745527235968987
A3 ordinal,MEN_PAUV_MEN_TOT,MEN_PAUV_MEN_TOT,2,-7.388073780317376e-05
A3 ordinal,MEN_PAUV_MEN,MEN_PAUV_MEN,2,5.782365217537344e-05
A3 ordinal,MEN_1IND_MEN_TOT,MEN_1IND_MEN_TOT,2,0.0005537691892476026
A3 ordinal,MEN_1IND_MEN,MEN_1IND_MEN,2,0.00024736073514657785
A3 ordinal,MEN_5IND_MEN_TOT,MEN_5IND_MEN_TOT,2,0.0003059606514560992
A3 ordinal,MEN_5IND_MEN,MEN_5IND_MEN,2,0.0003162949723141603
A3 ordinal,MEN_PROP_MEN_TOT,MEN_PROP_MEN_TOT,2,-0.00010058978163785418
A3 ordinal,MEN_PROP_MEN,MEN_PROP_MEN,2,-2.676707421152626e-05
A3 ordinal,MEN_FMP_MEN_TOT,MEN_FMP_MEN_TOT,5,0.00012527189828580605
A3 ordinal,MEN_FMP_MEN,MEN_FMP_MEN,2,0.0005952523477869716
A3 ordinal,MEN_COLL_MEN_TOT,MEN_COLL_MEN_TOT,2,0.0008245294823551057
A3 ordinal,MEN_COLL_MEN,MEN_COLL_MEN,2,0.00010368153963460845
A3 ordinal,MEN_MAIS_MEN_TOT,MEN_MAIS_MEN_TOT,2,0.0008245294823551057
A3 ordinal,MEN_MAIS_MEN,MEN_MAIS_MEN,2,0.00010134517779915707
A3 ordinal,MEN_MEN_TOT,MEN_MEN_TOT,2,0.00045919894615477103
A3 ordinal,MEN_REGION,MEN_REGION,5,0.0006070974800844415
A3 ordinal,IND_Y2_Y3_num,IND_Y2_Y3_num,2,4.50994780724871e-06
A3 ordinal,IND_Y3_Y4_num,IND_Y3_Y4_num,2,0.0005875827359470996
A3 ordinal,IND_Y5_Y6_num,IND_Y5_Y6_num,3,0.0008247758342707484
A3 ordinal,IND_Y8_Y9_num,IND_Y8_Y9_num,2,0.0005815807245688899
A3 ordinal,IND_Y9_num,IND_Y9_num,2,0.0003916565602489595
A3 ordinal,IND_SNV_num,IND_SNV_num,2,0.0002854679937394633
A3 ordinal,IND_TOT,IND_TOT,3,4.251649773527667e-05
A3 ordinal,IND_IND_TOT,IND_IND_TOT,3,4.0170942295104536e-06
A3 ordinal,IND_IND_SNV,IND_IND_SNV,2,0.00032115824437576934
A3 ordinal,IND_0_Y1_IND_TOT,IND_0_Y1_IND_TOT,3,4.251649773527667e-05
A3 ordinal,IND_0_Y1_IND_SNV,IND_0_Y1_IND_SNV,2,0.0002854679937394633
A3 ordinal,IND_Y1_Y2_IND_TOT,IND_Y1_Y2_IND_TOT,3,4.251649773527667e-05
A3 ordinal,IND_Y1_Y2_IND_SNV,IND_Y1_Y2_IND_SNV,2,0.0002854679937394633
A3 ordinal,IND_Y2_Y3_IND_TOT,IND_Y2_Y3_IND_TOT,3,9.537616918418362e-05
A3 ordinal,IND_Y2_Y3_IND_SNV,IND_Y2_Y3_IND_SNV,2,0.0002770309706210125
A3 ordinal,IND_Y3_Y4_IND_TOT,IND_Y3_Y4_IND_TOT,4,0.0008874740108725194
A3 ordinal,IND_Y3_Y4_IND,IND_Y3_Y4_IND,2,0.0004784843079032857
A3 ordinal,IND_Y3_Y4_IND_SNV,IND_Y3_Y4_IND_SNV,3,0.0005594855810701035
A3 ordinal,IND_Y4_Y5_IND_TOT,IND_Y4_Y5_IND_TOT,3,1.5332472260870992e-05
A3 ordinal,IND_Y4_Y5_IND,IND_Y4_Y5_IND,2,9.740272008260052e-05
A3 ordinal,IND_Y4_Y5_IND_SNV,IND_Y4_Y5_IND_SNV,2,0.00023158717018599591
A3 ordinal,IND_Y5_Y6_IND_TOT,IND_Y5_Y6_IND_TOT,3,0.0003640156887641389
A3 ordinal,IND_Y5_Y6_IND,IND_Y5_Y6_IND,3,0.0007214352412892329
A3 ordinal,IND_Y5_Y6_IND_SNV,IND_Y5_Y6_IND_SNV,5,0.0011880950016544764
A3 ordinal,IND_Y6_Y7_IND_TOT,IND_Y6_Y7_IND_TOT,2,-1.2744428359505712e-05
A3 ordinal,IND_Y6_Y7_IND_SNV,IND_Y6_Y7_IND_SNV,2,0.0003773142960894804
A3 ordinal,IND_Y7_Y8_IND_TOT,IND_Y7_Y8_IND_TOT,2,7.213891065935999e-05
A3 ordinal,IND_Y7_Y8_IND_SNV,IND_Y7_Y8_IND_SNV,2,0.0001285717705468693
A3 ordinal,IND_Y8_Y9_IND_TOT,IND_Y8_Y9_IND_TOT,2,0.00017975652749700137
A3 ordinal,IND_Y8_Y9_IND,IND_Y8_Y9_IND,2,0.0006661017374415644
A3 ordinal,IND_Y8_Y9_IND_SNV,IND_Y8_Y9_IND_SNV,2,0.0006519800196319409
A3 ordinal,IND_Y9_IND_TOT,IND_Y9_IND_TOT,4,0.0007101778129365334
A3 ordinal,IND_Y9_IND,IND_Y9_IND,2,0.0003883551164200005
A3 ordinal,IND_Y9_IND_SNV,IND_Y9_IND_SNV,2,0.0006055932710276442
A3 ordinal,IND_INC_IND_TOT,IND_INC_IND_TOT,3,4.251649773527667e-05
A3 ordinal,IND_INC_IND_SNV,IND_INC_IND_SNV,2,0.0002854679937394633
A3 ordinal,IND_SNV_IND_TOT,IND_SNV_IND_TOT,2,0.00033934881729293066
A3 ordinal,IND_SNV_IND,IND_SNV_IND,2,0.00032115824437576934
A3 ordinal,IND_REGION,IND_REGION,5,0.001384902800133799
A3 ordinal,IND_SNV_REGION,IND_SNV_REGION,2,0.0021668026236142768
A3 ordinal,ALTITUDE_1_num,ALTITUDE_1_num,2,0.0021572070964024125
A3 ordinal,ALTITUDE_2_num,ALTITUDE_2_num,2,0.0018888174524591956
A3 ordinal,ALTITUDE_3_num,ALTITUDE_3_num,2,0.0018076406424016767
A3 ordinal,ALTITUDE_4_num,ALTITUDE_4_num,2,0.0022480446973875694
A3 ordinal,ALTITUDE_5_num,ALTITUDE_5_num,2,0.0016149056373575678
A3 ordinal,ALTITUDE_TOT,ALTITUDE_TOT,2,0.001998825078126218
A3 ordinal,ALTITUDE_1_ALT_TOT,ALTITUDE_1_ALT_TOT,2,0.001998825078126218
A3 ordinal,ALTITUDE_2_ALT_TOT,ALTITUDE_2_ALT_TOT,2,0.001998825078126218
A3 ordinal,ALTITUDE_3_ALT_TOT,ALTITUDE_3_ALT_TOT,2,0.001998825078126218
A3 ordinal,ALTITUDE_4_ALT_TOT,ALTITUDE_4_ALT_TOT,2,0.001998825078126218
A3 ordinal,ALTITUDE_5_ALT_TOT,ALTITUDE_5_ALT_TOT,2,0.001998825078126218
A3 ordinal,ALTITUDE_REGION,ALTITUDE_REGION,2,0.001291681157008162
A3 ordinal,NBJTX25_MM_A_NBJTX25_MMAX_A,NBJTX25_MM_A_NBJTX25_MMAX_A,2,0.0017037091184239734
A3 ordinal,NBJTX0_MM_A_NBJTX0_MMAX_A,NBJTX0_MM_A_NBJTX0_MMAX_A,2,0.0020280103673536946
A3 ordinal,NBJTXI27_MM_A_NBJTXI27_MMAX_A,NBJTXI27_MM_A_NBJTXI27_MMAX_A,2,0.0017635789990585989
A3 ordinal,NBJTXS32_MM_A_NBJTXS32_MMAX_A,NBJTXS32_MM_A_NBJTXS32_MMAX_A,3,0.0007112449068363369
A3 ordinal,NBJTXI20_MM_A_NBJTXI20_MMAX_A,NBJTXI20_MM_A_NBJTXI20_MMAX_A,2,0.0009152162433344154
A3 ordinal,NBJTX30_MM_A_NBJTX30_MMAX_A,NBJTX30_MM_A_NBJTX30_MMAX_A,2,0.0007821639812679147
A3 ordinal,NBJTX35_MM_A_NBJTX35_MMAX_A,NBJTX35_MM_A_NBJTX35_MMAX_A,2,0.0002754523730534746
A3 ordinal,NBJTN10_MM_A_NBJTN10_MMAX_A,NBJTN10_MM_A_NBJTN10_MMAX_A,2,0.0006913770905850317
A3 ordinal,NBJTNI10_MM_A_NBJTNI10_MMAX_A,NBJTNI10_MM_A_NBJTNI10_MMAX_A,2,0.002184523184103873
A3 ordinal,NBJTN5_MM_A_NBJTN5_MMAX_A,NBJTN5_MM_A_NBJTN5_MMAX_A,5,0.0018021416038270254
A3 ordinal,NBJTNS25_MM_A_NBJTNS25_MMAX_A,NBJTNS25_MM_A_NBJTNS25_MMAX_A,1,
A3 ordinal,NBJTNI15_MM_A_NBJTNI15_MMAX_A,NBJTNI15_MM_A_NBJTNI15_MMAX_A,2,0.0012164570400634365
A3 ordinal,NBJTNI20_MM_A_NBJTNI20_MMAX_A,NBJTNI20_MM_A_NBJTNI20_MMAX_A,2,0.002587390011509166
A3 ordinal,NBJTNS20_MM_A_NBJTNS20_MMAX_A,NBJTNS20_MM_A_NBJTNS20_MMAX_A,2,0.0022633797462034283
A3 ordinal,NBJTMS24_MM_A_NBJTMS24_MMAX_A,NBJTMS24_MM_A_NBJTMS24_MMAX_A,2,0.0004129421353857252
A3 ordinal,TAMPLIAB_VOR_MM_A_TAMPLIAB_VOR_MMAX_A,TAMPLIAB_VOR_MM_A_TAMPLIAB_VOR_MMAX_A,2,0.002033575429162381
A3 ordinal,TAMPLIM_VOR_MM_A_TAMPLIM_VOR_MMAX_A,TAMPLIM_VOR_MM_A_TAMPLIM_VOR_MMAX_A,2,0.0016139406704250329
A3 ordinal,TM_VOR_MM_A_TM_VOR_MMAX_A,TM_VOR_MM_A_TM_VOR_MMAX_A,2,0.002370388973923397
A3 ordinal,TMM_VOR_MM_A_TMM_VOR_MMAX_A,TMM_VOR_MM_A_TMM_VOR_MMAX_A,2,0.0014845984495643232
A3 ordinal,TMMAX_VOR_MM_A_TMMAX_VOR_MMAX_A,TMMAX_VOR_MM_A_TMMAX_VOR_MMAX_A,5,0.0015665703550881529
A3 ordinal,TMMIN_VOR_MM_A_TMMIN_VOR_MMAX_A,TMMIN_VOR_MM_A_TMMIN_VOR_MMAX_A,5,0.0019399696346221568
A3 ordinal,TN_VOR_MM_A_TN_VOR_MMAX_A,TN_VOR_MM_A_TN_VOR_MMAX_A,4,0.002175033480666708
A3 ordinal,TNAB_VOR_MM_A_TNAB_VOR_MMAX_A,TNAB_VOR_MM_A_TNAB_VOR_MMAX_A,2,0.003055218932968798
A3 ordinal,TNMAX_VOR_MM_A_TNMAX_VOR_MMAX_A,TNMAX_VOR_MM_A_TNMAX_VOR_MMAX_A,2,0.0011989252767184246
A3 ordinal,TX_VOR_MM_A_TX_VOR_MMAX_A,TX_VOR_MM_A_TX_VOR_MMAX_A,4,0.0015641479164184894
A3 ordinal,TXAB_VOR_MM_A_TXAB_VOR_MMAX_A,TXAB_VOR_MM_A_TXAB_VOR_MMAX_A,2,0.0031179986498432594
A3 ordinal,TXMIN_VOR_MM_A_TXMIN_VOR_MMAX_A,TXMIN_VOR_MM_A_TXMIN_VOR_MMAX_A,2,0.001848473471355814
A3 ordinal,NBJFF10_MM_A_NBJFF10_MMAX_A,NBJFF10_MM_A_NBJFF10_MMAX_A,2,0.0011476757859443132
A3 ordinal,NBJFF16_MM_A_NBJFF16_MMAX_A,NBJFF16_MM_A_NBJFF16_MMAX_A,2,0.002212239374288311
A3 ordinal,NBJFF28_MM_A_NBJFF28_MMAX_A,NBJFF28_MM_A_NBJFF28_MMAX_A,4,0.0018471913247626363
A3 ordinal,NBJFXI3S10_MM_A_NBJFXI3S10_MMAX_A,NBJFXI3S10_MM_A_NBJFXI3S10_MMAX_A,2,0.0034677973388245434
A3 ordinal,NBJFXI3S16_MM_A_NBJFXI3S16_MMAX_A,NBJFXI3S16_MM_A_NBJFXI3S16_MMAX_A,2,0.0022284617113253967
A3 ordinal,NBJFXI3S28_MM_A_NBJFXI3S28_MMAX_A,NBJFXI3S28_MM_A_NBJFXI3S28_MMAX_A,2,0.003547454105890054
A3 ordinal,NBJFXY8_MM_A_NBJFXY8_MMAX_A,NBJFXY8_MM_A_NBJFXY8_MMAX_A,2,0.0024028700209505665
A3 ordinal,NBJFXY10_MM_A_NBJFXY10_MMAX_A,NBJFXY10_MM_A_NBJFXY10_MMAX_A,2,0.0009591183976029409
A3 ordinal,NBJFXY15_MM_A_NBJFXY15_MMAX_A,NBJFXY15_MM_A_NBJFXY15_MMAX_A,2,0.002418219407115701
A3 ordinal,FFM_VOR_MM_A_FFM_VOR_MMAX_A,FFM_VOR_MM_A_FFM_VOR_MMAX_A,2,0.0026305283337647346
A3 ordinal,FXI3SAB_VOR_MM_A_FXI3SAB_VOR_MMAX_A,FXI3SAB_VOR_MM_A_FXI3SAB_VOR_MMAX_A,2,2.1496415221788392e-05
A3 ordinal,FXIAB_VOR_MM_A_FXIAB_VOR_MMAX_A,FXIAB_VOR_MM_A_FXIAB_VOR_MMAX_A,2,0.002142439677485245
A3 ordinal,FXYAB_VOR_MM_A_FXYAB_VOR_MMAX_A,FXYAB_VOR_MM_A_FXYAB_VOR_MMAX_A,2,0.0018419627127691809
A3 ordinal,FFM_VOR_COM_MM_A_Y_FFM_VOR_COM_MMAX_A_Y,FFM_VOR_COM_MM_A_Y_FFM_VOR_COM_MMAX_A_Y,2,0.0016349458688224923
A3 ordinal,FXI3SAB_VOR_COM_MM_A_Y_FXI3SAB_VOR_COM_MMAX_A_Y,FXI3SAB_VOR_COM_MM_A_Y_FXI3SAB_VOR_COM_MMAX_A_Y,2,0.00104357964432199
A3 ordinal,NBJRR50_MM_A_NBJRR50_MMAX_A,NBJRR50_MM_A_NBJRR50_MMAX_A,2,0.0024877644932477815
A3 ordinal,NBJRR1_MM_A_NBJRR1_MMAX_A,NBJRR1_MM_A_NBJRR1_MMAX_A,2,0.002130181992324936
A3 ordinal,NBJRR5_MM_A_NBJRR5_MMAX_A,NBJRR5_MM_A_NBJRR5_MMAX_A,2,0.0008932833526766516
A3 ordinal,NBJRR10_MM_A_NBJRR10_MMAX_A,NBJRR10_MM_A_NBJRR10_MMAX_A,2,0.001808535968964065
A3 ordinal,NBJRR30_MM_A_NBJRR30_MMAX_A,NBJRR30_MM_A_NBJRR30_MMAX_A,2,0.0014494621769683036
A3 ordinal,NBJRR100_MM_A_NBJRR100_MMAX_A,NBJRR100_MM_A_NBJRR100_MMAX_A,2,0.0009889442190612599
A3 ordinal,RR_VOR_MM_A_RR_VOR_MMAX_A,RR_VOR_MM_A_RR_VOR_MMAX_A,2,0.002061691721829796
A3 ordinal,RRAB_VOR_MM_A_RRAB_VOR_MMAX_A,RRAB_VOR_MM_A_RRAB_VOR_MMAX_A,2,0.0020308474576875347
A3 ordinal,total_surface_crossed,total_surface_crossed,2,0.0011189342787357797
A3 ordinal,nb_casernes_extinction_rate,nb_casernes_extinction_rate,2,0.0006965663898700703
A3 ordinal,zone_vent_extinction_rate,zone_vent_extinction_rate,5,0.001728823712322511
A3 ordinal,VENT_x_CASERNES,VENT_x_CASERNES,2,0.001523637706557682
A3 ordinal,TYPERS,TYPERS,2,0.005349716073041332
A3 ordinal,NB_CASERNES,NB_CASERNES,2,8.791472609289964e-05
A3 ordinal,BDTOPO_BAT_MAX_HAUTEUR,BDTOPO_BAT_MAX_HAUTEUR,2,0.0037372844643260637
A3 ordinal,HAUTEUR_MAX,HAUTEUR_MAX,2,0.0036119401789380737
A3 ordinal,HAUTEUR,HAUTEUR,3,0.002043946336726956
A3 ordinal,BDTOPO_BAT_MAX_HAUTEUR_MAX,BDTOPO_BAT_MAX_HAUTEUR_MAX,2,0.0021827643455442462
A3 ordinal,MEN_SURF,MEN_SURF,3,-0.0008640848454230505
A3 ordinal,IND_SNV,IND_SNV,2,-0.0002854679937394633
A3 ordinal,IND_Y9,IND_Y9,2,-0.0003916565602489595
A3 ordinal,LOG_SOC,LOG_SOC,2,-1.0075367431662913e-05
A3 ordinal,LOG_APA3,LOG_APA3,2,-0.00020570673117234313
A3 ordinal,LOG_AVA1,LOG_AVA1,2,0.00013029788330543206
A3 ordinal,MEN_MAIS,MEN_MAIS,2,4.5585283260605914e-05
A3 ordinal,MEN_COLL,MEN_COLL,2,-0.00012825895480574775
A3 ordinal,MEN_FMP,MEN_FMP,2,0.0006003879270764634
A3 ordinal,MEN_PROP,MEN_PROP,2,0.00014575485521001026
A3 ordinal,MEN_PAUV,MEN_PAUV,2,-0.00013319424200200345
A3 ordinal,COEFASS,COEFASS,2,0.001051561168475532
A3 ordinal,DISTANCE_111,DISTANCE_111,2,-0.0001768452974760324
A3 ordinal,DISTANCE_112,DISTANCE_112,2,-0.0002881465336497591
A3 ordinal,DISTANCE_121,DISTANCE_121,2,-0.0005881870229298478
A3 ordinal,DISTANCE_122,DISTANCE_122,2,-0.0005977531095683087
A3 ordinal,DISTANCE_123,DISTANCE_123,2,-0.0009146342760864482
A3 ordinal,DISTANCE_124,DISTANCE_124,1,
A3 ordinal,DISTANCE_131,DISTANCE_131,2,0.0012869114500204655
A3 ordinal,DISTANCE_132,DISTANCE_132,2,-0.001119414001464906
A3 ordinal,DISTANCE_133,DISTANCE_133,2,-0.0012177664663713627
A3 ordinal,DISTANCE_141,DISTANCE_141,2,-0.00017389908828319847
A3 ordinal,DISTANCE_142,DISTANCE_142,1,
A3 ordinal,DISTANCE_211,DISTANCE_211,2,-0.0007089088539300436
A3 ordinal,DISTANCE_212,DISTANCE_212,2,0.0024015605946426403
A3 ordinal,DISTANCE_213,DISTANCE_213,2,0.001865095910875877
A3 ordinal,DISTANCE_221,DISTANCE_221,2,0.0004732848644093241
A3 ordinal,DISTANCE_222,DISTANCE_222,2,-0.00012279508932107886
A3 ordinal,DISTANCE_223,DISTANCE_223,2,0.0015716752990414151
A3 ordinal,DISTANCE_231,DISTANCE_231,2,0.001579822840512956
A3 ordinal,DISTANCE_242,DISTANCE_242,2,0.0018271952938520132
A3 ordinal,DISTANCE_243,DISTANCE_243,2,0.00035885555427777374
A3 ordinal,DISTANCE_244,DISTANCE_244,1,
A3 ordinal,DISTANCE_311,DISTANCE_311,2,0.0004752428228130302
A3 ordinal,DISTANCE_312,DISTANCE_312,1,
A3 ordinal,DISTANCE_313,DISTANCE_313,1,
A3 ordinal,DISTANCE_321,DISTANCE_321,2,0.0004063950038460942
A3 ordinal,DISTANCE_322,DISTANCE_322,2,-0.0010032024166364562
A3 ordinal,DISTANCE_323,DISTANCE_323,2,0.003175613407392012
A3 ordinal,DISTANCE_324,DISTANCE_324,1,
A3 ordinal,DISTANCE_331,DISTANCE_331,2,2.4406251461624384e-05
A3 ordinal,DISTANCE_332,DISTANCE_332,2,0.0019672675358471184
A3 ordinal,DISTANCE_333,DISTANCE_333,2,-3.815522769484945e-05
A3 ordinal,DISTANCE_334,DISTANCE_334,2,0.002175866421290361
A3 ordinal,DISTANCE_335,DISTANCE_335,2,0.0017922772589739813
A3 ordinal,DISTANCE_411,DISTANCE_411,2,-0.00218972451638258
A3 ordinal,DISTANCE_412,DISTANCE_412,2,-0.0008151542496370552
A3 ordinal,DISTANCE_421,DISTANCE_421,2,-0.00017775462130098117
A3 ordinal,DISTANCE_422,DISTANCE_422,2,0.0013826814352640676
A3 ordinal,DISTANCE_423,DISTANCE_423,2,0.00031637194517616826
A3 ordinal,DISTANCE_511,DISTANCE_511,2,0.0005602162220744244
A3 ordinal,DISTANCE_512,DISTANCE_512,2,-9.493340732464925e-06
A3 ordinal,DISTANCE_521,DISTANCE_521,2,0.00010442674805711417
A3 ordinal,DISTANCE_522,DISTANCE_522,2,-0.0008288304799642844
A3 ordinal,DISTANCE_523,DISTANCE_523,2,-0.0009149980056164277
A3 ordinal,PROPORTION_21,PROPORTION_21,2,0.001933487811386002
A3 ordinal,PROPORTION_22,PROPORTION_22,2,-0.0008094073544425541
A3 ordinal,PROPORTION_23,PROPORTION_23,2,-0.0006337826952959064
A3 ordinal,PROPORTION_24,PROPORTION_24,2,-0.0017989965757711165
A3 ordinal,PROPORTION_31,PROPORTION_31,2,-0.0011185278189675383
A3 ordinal,PROPORTION_32,PROPORTION_32,2,3.866312541343954e-06
A3 ordinal,MEN_1IND,MEN_1IND,2,-0.00042762361905906374
A3 ordinal,MEN_5IND,MEN_5IND,2,0.00041035348958160537
A3 ordinal,LOG_A2_A3,LOG_A2_A3,2,-0.0004084990998644532
A3 ordinal,IND_Y3_Y4,IND_Y3_Y4,2,0.0005875827359470996
A3 ordinal,IND_Y5_Y6,IND_Y5_Y6,3,0.000824249786216884
A3 ordinal,IND_Y8_Y9,IND_Y8_Y9,2,-0.0005815807245688899
A3 ordinal,DISTANCE_1,DISTANCE_1,2,0.0003532904924690874
A3 ordinal,DISTANCE_2,DISTANCE_2,1,
A3 ordinal,ALTITUDE_1,ALTITUDE_1,2,-0.0021572070964024125
A3 ordinal,ALTITUDE_2,ALTITUDE_2,2,-0.0018888174524591956
A3 ordinal,ALTITUDE_3,ALTITUDE_3,2,-0.0018076406424016767
A3 ordinal,ALTITUDE_4,ALTITUDE_4,2,-0.0022480446973875694
A3 ordinal,ALTITUDE_5,ALTITUDE_5,2,-0.0016149056373575678
A3 ordinal,NBJTX25_MM_A,NBJTX25_MM_A,2,-0.0017550677280570785
A3 ordinal,NBJTX25_MMAX_A,NBJTX25_MMAX_A,2,-0.0013886465995557313
A3 ordinal,NBJTX25_MSOM_A,NBJTX25_MSOM_A,2,-0.0017550677280570785
A3 ordinal,NBJTX0_MM_A,NBJTX0_MM_A,2,0.0019641030889362967
A3 ordinal,NBJTX0_MMAX_A,NBJTX0_MMAX_A,2,0.002971015546778544
A3 ordinal,NBJTX0_MSOM_A,NBJTX0_MSOM_A,2,0.0019641030889362967
A3 ordinal,NBJTXI27_MM_A,NBJTXI27_MM_A,2,0.0023975231968598677
A3 ordinal,NBJTXI27_MMAX_A,NBJTXI27_MMAX_A,2,0.0008880456474449468
A3 ordinal,NBJTXI27_MSOM_A,NBJTXI27_MSOM_A,2,0.0023975231968598677
A3 ordinal,NBJTXS32_MM_A,NBJTXS32_MM_A,2,-0.0005542510577827606
A3 ordinal,NBJTXS32_MMAX_A,NBJTXS32_MMAX_A,2,-0.0006020814909750647
A3 ordinal,NBJTXS32_MSOM_A,NBJTXS32_MSOM_A,2,-0.0005542510577827606
A3 ordinal,NBJTXI20_MM_A,NBJTXI20_MM_A,2,0.0008729144989977997
A3 ordinal,NBJTXI20_MMAX_A,NBJTXI20_MMAX_A,2,0.0008463258703562983
A3 ordinal,NBJTXI20_MSOM_A,NBJTXI20_MSOM_A,2,0.0008729144989977997
A3 ordinal,NBJTX30_MM_A,NBJTX30_MM_A,2,-0.0010152054911257797
A3 ordinal,NBJTX30_MMAX_A,NBJTX30_MMAX_A,2,-0.0005644354846221865
A3 ordinal,NBJTX30_MSOM_A,NBJTX30_MSOM_A,2,-0.0010152054911257797
A3 ordinal,NBJTX35_MM_A,NBJTX35_MM_A,2,-0.000800786933202865
A3 ordinal,NBJTX35_MMAX_A,NBJTX35_MMAX_A,2,-0.0006519851824882519
A3 ordinal,NBJTX35_MSOM_A,NBJTX35_MSOM_A,2,-0.000800786933202865
A3 ordinal,NBJTN10_MM_A,NBJTN10_MM_A,2,-0.0007890384693845272
A3 ordinal,NBJTN10_MMAX_A,NBJTN10_MMAX_A,2,-0.0007067992226561624
A3 ordinal,NBJTN10_MSOM_A,NBJTN10_MSOM_A,2,-0.0007890384693845272
A3 ordinal,NBJTNI10_MM_A,NBJTNI10_MM_A,2,0.002114250638911834
A3 ordinal,NBJTNI10_MMAX_A,NBJTNI10_MMAX_A,2,0.0010455769068790678
A3 ordinal,NBJTNI10_MSOM_A,NBJTNI10_MSOM_A,2,0.002114250638911834
A3 ordinal,NBJTN5_MM_A,NBJTN5_MM_A,2,-0.0007755441038222878
A3 ordinal,NBJTN5_MMAX_A,NBJTN5_MMAX_A,2,0.001676465776628509
A3 ordinal,NBJTN5_MSOM_A,NBJTN5_MSOM_A,2,-0.0007755441038222878
A3 ordinal,NBJTNS25_MM_A,NBJTNS25_MM_A,1,
A3 ordinal,NBJTNS25_MMAX_A,NBJTNS25_MMAX_A,1,
A3 ordinal,NBJTNS25_MSOM_A,NBJTNS25_MSOM_A,1,
A3 ordinal,NBJTNI15_MM_A,NBJTNI15_MM_A,2,0.0023005165312143354
A3 ordinal,NBJTNI15_MMAX_A,NBJTNI15_MMAX_A,1,
A3 ordinal,NBJTNI15_MSOM_A,NBJTNI15_MSOM_A,2,0.0023005165312143354
A3 ordinal,NBJTNI20_MM_A,NBJTNI20_MM_A,2,0.002587390011509166
A3 ordinal,NBJTNI20_MMAX_A,NBJTNI20_MMAX_A,1,
A3 ordinal,NBJTNI20_MSOM_A,NBJTNI20_MSOM_A,2,0.002587390011509166
A3 ordinal,NBJTNS20_MM_A,NBJTNS20_MM_A,2,-0.0019584289082686165
A3 ordinal,NBJTNS20_MMAX_A,NBJTNS20_MMAX_A,2,-0.0015992459974138611
A3 ordinal,NBJTNS20_MSOM_A,NBJTNS20_MSOM_A,2,-0.0019584289082686165
A3 ordinal,NBJTMS24_MM_A,NBJTMS24_MM_A,2,-0.0007333878512976638
A3 ordinal,NBJTMS24_MMAX_A,NBJTMS24_MMAX_A,2,-0.0009767229068539487
A3 ordinal,NBJTMS24_MSOM_A,NBJTMS24_MSOM_A,2,-0.0007333878512976638
A3 ordinal,TAMPLIAB_VOR_MM_A,TAMPLIAB_VOR_MM_A,2,-0.0008636393959833224
A3 ordinal,TAMPLIAB_VOR_MMAX_A,TAMPLIAB_VOR_MMAX_A,2,0.001406214735853741
A3 ordinal,TAMPLIM_VOR_MM_A,TAMPLIM_VOR_MM_A,2,-0.0011061742465736525
A3 ordinal,TAMPLIM_VOR_MMAX_A,TAMPLIM_VOR_MMAX_A,2,0.0005077664238513806
A3 ordinal,TM_VOR_MM_A,TM_VOR_MM_A,2,-0.002021281371049074
A3 ordinal,TM_VOR_MMAX_A,TM_VOR_MMAX_A,2,-0.0016410021474555078
A3 ordinal,TMM_VOR_MM_A,TMM_VOR_MM_A,3,-0.0008043232935580907
A3 ordinal,TMM_VOR_MMAX_A,TMM_VOR_MMAX_A,3,-0.0010529669816044262
A3 ordinal,TMMAX_VOR_MM_A,TMMAX_VOR_MM_A,2,-0.0016882869863528425
A3 ordinal,TMMAX_VOR_MMAX_A,TMMAX_VOR_MMAX_A,2,-0.0006814836473695893
A3 ordinal,TMMIN_VOR_MM_A,TMMIN_VOR_MM_A,2,-0.0017761640407958895
A3 ordinal,TMMIN_VOR_MMAX_A,TMMIN_VOR_MMAX_A,2,-0.000582949317698143
A3 ordinal,TN_VOR_MM_A,TN_VOR_MM_A,2,-0.0023164842575804354
A3 ordinal,TN_VOR_MMAX_A,TN_VOR_MMAX_A,2,-0.001953809543237877
A3 ordinal,TNAB_VOR_MM_A,TNAB_VOR_MM_A,2,-0.0025077696173966537
A3 ordinal,TNAB_VOR_MMAX_A,TNAB_VOR_MMAX_A,2,0.0003093519652475639
A3 ordinal,TNMAX_VOR_MM_A,TNMAX_VOR_MM_A,2,-0.0012274052989158194
A3 ordinal,TNMAX_VOR_MMAX_A,TNMAX_VOR_MMAX_A,2,-0.001012041044214958
A3 ordinal,TX_VOR_MM_A,TX_VOR_MM_A,2,-0.001576876631320122
A3 ordinal,TX_VOR_MMAX_A,TX_VOR_MMAX_A,2,-0.0013361240554266916
A3 ordinal,TXAB_VOR_MM_A,TXAB_VOR_MM_A,2,-0.00162197909303758
A3 ordinal,TXAB_VOR_MMAX_A,TXAB_VOR_MMAX_A,2,0.001476741891716766
A3 ordinal,TXMIN_VOR_MM_A,TXMIN_VOR_MM_A,2,-0.001090461130878538
A3 ordinal,TXMIN_VOR_MMAX_A,TXMIN_VOR_MMAX_A,2,9.489703437165129e-05
A3 ordinal,NBJFF10_MM_A,NBJFF10_MM_A,2,0.0019402788047226396
A3 ordinal,NBJFF10_MMAX_A,NBJFF10_MMAX_A,2,0.0019662490931631757
A3 ordinal,NBJFF10_MSOM_A,NBJFF10_MSOM_A,2,0.0019402788047226396
A3 ordinal,NBJFF16_MM_A,NBJFF16_MM_A,2,0.00023860657166655135
A3 ordinal,NBJFF16_MMAX_A,NBJFF16_MMAX_A,2,0.0018636046198029612
A3 ordinal,NBJFF16_MSOM_A,NBJFF16_MSOM_A,2,0.00023860657166655135
A3 ordinal,NBJFF28_MM_A,NBJFF28_MM_A,2,-0.0021203249220624913
A3 ordinal,NBJFF28_MMAX_A,NBJFF28_MMAX_A,2,-0.0011198504769008816
A3 ordinal,NBJFF28_MSOM_A,NBJFF28_MSOM_A,2,-0.0021203249220624913
A3 ordinal,NBJFXI3S10_MM_A,NBJFXI3S10_MM_A,2,0.002374026269223192
A3 ordinal,NBJFXI3S10_MMAX_A,NBJFXI3S10_MMAX_A,2,0.0024847819111019497
A3 ordinal,NBJFXI3S10_MSOM_A,NBJFXI3S10_MSOM_A,2,0.002374026269223192
A3 ordinal,NBJFXI3S16_MM_A,NBJFXI3S16_MM_A,2,-0.0011090477098604904
A3 ordinal,NBJFXI3S16_MMAX_A,NBJFXI3S16_MMAX_A,2,0.0014573914807218566
A3 ordinal,NBJFXI3S16_MSOM_A,NBJFXI3S16_MSOM_A,2,-0.0011090477098604904
A3 ordinal,NBJFXI3S28_MM_A,NBJFXI3S28_MM_A,2,-0.0019714140524888847
A3 ordinal,NBJFXI3S28_MMAX_A,NBJFXI3S28_MMAX_A,2,-0.0004946357878191207
A3 ordinal,NBJFXI3S28_MSOM_A,NBJFXI3S28_MSOM_A,2,-0.0019714140524888847
A3 ordinal,NBJFXY8_MM_A,NBJFXY8_MM_A,2,0.0019002685564248945
A3 ordinal,NBJFXY8_MMAX_A,NBJFXY8_MMAX_A,2,0.0023347798529384043
A3 ordinal,NBJFXY8_MSOM_A,NBJFXY8_MSOM_A,2,0.0019002685564248945
A3 ordinal,NBJFXY10_MM_A,NBJFXY10_MM_A,2,0.0007517925655146265
A3 ordinal,NBJFXY10_MMAX_A,NBJFXY10_MMAX_A,2,0.001875171218856309
A3 ordinal,NBJFXY10_MSOM_A,NBJFXY10_MSOM_A,2,0.0007517925655146265
A3 ordinal,NBJFXY15_MM_A,NBJFXY15_MM_A,2,-0.0009383130684881136
A3 ordinal,NBJFXY15_MMAX_A,NBJFXY15_MMAX_A,2,0.001253921181651325
A3 ordinal,NBJFXY15_MSOM_A,NBJFXY15_MSOM_A,2,-0.0009383130684881136
A3 ordinal,FFM_VOR_MM_A,FFM_VOR_MM_A,2,0.002737901291014683
A3 ordinal,FFM_VOR_MMAX_A,FFM_VOR_MMAX_A,2,0.0004467689816738186
A3 ordinal,FXI3SAB_VOR_MM_A,FXI3SAB_VOR_MM_A,2,1.6076845225093857e-05
A3 ordinal,FXI3SAB_VOR_MMAX_A,FXI3SAB_VOR_MMAX_A,2,1.6076845225093857e-05
A3 ordinal,FXIAB_VOR_MM_A,FXIAB_VOR_MM_A,2,0.000832031299828104
A3 ordinal,FXIAB_VOR_MMAX_A,FXIAB_VOR_MMAX_A,2,0.0020519073974733476
A3 ordinal,FXYAB_VOR_MM_A,FXYAB_VOR_MM_A,2,0.0018419627127691809
A3 ordinal,FXYAB_VOR_MMAX_A,FXYAB_VOR_MMAX_A,2,0.0019748331100706918
A3 ordinal,FFM_VOR_COM_MM_A_Y,FFM_VOR_COM_MM_A_Y,2,0.002227868713086053
A3 ordinal,FFM_VOR_COM_MMAX_A_Y,FFM_VOR_COM_MMAX_A_Y,2,0.0019229475314034258
A3 ordinal,FXI3SAB_VOR_COM_MM_A_Y,FXI3SAB_VOR_COM_MM_A_Y,2,-0.0010428459700433054
A3 ordinal,FXI3SAB_VOR_COM_MMAX_A_Y,FXI3SAB_VOR_COM_MMAX_A_Y,2,-0.0010402781100679087
A3 ordinal,NBJRR50_MM_A,NBJRR50_MM_A,2,-0.0013106266153751287
A3 ordinal,NBJRR50_MMAX_A,NBJRR50_MMAX_A,2,-0.002200018062081
A3 ordinal,NBJRR50_MSOM_A,NBJRR50_MSOM_A,2,-0.0013106266153751287
A3 ordinal,NBJRR1_MM_A,NBJRR1_MM_A,2,-0.0013556563311865907
A3 ordinal,NBJRR1_MMAX_A,NBJRR1_MMAX_A,2,-0.0014990385119045093
A3 ordinal,NBJRR1_MSOM_A,NBJRR1_MSOM_A,2,-0.0013556563311865907
A3 ordinal,NBJRR5_MM_A,NBJRR5_MM_A,2,-0.0015618546017319686
A3 ordinal,NBJRR5_MMAX_A,NBJRR5_MMAX_A,2,-0.0015811686397738801
A3 ordinal,NBJRR5_MSOM_A,NBJRR5_MSOM_A,2,-0.0015618546017319686
A3 ordinal,NBJRR10_MM_A,NBJRR10_MM_A,2,-0.0022132941899252515
A3 ordinal,NBJRR10_MMAX_A,NBJRR10_MMAX_A,2,-0.002081478608260681
A3 ordinal,NBJRR10_MSOM_A,NBJRR10_MSOM_A,2,-0.0022132941899252515
A3 ordinal,NBJRR30_MM_A,NBJRR30_MM_A,2,-0.0018199207032524234
A3 ordinal,NBJRR30_MMAX_A,NBJRR30_MMAX_A,2,-0.0017465928300085562
A3 ordinal,NBJRR30_MSOM_A,NBJRR30_MSOM_A,2,-0.0018199207032524234
A3 ordinal,NBJRR100_MM_A,NBJRR100_MM_A,2,-0.0012442823491068682
A3 ordinal,NBJRR100_MMAX_A,NBJRR100_MMAX_A,2,-0.0010007654287855937
A3 ordinal,NBJRR100_MSOM_A,NBJRR100_MSOM_A,2,-0.0012442823491068682
A3 ordinal,RR_VOR_MM_A,RR_VOR_MM_A,2,-0.0021019565807985268
A3 ordinal,RR_VOR_MMAX_A,RR_VOR_MMAX_A,2,-0.0023636599776187765
A3 ordinal,RRAB_VOR_MM_A,RRAB_VOR_MM_A,2,-0.0008137720774231332
A3 ordinal,RRAB_VOR_MMAX_A,RRAB_VOR_MMAX_A,2,-0.0017037454913769712
A3 ordinal,TAILLE1,TAILLE1,2,0.006445707451060916
A3 ordinal,TAILLE2,TAILLE2,2,0.006095464317166851
A3 ordinal,CARACT4,CARACT4,2,0.001110547296902971
A3 ordinal,SURFACE4,SURFACE4,2,0.006761016379634853
A3 ordinal,SURFACE6,SURFACE6,2,0.006761016379634853
A3 ordinal,total_surface_2023,total_surface_2023,2,0.0008800092673499015
A3 ordinal,total_surface_5y,total_surface_5y,2,0.001192407012147161
A3 ordinal,surface_over_forest,surface_over_forest,2,0.0005615812133009532
A3 ordinal,fire_extinction_rates,fire_extinction_rates,2,-0.0002728195082143362
"A4 ordinal, Wilson off",ACTIVIT2,ACTIVIT2,4,0.0022195054707289676
"A4 ordinal, Wilson off",VOCATION,VOCATION,2,0.006136636773437002
"A4 ordinal, Wilson off",ADOSS,ADOSS,2,0.00012123001012877896
"A4 ordinal, Wilson off",CARACT1,CARACT1,2,0.0003178012277487004
"A4 ordinal, Wilson off",CARACT3,CARACT3,1,
"A4 ordinal, Wilson off",INDEM1,INDEM1,2,0.0005683739754465337
"A4 ordinal, Wilson off",TYPBAT1,TYPBAT1,2,1.0674334760208694e-05
"A4 ordinal, Wilson off",INDEM2,INDEM2,2,0.002371374562700013
"A4 ordinal, Wilson off",FRCH1,FRCH1,2,0.00017425514320397388
"A4 ordinal, Wilson off",FRCH2,FRCH2,2,0.0006310446612896972
"A4 ordinal, Wilson off",DEROG2,DEROG2,2,0.0008172801883524487
"A4 ordinal, Wilson off",DEROG3,DEROG3,2,0.0004964954617223806
"A4 ordinal, Wilson off",DEROG4,DEROG4,2,0.0017413037818497343
"A4 ordinal, Wilson off",DEROG5,DEROG5,2,0.0014639788701714927
"A4 ordinal, Wilson off",DEROG8,DEROG8,2,0.0004926831972529222
"A4 ordinal, Wilson off",DEROG12,DEROG12,2,0.004344448528183368
"A4 ordinal, Wilson off",KAPITAL34,KAPITAL34,2,3.65977389068012e-05
"A4 ordinal, Wilson off",KAPITAL35,KAPITAL35,2,0.0007106060971070566
"A4 ordinal, Wilson off",KAPITAL37,KAPITAL37,2,0.0013651372495633515
"A4 ordinal, Wilson off",KAPITAL40,KAPITAL40,2,0.006659332889149479
"A4 ordinal, Wilson off",KAPITAL41,KAPITAL41,2,0.004232445327892225
"A4 ordinal, Wilson off",KAPITAL42,KAPITAL42,2,0.001838620496670092
"A4 ordinal, Wilson off",KAPITAL43,KAPITAL43,2,0.0023340069360013576
"A4 ordinal, Wilson off",RISK6,RISK6,2,0.0014591390015462667
"A4 ordinal, Wilson off",RISK8,RISK8,2,0.0006092704084860593
"A4 ordinal, Wilson off",RISK9,RISK9,2,0.00048503786729686265
"A4 ordinal, Wilson off",RISK10,RISK10,2,0.0024253854153987817
"A4 ordinal, Wilson off",RISK11,RISK11,2,0.0037322069155998304
"A4 ordinal, Wilson off",RISK12,RISK12,2,0.0011702768881055549
"A4 ordinal, Wilson off",RISK13,RISK13,2,0.0009951641181154853
"A4 ordinal, Wilson off",EQUIPEMENT2,EQUIPEMENT2,2,0.001109553595607904
"A4 ordinal, Wilson off",EQUIPEMENT5,EQUIPEMENT5,1,
"A4 ordinal, Wilson off",ESPINSEE,ESPINSEE,1,
"A4 ordinal, Wilson off",AN_EXERC,AN_EXERC,2,0.0033141747880488493
"A4 ordinal, Wilson off",ZONE,ZONE,5,0.00219665227035323
"A4 ordinal, Wilson off",ZONE_REGION,ZONE_REGION,2,0.0019938836314262183
"A4 ordinal, Wilson off",LOG_AVA1_num,LOG_AVA1_num,2,0.00030443948077294965
"A4 ordinal, Wilson off",LOG_A1_A2_num,LOG_A1_A2_num,2,0.0004285238082421473
"A4 ordinal, Wilson off",LOG_A2_A3_num,LOG_A2_A3_num,2,0.0002488077892583847
"A4 ordinal, Wilson off",LOG_APA3_num,LOG_APA3_num,2,0.00020570673117234313
"A4 ordinal, Wilson off",LOG_INC_num,LOG_INC_num,2,3.668270921065568e-07
"A4 ordinal, Wilson off",LOG_SOC_num,LOG_SOC_num,2,-1.0075367431662913e-05
"A4 ordinal, Wilson off",LOG_TOT,LOG_TOT,2,0.0008718242219246115
"A4 ordinal, Wilson off",LOG_A1_A2_num_LOG_TOT,LOG_A1_A2_num_LOG_TOT,2,0.0006083681041844993
"A4 ordinal, Wilson off",LOG_A2_A3_num_LOG_TOT,LOG_A2_A3_num_LOG_TOT,2,2.7624555555877206e-05
"A4 ordinal, Wilson off",LOG_INC_num_LOG_TOT,LOG_INC_num_LOG_TOT,2,0.0008718242219246115
"A4 ordinal, Wilson off",LOG_SOC_num_LOG_TOT,LOG_SOC_num_LOG_TOT,2,0.0007862814943291371
"A4 ordinal, Wilson off",LOG_REGION,LOG_REGION,5,0.0010667202436263604
"A4 ordinal, Wilson off",MEN_PAUV_num,MEN_PAUV_num,2,0.00013319424200200345
"A4 ordinal, Wilson off",MEN_1IND_num,MEN_1IND_num,2,0.00042945775451959655
"A4 ordinal, Wilson off",MEN_5IND_num,MEN_5IND_num,2,0.00041108714376581845
"A4 ordinal, Wilson off",MEN_PROP_num,MEN_PROP_num,2,1.9718013719598215e-05
"A4 ordinal, Wilson off",MEN_FMP_num,MEN_FMP_num,2,0.0006036893709054225
"A4 ordinal, Wilson off",MEN_COLL_num,MEN_COLL_num,2,0.00010063890019578598
"A4 ordinal, Wilson off",MEN_MAIS_num,MEN_MAIS_num,2,9.77596060303867e-05
"A4 ordinal, Wilson off",MEN_TOT,MEN_TOT,2,0.00047745527235968987
"A4 ordinal, Wilson off",MEN_PAUV_MEN_TOT,MEN_PAUV_MEN_TOT,2,-7.388073780317376e-05
"A4 ordinal, Wilson off",MEN_PAUV_MEN,MEN_PAUV_MEN,2,5.782365217537344e-05
"A4 ordinal, Wilson off",MEN_1IND_MEN_TOT,MEN_1IND_MEN_TOT,2,0.0005537691892476026
"A4 ordinal, Wilson off",MEN_1IND_MEN,MEN_1IND_MEN,2,0.00024736073514657785
"A4 ordinal, Wilson off",MEN_5IND_MEN_TOT,MEN_5IND_MEN_TOT,2,0.0003059606514560992
"A4 ordinal, Wilson off",MEN_5IND_MEN,MEN_5IND_MEN,2,0.0003162949723141603
"A4 ordinal, Wilson off",MEN_PROP_MEN_TOT,MEN_PROP_MEN_TOT,2,-0.00010058978163785418
"A4 ordinal, Wilson off",MEN_PROP_MEN,MEN_PROP_MEN,2,-2.676707421152626e-05
"A4 ordinal, Wilson off",MEN_FMP_MEN_TOT,MEN_FMP_MEN_TOT,2,-9.905142011228113e-05
"A4 ordinal, Wilson off",MEN_FMP_MEN,MEN_FMP_MEN,2,0.0005952523477869716
"A4 ordinal, Wilson off",MEN_COLL_MEN_TOT,MEN_COLL_MEN_TOT,2,0.0008245294823551057
"A4 ordinal, Wilson off",MEN_COLL_MEN,MEN_COLL_MEN,2,0.00010368153963460845
"A4 ordinal, Wilson off",MEN_MAIS_MEN_TOT,MEN_MAIS_MEN_TOT,2,0.0008245294823551057
"A4 ordinal, Wilson off",MEN_MAIS_MEN,MEN_MAIS_MEN,2,0.00010134517779915707
"A4 ordinal, Wilson off",MEN_MEN_TOT,MEN_MEN_TOT,2,0.00045919894615477103
"A4 ordinal, Wilson off",MEN_REGION,MEN_REGION,4,0.0003425660545416339
"A4 ordinal, Wilson off",IND_Y2_Y3_num,IND_Y2_Y3_num,2,4.50994780724871e-06
"A4 ordinal, Wilson off",IND_Y3_Y4_num,IND_Y3_Y4_num,2,0.0005875827359470996
"A4 ordinal, Wilson off",IND_Y5_Y6_num,IND_Y5_Y6_num,3,0.0008247758342707484
"A4 ordinal, Wilson off",IND_Y8_Y9_num,IND_Y8_Y9_num,2,0.0005815807245688899
"A4 ordinal, Wilson off",IND_Y9_num,IND_Y9_num,2,0.0003916565602489595
"A4 ordinal, Wilson off",IND_SNV_num,IND_SNV_num,2,0.0002854679937394633
"A4 ordinal, Wilson off",IND_TOT,IND_TOT,3,4.251649773527667e-05
"A4 ordinal, Wilson off",IND_IND_TOT,IND_IND_TOT,3,4.0170942295104536e-06
"A4 ordinal, Wilson off",IND_IND_SNV,IND_IND_SNV,2,0.00032115824437576934
"A4 ordinal, Wilson off",IND_0_Y1_IND_TOT,IND_0_Y1_IND_TOT,3,4.251649773527667e-05
"A4 ordinal, Wilson off",IND_0_Y1_IND_SNV,IND_0_Y1_IND_SNV,2,0.0002854679937394633
"A4 ordinal, Wilson off",IND_Y1_Y2_IND_TOT,IND_Y1_Y2_IND_TOT,3,4.251649773527667e-05
"A4 ordinal, Wilson off",IND_Y1_Y2_IND_SNV,IND_Y1_Y2_IND_SNV,2,0.0002854679937394633
"A4 ordinal, Wilson off",IND_Y2_Y3_IND_TOT,IND_Y2_Y3_IND_TOT,3,9.537616918418362e-05
"A4 ordinal, Wilson off",IND_Y2_Y3_IND_SNV,IND_Y2_Y3_IND_SNV,2,0.0002770309706210125
"A4 ordinal, Wilson off",IND_Y3_Y4_IND_TOT,IND_Y3_Y4_IND_TOT,4,0.0008874740108725194
"A4 ordinal, Wilson off",IND_Y3_Y4_IND,IND_Y3_Y4_IND,2,0.0004784843079032857
"A4 ordinal, Wilson off",IND_Y3_Y4_IND_SNV,IND_Y3_Y4_IND_SNV,3,0.0005594855810701035
"A4 ordinal, Wilson off",IND_Y4_Y5_IND_TOT,IND_Y4_Y5_IND_TOT,3,1.5332472260870992e-05
"A4 ordinal, Wilson off",IND_Y4_Y5_IND,IND_Y4_Y5_IND,2,9.740272008260052e-05
"A4 ordinal, Wilson off",IND_Y4_Y5_IND_SNV,IND_Y4_Y5_IND_SNV,2,0.00023158717018599591
"A4 ordinal, Wilson off",IND_Y5_Y6_IND_TOT,IND_Y5_Y6_IND_TOT,3,0.0003640156887641389
"A4 ordinal, Wilson off",IND_Y5_Y6_IND,IND_Y5_Y6_IND,3,0.0007214352412892329
"A4 ordinal, Wilson off",IND_Y5_Y6_IND_SNV,IND_Y5_Y6_IND_SNV,5,0.0011880950016544764
"A4 ordinal, Wilson off",IND_Y6_Y7_IND_TOT,IND_Y6_Y7_IND_TOT,2,-1.2744428359505712e-05
"A4 ordinal, Wilson off",IND_Y6_Y7_IND_SNV,IND_Y6_Y7_IND_SNV,2,0.0003773142960894804
"A4 ordinal, Wilson off",IND_Y7_Y8_IND_TOT,IND_Y7_Y8_IND_TOT,2,7.213891065935999e-05
"A4 ordinal, Wilson off",IND_Y7_Y8_IND_SNV,IND_Y7_Y8_IND_SNV,2,0.0002020677163997278
"A4 ordinal, Wilson off",IND_Y8_Y9_IND_TOT,IND_Y8_Y9_IND_TOT,2,-2.0463550604447368e-05
"A4 ordinal, Wilson off",IND_Y8_Y9_IND,IND_Y8_Y9_IND,2,0.0006661017374415644
"A4 ordinal, Wilson off",IND_Y8_Y9_IND_SNV,IND_Y8_Y9_IND_SNV,2,0.0006519800196319409
"A4 ordinal, Wilson off",IND_Y9_IND_TOT,IND_Y9_IND_TOT,4,0.0007101778129365334
"A4 ordinal, Wilson off",IND_Y9_IND,IND_Y9_IND,2,0.0003883551164200005
"A4 ordinal, Wilson off",IND_Y9_IND_SNV,IND_Y9_IND_SNV,2,0.0006055932710276442
"A4 ordinal, Wilson off",IND_INC_IND_TOT,IND_INC_IND_TOT,3,4.251649773527667e-05
"A4 ordinal, Wilson off",IND_INC_IND_SNV,IND_INC_IND_SNV,2,0.0002854679937394633
"A4 ordinal, Wilson off",IND_SNV_IND_TOT,IND_SNV_IND_TOT,2,0.00033934881729293066
"A4 ordinal, Wilson off",IND_SNV_IND,IND_SNV_IND,2,0.00032115824437576934
"A4 ordinal, Wilson off",IND_REGION,IND_REGION,5,0.001384902800133799
"A4 ordinal, Wilson off",IND_SNV_REGION,IND_SNV_REGION,2,0.0020548776015355806
"A4 ordinal, Wilson off",ALTITUDE_1_num,ALTITUDE_1_num,2,0.0021572070964024125
"A4 ordinal, Wilson off",ALTITUDE_2_num,ALTITUDE_2_num,2,0.0018888174524591956
"A4 ordinal, Wilson off",ALTITUDE_3_num,ALTITUDE_3_num,2,0.0018076406424016767
"A4 ordinal, Wilson off",ALTITUDE_4_num,ALTITUDE_4_num,2,0.0022480446973875694
"A4 ordinal, Wilson off",ALTITUDE_5_num,ALTITUDE_5_num,2,0.0016149056373575678
"A4 ordinal, Wilson off",ALTITUDE_TOT,ALTITUDE_TOT,2,0.001998825078126218
"A4 ordinal, Wilson off",ALTITUDE_1_ALT_TOT,ALTITUDE_1_ALT_TOT,2,0.001998825078126218
"A4 ordinal, Wilson off",ALTITUDE_2_ALT_TOT,ALTITUDE_2_ALT_TOT,2,0.001998825078126218
"A4 ordinal, Wilson off",ALTITUDE_3_ALT_TOT,ALTITUDE_3_ALT_TOT,2,0.001998825078126218
"A4 ordinal, Wilson off",ALTITUDE_4_ALT_TOT,ALTITUDE_4_ALT_TOT,2,0.001998825078126218
"A4 ordinal, Wilson off",ALTITUDE_5_ALT_TOT,ALTITUDE_5_ALT_TOT,2,0.001998825078126218
"A4 ordinal, Wilson off",ALTITUDE_REGION,ALTITUDE_REGION,2,0.001291681157008162
"A4 ordinal, Wilson off",NBJTX25_MM_A_NBJTX25_MMAX_A,NBJTX25_MM_A_NBJTX25_MMAX_A,2,0.0017037091184239734
"A4 ordinal, Wilson off",NBJTX0_MM_A_NBJTX0_MMAX_A,NBJTX0_MM_A_NBJTX0_MMAX_A,2,0.0020280103673536946
"A4 ordinal, Wilson off",NBJTXI27_MM_A_NBJTXI27_MMAX_A,NBJTXI27_MM_A_NBJTXI27_MMAX_A,2,0.0017635789990585989
"A4 ordinal, Wilson off",NBJTXS32_MM_A_NBJTXS32_MMAX_A,NBJTXS32_MM_A_NBJTXS32_MMAX_A,3,0.0007112449068363369
"A4 ordinal, Wilson off",NBJTXI20_MM_A_NBJTXI20_MMAX_A,NBJTXI20_MM_A_NBJTXI20_MMAX_A,2,0.0009152162433344154
"A4 ordinal, Wilson off",NBJTX30_MM_A_NBJTX30_MMAX_A,NBJTX30_MM_A_NBJTX30_MMAX_A,2,0.0007821639812679147
"A4 ordinal, Wilson off",NBJTX35_MM_A_NBJTX35_MMAX_A,NBJTX35_MM_A_NBJTX35_MMAX_A,2,0.0002754523730534746
"A4 ordinal, Wilson off",NBJTN10_MM_A_NBJTN10_MMAX_A,NBJTN10_MM_A_NBJTN10_MMAX_A,2,0.0006913770905850317
"A4 ordinal, Wilson off",NBJTNI10_MM_A_NBJTNI10_MMAX_A,NBJTNI10_MM_A_NBJTNI10_MMAX_A,2,0.002184523184103873
"A4 ordinal, Wilson off",NBJTN5_MM_A_NBJTN5_MMAX_A,NBJTN5_MM_A_NBJTN5_MMAX_A,5,0.0018021416038270254
"A4 ordinal, Wilson off",NBJTNS25_MM_A_NBJTNS25_MMAX_A,NBJTNS25_MM_A_NBJTNS25_MMAX_A,1,
"A4 ordinal, Wilson off",NBJTNI15_MM_A_NBJTNI15_MMAX_A,NBJTNI15_MM_A_NBJTNI15_MMAX_A,2,0.0012164570400634365
"A4 ordinal, Wilson off",NBJTNI20_MM_A_NBJTNI20_MMAX_A,NBJTNI20_MM_A_NBJTNI20_MMAX_A,2,0.002587390011509166
"A4 ordinal, Wilson off",NBJTNS20_MM_A_NBJTNS20_MMAX_A,NBJTNS20_MM_A_NBJTNS20_MMAX_A,2,0.0022633797462034283
"A4 ordinal, Wilson off",NBJTMS24_MM_A_NBJTMS24_MMAX_A,NBJTMS24_MM_A_NBJTMS24_MMAX_A,2,0.0004129421353857252
"A4 ordinal, Wilson off",TAMPLIAB_VOR_MM_A_TAMPLIAB_VOR_MMAX_A,TAMPLIAB_VOR_MM_A_TAMPLIAB_VOR_MMAX_A,2,0.002033575429162381
"A4 ordinal, Wilson off",TAMPLIM_VOR_MM_A_TAMPLIM_VOR_MMAX_A,TAMPLIM_VOR_MM_A_TAMPLIM_VOR_MMAX_A,2,0.0016139406704250329
"A4 ordinal, Wilson off",TM_VOR_MM_A_TM_VOR_MMAX_A,TM_VOR_MM_A_TM_VOR_MMAX_A,2,0.002370388973923397
"A4 ordinal, Wilson off",TMM_VOR_MM_A_TMM_VOR_MMAX_A,TMM_VOR_MM_A_TMM_VOR_MMAX_A,2,0.0014845984495643232
"A4 ordinal, Wilson off",TMMAX_VOR_MM_A_TMMAX_VOR_MMAX_A,TMMAX_VOR_MM_A_TMMAX_VOR_MMAX_A,5,0.0015665703550881529
"A4 ordinal, Wilson off",TMMIN_VOR_MM_A_TMMIN_VOR_MMAX_A,TMMIN_VOR_MM_A_TMMIN_VOR_MMAX_A,5,0.0019399696346221568
"A4 ordinal, Wilson off",TN_VOR_MM_A_TN_VOR_MMAX_A,TN_VOR_MM_A_TN_VOR_MMAX_A,4,0.002175033480666708
"A4 ordinal, Wilson off",TNAB_VOR_MM_A_TNAB_VOR_MMAX_A,TNAB_VOR_MM_A_TNAB_VOR_MMAX_A,2,0.003055218932968798
"A4 ordinal, Wilson off",TNMAX_VOR_MM_A_TNMAX_VOR_MMAX_A,TNMAX_VOR_MM_A_TNMAX_VOR_MMAX_A,2,0.0011989252767184246
"A4 ordinal, Wilson off",TX_VOR_MM_A_TX_VOR_MMAX_A,TX_VOR_MM_A_TX_VOR_MMAX_A,4,0.0015641479164184894
"A4 ordinal, Wilson off",TXAB_VOR_MM_A_TXAB_VOR_MMAX_A,TXAB_VOR_MM_A_TXAB_VOR_MMAX_A,2,0.0031179986498432594
"A4 ordinal, Wilson off",TXMIN_VOR_MM_A_TXMIN_VOR_MMAX_A,TXMIN_VOR_MM_A_TXMIN_VOR_MMAX_A,2,0.001848473471355814
"A4 ordinal, Wilson off",NBJFF10_MM_A_NBJFF10_MMAX_A,NBJFF10_MM_A_NBJFF10_MMAX_A,2,0.0011476757859443132
"A4 ordinal, Wilson off",NBJFF16_MM_A_NBJFF16_MMAX_A,NBJFF16_MM_A_NBJFF16_MMAX_A,2,0.002212239374288311
"A4 ordinal, Wilson off",NBJFF28_MM_A_NBJFF28_MMAX_A,NBJFF28_MM_A_NBJFF28_MMAX_A,4,0.0018471913247626363
"A4 ordinal, Wilson off",NBJFXI3S10_MM_A_NBJFXI3S10_MMAX_A,NBJFXI3S10_MM_A_NBJFXI3S10_MMAX_A,2,0.0034677973388245434
"A4 ordinal, Wilson off",NBJFXI3S16_MM_A_NBJFXI3S16_MMAX_A,NBJFXI3S16_MM_A_NBJFXI3S16_MMAX_A,2,0.0022284617113253967
"A4 ordinal, Wilson off",NBJFXI3S28_MM_A_NBJFXI3S28_MMAX_A,NBJFXI3S28_MM_A_NBJFXI3S28_MMAX_A,2,0.003547454105890054
"A4 ordinal, Wilson off",NBJFXY8_MM_A_NBJFXY8_MMAX_A,NBJFXY8_MM_A_NBJFXY8_MMAX_A,2,0.0024028700209505665
"A4 ordinal, Wilson off",NBJFXY10_MM_A_NBJFXY10_MMAX_A,NBJFXY10_MM_A_NBJFXY10_MMAX_A,2,0.0009591183976029409
"A4 ordinal, Wilson off",NBJFXY15_MM_A_NBJFXY15_MMAX_A,NBJFXY15_MM_A_NBJFXY15_MMAX_A,2,0.002418219407115701
"A4 ordinal, Wilson off",FFM_VOR_MM_A_FFM_VOR_MMAX_A,FFM_VOR_MM_A_FFM_VOR_MMAX_A,2,0.0026305283337647346
"A4 ordinal, Wilson off",FXI3SAB_VOR_MM_A_FXI3SAB_VOR_MMAX_A,FXI3SAB_VOR_MM_A_FXI3SAB_VOR_MMAX_A,2,-1.6076845225093857e-05
"A4 ordinal, Wilson off",FXIAB_VOR_MM_A_FXIAB_VOR_MMAX_A,FXIAB_VOR_MM_A_FXIAB_VOR_MMAX_A,2,0.002142439677485245
"A4 ordinal, Wilson off",FXYAB_VOR_MM_A_FXYAB_VOR_MMAX_A,FXYAB_VOR_MM_A_FXYAB_VOR_MMAX_A,2,0.0018419627127691809
"A4 ordinal, Wilson off",FFM_VOR_COM_MM_A_Y_FFM_VOR_COM_MMAX_A_Y,FFM_VOR_COM_MM_A_Y_FFM_VOR_COM_MMAX_A_Y,2,0.0016349458688224923
"A4 ordinal, Wilson off",FXI3SAB_VOR_COM_MM_A_Y_FXI3SAB_VOR_COM_MMAX_A_Y,FXI3SAB_VOR_COM_MM_A_Y_FXI3SAB_VOR_COM_MMAX_A_Y,2,0.00104357964432199
"A4 ordinal, Wilson off",NBJRR50_MM_A_NBJRR50_MMAX_A,NBJRR50_MM_A_NBJRR50_MMAX_A,2,0.0024877644932477815
"A4 ordinal, Wilson off",NBJRR1_MM_A_NBJRR1_MMAX_A,NBJRR1_MM_A_NBJRR1_MMAX_A,2,0.002130181992324936
"A4 ordinal, Wilson off",NBJRR5_MM_A_NBJRR5_MMAX_A,NBJRR5_MM_A_NBJRR5_MMAX_A,2,0.0008932833526766516
"A4 ordinal, Wilson off",NBJRR10_MM_A_NBJRR10_MMAX_A,NBJRR10_MM_A_NBJRR10_MMAX_A,2,0.002081478608260681
"A4 ordinal, Wilson off",NBJRR30_MM_A_NBJRR30_MMAX_A,NBJRR30_MM_A_NBJRR30_MMAX_A,2,0.0014494621769683036
"A4 ordinal, Wilson off",NBJRR100_MM_A_NBJRR100_MMAX_A,NBJRR100_MM_A_NBJRR100_MMAX_A,2,0.0009889442190612599
"A4 ordinal, Wilson off",RR_VOR_MM_A_RR_VOR_MMAX_A,RR_VOR_MM_A_RR_VOR_MMAX_A,2,0.002061691721829796
"A4 ordinal, Wilson off",RRAB_VOR_MM_A_RRAB_VOR_MMAX_A,RRAB_VOR_MM_A_RRAB_VOR_MMAX_A,2,0.0020308474576875347
"A4 ordinal, Wilson off",total_surface_crossed,total_surface_crossed,2,0.001222142675008937
"A4 ordinal, Wilson off",nb_casernes_extinction_rate,nb_casernes_extinction_rate,2,0.0006965663898700703
"A4 ordinal, Wilson off",zone_vent_extinction_rate,zone_vent_extinction_rate,5,0.001728823712322511
"A4 ordinal, Wilson off",VENT_x_CASERNES,VENT_x_CASERNES,2,0.001523637706557682
"A4 ordinal, Wilson off",TYPERS,TYPERS,2,0.005349716073041332
"A4 ordinal, Wilson off",NB_CASERNES,NB_CASERNES,2,8.791472609289964e-05
"A4 ordinal, Wilson off",BDTOPO_BAT_MAX_HAUTEUR,BDTOPO_BAT_MAX_HAUTEUR,2,0.0037372844643260637
"A4 ordinal, Wilson off",HAUTEUR_MAX,HAUTEUR_MAX,2,0.0036119401789380737
"A4 ordinal, Wilson off",HAUTEUR,HAUTEUR,3,0.002043946336726956
"A4 ordinal, Wilson off",BDTOPO_BAT_MAX_HAUTEUR_MAX,BDTOPO_BAT_MAX_HAUTEUR_MAX,2,0.0021827643455442462
"A4 ordinal, Wilson off",MEN_SURF,MEN_SURF,3,-0.0008640848454230505
"A4 ordinal, Wilson off",IND_SNV,IND_SNV,2,-0.0002854679937394633
"A4 ordinal, Wilson off",IND_Y9,IND_Y9,2,-0.0003916565602489595
"A4 ordinal, Wilson off",LOG_SOC,LOG_SOC,2,-1.0075367431662913e-05
"A4 ordinal, Wilson off",LOG_APA3,LOG_APA3,2,-0.00020570673117234313
"A4 ordinal, Wilson off",LOG_AVA1,LOG_AVA1,2,0.00013029788330543206
"A4 ordinal, Wilson off",MEN_MAIS,MEN_MAIS,2,4.5585283260605914e-05
"A4 ordinal, Wilson off",MEN_COLL,MEN_COLL,2,-0.00012825895480574775
"A4 ordinal, Wilson off",MEN_FMP,MEN_FMP,2,0.0006003879270764634
"A4 ordinal, Wilson off",MEN_PROP,MEN_PROP,2,0.00014575485521001026
"A4 ordinal, Wilson off",MEN_PAUV,MEN_PAUV,2,-0.00013319424200200345
"A4 ordinal, Wilson off",COEFASS,COEFASS,2,0.001051561168475532
"A4 ordinal, Wilson off",DISTANCE_111,DISTANCE_111,2,-0.0001768452974760324
"A4 ordinal, Wilson off",DISTANCE_112,DISTANCE_112,2,-0.0002881465336497591
"A4 ordinal, Wilson off",DISTANCE_121,DISTANCE_121,2,-0.0005881870229298478
"A4 ordinal, Wilson off",DISTANCE_122,DISTANCE_122,2,-0.0005977531095683087
"A4 ordinal, Wilson off",DISTANCE_123,DISTANCE_123,2,-0.0009146342760864482
"A4 ordinal, Wilson off",DISTANCE_124,DISTANCE_124,1,
"A4 ordinal, Wilson off",DISTANCE_131,DISTANCE_131,2,0.0012869114500204655
"A4 ordinal, Wilson off",DISTANCE_132,DISTANCE_132,2,-0.001119414001464906
"A4 ordinal, Wilson off",DISTANCE_133,DISTANCE_133,2,-0.0012177664663713627
"A4 ordinal, Wilson off",DISTANCE_141,DISTANCE_141,2,-0.00017389908828319847
"A4 ordinal, Wilson off",DISTANCE_142,DISTANCE_142,1,
"A4 ordinal, Wilson off",DISTANCE_211,DISTANCE_211,2,-0.0007089088539300436
"A4 ordinal, Wilson off",DISTANCE_212,DISTANCE_212,2,0.0024015605946426403
"A4 ordinal, Wilson off",DISTANCE_213,DISTANCE_213,2,0.001865095910875877
"A4 ordinal, Wilson off",DISTANCE_221,DISTANCE_221,2,0.0004732848644093241
"A4 ordinal, Wilson off",DISTANCE_222,DISTANCE_222,2,-0.00012279508932107886
"A4 ordinal, Wilson off",DISTANCE_223,DISTANCE_223,2,0.0015716752990414151
"A4 ordinal, Wilson off",DISTANCE_231,DISTANCE_231,2,0.001579822840512956
"A4 ordinal, Wilson off",DISTANCE_242,DISTANCE_242,2,0.0018271952938520132
"A4 ordinal, Wilson off",DISTANCE_243,DISTANCE_243,2,0.00035885555427777374
"A4 ordinal, Wilson off",DISTANCE_244,DISTANCE_244,1,
"A4 ordinal, Wilson off",DISTANCE_311,DISTANCE_311,2,0.0004752428228130302
"A4 ordinal, Wilson off",DISTANCE_312,DISTANCE_312,1,
"A4 ordinal, Wilson off",DISTANCE_313,DISTANCE_313,1,
"A4 ordinal, Wilson off",DISTANCE_321,DISTANCE_321,2,0.0004063950038460942
"A4 ordinal, Wilson off",DISTANCE_322,DISTANCE_322,2,-0.0010032024166364562
"A4 ordinal, Wilson off",DISTANCE_323,DISTANCE_323,2,0.003175613407392012
"A4 ordinal, Wilson off",DISTANCE_324,DISTANCE_324,1,
"A4 ordinal, Wilson off",DISTANCE_331,DISTANCE_331,2,2.4406251461624384e-05
"A4 ordinal, Wilson off",DISTANCE_332,DISTANCE_332,2,0.0019672675358471184
"A4 ordinal, Wilson off",DISTANCE_333,DISTANCE_333,2,-3.815522769484945e-05
"A4 ordinal, Wilson off",DISTANCE_334,DISTANCE_334,2,0.002175866421290361
"A4 ordinal, Wilson off",DISTANCE_335,DISTANCE_335,2,0.0017922772589739813
"A4 ordinal, Wilson off",DISTANCE_411,DISTANCE_411,2,-0.00218972451638258
"A4 ordinal, Wilson off",DISTANCE_412,DISTANCE_412,2,-0.0008151542496370552
"A4 ordinal, Wilson off",DISTANCE_421,DISTANCE_421,2,-0.00017775462130098117
"A4 ordinal, Wilson off",DISTANCE_422,DISTANCE_422,2,0.0013826814352640676
"A4 ordinal, Wilson off",DISTANCE_423,DISTANCE_423,2,0.00031637194517616826
"A4 ordinal, Wilson off",DISTANCE_511,DISTANCE_511,2,0.0005602162220744244
"A4 ordinal, Wilson off",DISTANCE_512,DISTANCE_512,2,-9.493340732464925e-06
"A4 ordinal, Wilson off",DISTANCE_521,DISTANCE_521,2,0.00010442674805711417
"A4 ordinal, Wilson off",DISTANCE_522,DISTANCE_522,2,-0.0008288304799642844
"A4 ordinal, Wilson off",DISTANCE_523,DISTANCE_523,2,-0.0009149980056164277
"A4 ordinal, Wilson off",PROPORTION_21,PROPORTION_21,2,0.001933487811386002
"A4 ordinal, Wilson off",PROPORTION_22,PROPORTION_22,2,-0.0008094073544425541
"A4 ordinal, Wilson off",PROPORTION_23,PROPORTION_23,2,-0.0006337826952959064
"A4 ordinal, Wilson off",PROPORTION_24,PROPORTION_24,2,-0.0017989965757711165
"A4 ordinal, Wilson off",PROPORTION_31,PROPORTION_31,2,-0.0011185278189675383
"A4 ordinal, Wilson off",PROPORTION_32,PROPORTION_32,2,3.866312541343954e-06
"A4 ordinal, Wilson off",MEN_1IND,MEN_1IND,2,-0.00042762361905906374
"A4 ordinal, Wilson off",MEN_5IND,MEN_5IND,2,0.00041035348958160537
"A4 ordinal, Wilson off",LOG_A2_A3,LOG_A2_A3,2,-0.0004084990998644532
"A4 ordinal, Wilson off",IND_Y3_Y4,IND_Y3_Y4,2,0.0005875827359470996
"A4 ordinal, Wilson off",IND_Y5_Y6,IND_Y5_Y6,3,0.000824249786216884
"A4 ordinal, Wilson off",IND_Y8_Y9,IND_Y8_Y9,2,-0.0005815807245688899
"A4 ordinal, Wilson off",DISTANCE_1,DISTANCE_1,2,0.0003532904924690874
"A4 ordinal, Wilson off",DISTANCE_2,DISTANCE_2,1,
"A4 ordinal, Wilson off",ALTITUDE_1,ALTITUDE_1,2,-0.0021572070964024125
"A4 ordinal, Wilson off",ALTITUDE_2,ALTITUDE_2,2,-0.0018888174524591956
"A4 ordinal, Wilson off",ALTITUDE_3,ALTITUDE_3,2,-0.0018076406424016767
"A4 ordinal, Wilson off",ALTITUDE_4,ALTITUDE_4,2,-0.0022480446973875694
"A4 ordinal, Wilson off",ALTITUDE_5,ALTITUDE_5,2,-0.0016149056373575678
"A4 ordinal, Wilson off",NBJTX25_MM_A,NBJTX25_MM_A,2,-0.0017550677280570785
"A4 ordinal, Wilson off",NBJTX25_MMAX_A,NBJTX25_MMAX_A,2,-0.0013886465995557313
"A4 ordinal, Wilson off",NBJTX25_MSOM_A,NBJTX25_MSOM_A,2,-0.0017550677280570785
"A4 ordinal, Wilson off",NBJTX0_MM_A,NBJTX0_MM_A,2,0.0019641030889362967
"A4 ordinal, Wilson off",NBJTX0_MMAX_A,NBJTX0_MMAX_A,2,0.002971015546778544
"A4 ordinal, Wilson off",NBJTX0_MSOM_A,NBJTX0_MSOM_A,2,0.0019641030889362967
"A4 ordinal, Wilson off",NBJTXI27_MM_A,NBJTXI27_MM_A,2,0.0023975231968598677
"A4 ordinal, Wilson off",NBJTXI27_MMAX_A,NBJTXI27_MMAX_A,2,0.0008880456474449468
"A4 ordinal, Wilson off",NBJTXI27_MSOM_A,NBJTXI27_MSOM_A,2,0.0023975231968598677
"A4 ordinal, Wilson off",NBJTXS32_MM_A,NBJTXS32_MM_A,2,-0.0005542510577827606
"A4 ordinal, Wilson off",NBJTXS32_MMAX_A,NBJTXS32_MMAX_A,2,-0.0006020814909750647
"A4 ordinal, Wilson off",NBJTXS32_MSOM_A,NBJTXS32_MSOM_A,2,-0.0005542510577827606
"A4 ordinal, Wilson off",NBJTXI20_MM_A,NBJTXI20_MM_A,2,0.0008729144989977997
"A4 ordinal, Wilson off",NBJTXI20_MMAX_A,NBJTXI20_MMAX_A,2,0.0008463258703562983
"A4 ordinal, Wilson off",NBJTXI20_MSOM_A,NBJTXI20_MSOM_A,2,0.0008729144989977997
"A4 ordinal, Wilson off",NBJTX30_MM_A,NBJTX30_MM_A,2,-0.0010152054911257797
"A4 ordinal, Wilson off",NBJTX30_MMAX_A,NBJTX30_MMAX_A,2,-0.0005644354846221865
"A4 ordinal, Wilson off",NBJTX30_MSOM_A,NBJTX30_MSOM_A,2,-0.0010152054911257797
"A4 ordinal, Wilson off",NBJTX35_MM_A,NBJTX35_MM_A,2,-0.000800786933202865
"A4 ordinal, Wilson off",NBJTX35_MMAX_A,NBJTX35_MMAX_A,2,-0.0006519851824882519
"A4 ordinal, Wilson off",NBJTX35_MSOM_A,NBJTX35_MSOM_A,2,-0.000800786933202865
"A4 ordinal, Wilson off",NBJTN10_MM_A,NBJTN10_MM_A,2,-0.0007890384693845272
"A4 ordinal, Wilson off",NBJTN10_MMAX_A,NBJTN10_MMAX_A,2,-0.0007067992226561624
"A4 ordinal, Wilson off",NBJTN10_MSOM_A,NBJTN10_MSOM_A,2,-0.0007890384693845272
"A4 ordinal, Wilson off",NBJTNI10_MM_A,NBJTNI10_MM_A,2,0.002114250638911834
"A4 ordinal, Wilson off",NBJTNI10_MMAX_A,NBJTNI10_MMAX_A,2,0.0010455769068790678
"A4 ordinal, Wilson off",NBJTNI10_MSOM_A,NBJTNI10_MSOM_A,2,0.002114250638911834
"A4 ordinal, Wilson off",NBJTN5_MM_A,NBJTN5_MM_A,2,-0.0007755441038222878
"A4 ordinal, Wilson off",NBJTN5_MMAX_A,NBJTN5_MMAX_A,2,0.001676465776628509
"A4 ordinal, Wilson off",NBJTN5_MSOM_A,NBJTN5_MSOM_A,2,-0.0007755441038222878
"A4 ordinal, Wilson off",NBJTNS25_MM_A,NBJTNS25_MM_A,1,
"A4 ordinal, Wilson off",NBJTNS25_MMAX_A,NBJTNS25_MMAX_A,1,
"A4 ordinal, Wilson off",NBJTNS25_MSOM_A,NBJTNS25_MSOM_A,1,
"A4 ordinal, Wilson off",NBJTNI15_MM_A,NBJTNI15_MM_A,2,0.0023005165312143354
"A4 ordinal, Wilson off",NBJTNI15_MMAX_A,NBJTNI15_MMAX_A,1,
"A4 ordinal, Wilson off",NBJTNI15_MSOM_A,NBJTNI15_MSOM_A,2,0.0023005165312143354
"A4 ordinal, Wilson off",NBJTNI20_MM_A,NBJTNI20_MM_A,2,0.002587390011509166
"A4 ordinal, Wilson off",NBJTNI20_MMAX_A,NBJTNI20_MMAX_A,1,
"A4 ordinal, Wilson off",NBJTNI20_MSOM_A,NBJTNI20_MSOM_A,2,0.002587390011509166
"A4 ordinal, Wilson off",NBJTNS20_MM_A,NBJTNS20_MM_A,2,-0.0019584289082686165
"A4 ordinal, Wilson off",NBJTNS20_MMAX_A,NBJTNS20_MMAX_A,2,-0.0015992459974138611
"A4 ordinal, Wilson off",NBJTNS20_MSOM_A,NBJTNS20_MSOM_A,2,-0.0019584289082686165
"A4 ordinal, Wilson off",NBJTMS24_MM_A,NBJTMS24_MM_A,2,-0.0007333878512976638
"A4 ordinal, Wilson off",NBJTMS24_MMAX_A,NBJTMS24_MMAX_A,2,-0.0009767229068539487
"A4 ordinal, Wilson off",NBJTMS24_MSOM_A,NBJTMS24_MSOM_A,2,-0.0007333878512976638
"A4 ordinal, Wilson off",TAMPLIAB_VOR_MM_A,TAMPLIAB_VOR_MM_A,2,-0.0008636393959833224
"A4 ordinal, Wilson off",TAMPLIAB_VOR_MMAX_A,TAMPLIAB_VOR_MMAX_A,2,0.001406214735853741
"A4 ordinal, Wilson off",TAMPLIM_VOR_MM_A,TAMPLIM_VOR_MM_A,2,-0.0011061742465736525
"A4 ordinal, Wilson off",TAMPLIM_VOR_MMAX_A,TAMPLIM_VOR_MMAX_A,2,0.0005077664238513806
"A4 ordinal, Wilson off",TM_VOR_MM_A,TM_VOR_MM_A,2,-0.002021281371049074
"A4 ordinal, Wilson off",TM_VOR_MMAX_A,TM_VOR_MMAX_A,2,-0.0016410021474555078
"A4 ordinal, Wilson off",TMM_VOR_MM_A,TMM_VOR_MM_A,3,-0.0008043232935580907
"A4 ordinal, Wilson off",TMM_VOR_MMAX_A,TMM_VOR_MMAX_A,3,-0.0010529669816044262
"A4 ordinal, Wilson off",TMMAX_VOR_MM_A,TMMAX_VOR_MM_A,2,-0.0016882869863528425
"A4 ordinal, Wilson off",TMMAX_VOR_MMAX_A,TMMAX_VOR_MMAX_A,2,-0.0006814836473695893
"A4 ordinal, Wilson off",TMMIN_VOR_MM_A,TMMIN_VOR_MM_A,2,-0.0017761640407958895
"A4 ordinal, Wilson off",TMMIN_VOR_MMAX_A,TMMIN_VOR_MMAX_A,2,-0.000582949317698143
"A4 ordinal, Wilson off",TN_VOR_MM_A,TN_VOR_MM_A,2,-0.0023164842575804354
"A4 ordinal, Wilson off",TN_VOR_MMAX_A,TN_VOR_MMAX_A,2,-0.001953809543237877
"A4 ordinal, Wilson off",TNAB_VOR_MM_A,TNAB_VOR_MM_A,2,-0.0025077696173966537
"A4 ordinal, Wilson off",TNAB_VOR_MMAX_A,TNAB_VOR_MMAX_A,2,0.0003093519652475639
"A4 ordinal, Wilson off",TNMAX_VOR_MM_A,TNMAX_VOR_MM_A,2,-0.0012274052989158194
"A4 ordinal, Wilson off",TNMAX_VOR_MMAX_A,TNMAX_VOR_MMAX_A,2,-0.001012041044214958
"A4 ordinal, Wilson off",TX_VOR_MM_A,TX_VOR_MM_A,2,-0.001576876631320122
"A4 ordinal, Wilson off",TX_VOR_MMAX_A,TX_VOR_MMAX_A,2,-0.0013361240554266916
"A4 ordinal, Wilson off",TXAB_VOR_MM_A,TXAB_VOR_MM_A,2,-0.00162197909303758
"A4 ordinal, Wilson off",TXAB_VOR_MMAX_A,TXAB_VOR_MMAX_A,2,0.001476741891716766
"A4 ordinal, Wilson off",TXMIN_VOR_MM_A,TXMIN_VOR_MM_A,2,-0.001090461130878538
"A4 ordinal, Wilson off",TXMIN_VOR_MMAX_A,TXMIN_VOR_MMAX_A,2,9.489703437165129e-05
"A4 ordinal, Wilson off",NBJFF10_MM_A,NBJFF10_MM_A,2,0.0019402788047226396
"A4 ordinal, Wilson off",NBJFF10_MMAX_A,NBJFF10_MMAX_A,2,0.0019662490931631757
"A4 ordinal, Wilson off",NBJFF10_MSOM_A,NBJFF10_MSOM_A,2,0.0019402788047226396
"A4 ordinal, Wilson off",NBJFF16_MM_A,NBJFF16_MM_A,2,0.00023860657166655135
"A4 ordinal, Wilson off",NBJFF16_MMAX_A,NBJFF16_MMAX_A,2,0.0018636046198029612
"A4 ordinal, Wilson off",NBJFF16_MSOM_A,NBJFF16_MSOM_A,2,0.00023860657166655135
"A4 ordinal, Wilson off",NBJFF28_MM_A,NBJFF28_MM_A,2,-0.0021203249220624913
"A4 ordinal, Wilson off",NBJFF28_MMAX_A,NBJFF28_MMAX_A,2,-0.0011198504769008816
"A4 ordinal, Wilson off",NBJFF28_MSOM_A,NBJFF28_MSOM_A,2,-0.0021203249220624913
"A4 ordinal, Wilson off",NBJFXI3S10_MM_A,NBJFXI3S10_MM_A,2,0.002374026269223192
"A4 ordinal, Wilson off",NBJFXI3S10_MMAX_A,NBJFXI3S10_MMAX_A,2,0.0024847819111019497
"A4 ordinal, Wilson off",NBJFXI3S10_MSOM_A,NBJFXI3S10_MSOM_A,2,0.002374026269223192
"A4 ordinal, Wilson off",NBJFXI3S16_MM_A,NBJFXI3S16_MM_A,2,-0.0011090477098604904
"A4 ordinal, Wilson off",NBJFXI3S16_MMAX_A,NBJFXI3S16_MMAX_A,2,0.0014573914807218566
"A4 ordinal, Wilson off",NBJFXI3S16_MSOM_A,NBJFXI3S16_MSOM_A,2,-0.0011090477098604904
"A4 ordinal, Wilson off",NBJFXI3S28_MM_A,NBJFXI3S28_MM_A,2,-0.0019714140524888847
"A4 ordinal, Wilson off",NBJFXI3S28_MMAX_A,NBJFXI3S28_MMAX_A,2,-0.0004946357878191207
"A4 ordinal, Wilson off",NBJFXI3S28_MSOM_A,NBJFXI3S28_MSOM_A,2,-0.0019714140524888847
"A4 ordinal, Wilson off",NBJFXY8_MM_A,NBJFXY8_MM_A,2,0.0019002685564248945
"A4 ordinal, Wilson off",NBJFXY8_MMAX_A,NBJFXY8_MMAX_A,2,0.0023347798529384043
"A4 ordinal, Wilson off",NBJFXY8_MSOM_A,NBJFXY8_MSOM_A,2,0.0019002685564248945
"A4 ordinal, Wilson off",NBJFXY10_MM_A,NBJFXY10_MM_A,2,0.0007517925655146265
"A4 ordinal, Wilson off",NBJFXY10_MMAX_A,NBJFXY10_MMAX_A,2,0.001875171218856309
"A4 ordinal, Wilson off",NBJFXY10_MSOM_A,NBJFXY10_MSOM_A,2,0.0007517925655146265
"A4 ordinal, Wilson off",NBJFXY15_MM_A,NBJFXY15_MM_A,2,-0.0009383130684881136
"A4 ordinal, Wilson off",NBJFXY15_MMAX_A,NBJFXY15_MMAX_A,2,0.001253921181651325
"A4 ordinal, Wilson off",NBJFXY15_MSOM_A,NBJFXY15_MSOM_A,2,-0.0009383130684881136
"A4 ordinal, Wilson off",FFM_VOR_MM_A,FFM_VOR_MM_A,2,0.002737901291014683
"A4 ordinal, Wilson off",FFM_VOR_MMAX_A,FFM_VOR_MMAX_A,2,0.0004467689816738186
"A4 ordinal, Wilson off",FXI3SAB_VOR_MM_A,FXI3SAB_VOR_MM_A,2,1.6076845225093857e-05
"A4 ordinal, Wilson off",FXI3SAB_VOR_MMAX_A,FXI3SAB_VOR_MMAX_A,2,1.6076845225093857e-05
"A4 ordinal, Wilson off",FXIAB_VOR_MM_A,FXIAB_VOR_MM_A,2,0.000832031299828104
"A4 ordinal, Wilson off",FXIAB_VOR_MMAX_A,FXIAB_VOR_MMAX_A,2,0.0020519073974733476
"A4 ordinal, Wilson off",FXYAB_VOR_MM_A,FXYAB_VOR_MM_A,2,0.0018419627127691809
"A4 ordinal, Wilson off",FXYAB_VOR_MMAX_A,FXYAB_VOR_MMAX_A,2,0.0019748331100706918
"A4 ordinal, Wilson off",FFM_VOR_COM_MM_A_Y,FFM_VOR_COM_MM_A_Y,2,0.002227868713086053
"A4 ordinal, Wilson off",FFM_VOR_COM_MMAX_A_Y,FFM_VOR_COM_MMAX_A_Y,2,0.0019229475314034258
"A4 ordinal, Wilson off",FXI3SAB_VOR_COM_MM_A_Y,FXI3SAB_VOR_COM_MM_A_Y,2,-0.0010428459700433054
"A4 ordinal, Wilson off",FXI3SAB_VOR_COM_MMAX_A_Y,FXI3SAB_VOR_COM_MMAX_A_Y,2,-0.0010402781100679087
"A4 ordinal, Wilson off",NBJRR50_MM_A,NBJRR50_MM_A,2,-0.0013106266153751287
"A4 ordinal, Wilson off",NBJRR50_MMAX_A,NBJRR50_MMAX_A,2,-0.002200018062081
"A4 ordinal, Wilson off",NBJRR50_MSOM_A,NBJRR50_MSOM_A,2,-0.0013106266153751287
"A4 ordinal, Wilson off",NBJRR1_MM_A,NBJRR1_MM_A,2,-0.0013556563311865907
"A4 ordinal, Wilson off",NBJRR1_MMAX_A,NBJRR1_MMAX_A,2,-0.0014990385119045093
"A4 ordinal, Wilson off",NBJRR1_MSOM_A,NBJRR1_MSOM_A,2,-0.0013556563311865907
"A4 ordinal, Wilson off",NBJRR5_MM_A,NBJRR5_MM_A,2,-0.0015618546017319686
"A4 ordinal, Wilson off",NBJRR5_MMAX_A,NBJRR5_MMAX_A,2,-0.0015811686397738801
"A4 ordinal, Wilson off",NBJRR5_MSOM_A,NBJRR5_MSOM_A,2,-0.0015618546017319686
"A4 ordinal, Wilson off",NBJRR10_MM_A,NBJRR10_MM_A,2,-0.0022132941899252515
"A4 ordinal, Wilson off",NBJRR10_MMAX_A,NBJRR10_MMAX_A,2,-0.002081478608260681
"A4 ordinal, Wilson off",NBJRR10_MSOM_A,NBJRR10_MSOM_A,2,-0.0022132941899252515
"A4 ordinal, Wilson off",NBJRR30_MM_A,NBJRR30_MM_A,2,-0.0018199207032524234
"A4 ordinal, Wilson off",NBJRR30_MMAX_A,NBJRR30_MMAX_A,2,-0.0017465928300085562
"A4 ordinal, Wilson off",NBJRR30_MSOM_A,NBJRR30_MSOM_A,2,-0.0018199207032524234
"A4 ordinal, Wilson off",NBJRR100_MM_A,NBJRR100_MM_A,2,-0.0012442823491068682
"A4 ordinal, Wilson off",NBJRR100_MMAX_A,NBJRR100_MMAX_A,2,-0.0010007654287855937
"A4 ordinal, Wilson off",NBJRR100_MSOM_A,NBJRR100_MSOM_A,2,-0.0012442823491068682
"A4 ordinal, Wilson off",RR_VOR_MM_A,RR_VOR_MM_A,2,-0.0021019565807985268
"A4 ordinal, Wilson off",RR_VOR_MMAX_A,RR_VOR_MMAX_A,2,-0.0023636599776187765
"A4 ordinal, Wilson off",RRAB_VOR_MM_A,RRAB_VOR_MM_A,2,-0.0008137720774231332
"A4 ordinal, Wilson off",RRAB_VOR_MMAX_A,RRAB_VOR_MMAX_A,2,-0.0017037454913769712
"A4 ordinal, Wilson off",TAILLE1,TAILLE1,2,0.006445707451060916
"A4 ordinal, Wilson off",TAILLE2,TAILLE2,2,0.006095464317166851
"A4 ordinal, Wilson off",CARACT4,CARACT4,2,0.001110547296902971
"A4 ordinal, Wilson off",SURFACE4,SURFACE4,2,0.006761016379634853
"A4 ordinal, Wilson off",SURFACE6,SURFACE6,2,0.006761016379634853
"A4 ordinal, Wilson off",total_surface_2023,total_surface_2023,2,0.0008800092673499015
"A4 ordinal, Wilson off",total_surface_5y,total_surface_5y,2,0.001192407012147161
"A4 ordinal, Wilson off",surface_over_forest,surface_over_forest,2,0.0005615812133009532
"A4 ordinal, Wilson off",fire_extinction_rates,fire_extinction_rates,2,-0.0002728195082143362
