config,feature,measure,association,rank,selected
Classification | Tschuprowt + KruskalEta  (shipped),Numerical('KAPITAL32'),KruskalEtaSquared,0.003341445707629702,0.0,True
Classification | Tschuprowt + KruskalEta  (shipped),Numerical('KAPITAL_MAX'),KruskalEtaSquared,0.0029121021994039553,1.0,True
Classification | Tschuprowt + KruskalEta  (shipped),Numerical('SURFACE10'),KruskalEtaSquared,0.00262500042135815,2.0,True
Classification | Tschuprowt + KruskalEta  (shipped),Numerical('SURFACE1'),KruskalEtaSquared,0.0025697901257601178,3.0,True
Classification | Tschuprowt + KruskalEta  (shipped),Numerical('SURFACE7'),KruskalEtaSquared,0.0024298458501062657,4.0,True
Classification | Tschuprowt + KruskalEta  (shipped),Numerical('KAPITAL21'),KruskalEtaSquared,0.0019929412001957144,5.0,True
Classification | Tschuprowt + KruskalEta  (shipped),Numerical('NBBAT4'),KruskalEtaSquared,0.001928589783163783,6.0,True
Classification | Tschuprowt + KruskalEta  (shipped),Numerical('NBSINSTRT'),KruskalEtaSquared,0.0016369100044172627,7.0,True
Classification | Tschuprowt + KruskalEta  (shipped),Numerical('KAPITAL23'),KruskalEtaSquared,0.0014213548565034397,8.0,True
Classification | Tschuprowt + KruskalEta  (shipped),Numerical('EQUIPEMENT6'),KruskalEtaSquared,0.001197527561743192,9.0,True
Classification | Tschuprowt + KruskalEta  (shipped),Numerical('NBSINCONJ'),KruskalEtaSquared,0.001060261279335841,10.0,True
Classification | Tschuprowt + KruskalEta  (shipped),Numerical('SURFACE17'),KruskalEtaSquared,0.0009547589594060219,11.0,True
Classification | Tschuprowt + KruskalEta  (shipped),Numerical('KAPITAL8'),KruskalEtaSquared,0.0008972874314890825,12.0,True
Classification | Tschuprowt + KruskalEta  (shipped),Numerical('TAILLE3'),KruskalEtaSquared,0.0008145975640681762,13.0,True
Classification | Tschuprowt + KruskalEta  (shipped),Numerical('KAPITAL14'),KruskalEtaSquared,0.0007977500533795414,14.0,True
Classification | Tschuprowt + KruskalEta  (shipped),Numerical('KAPITAL24'),KruskalEtaSquared,0.0006514317580642939,15.0,True
Classification | Tschuprowt + KruskalEta  (shipped),Numerical('KAPITAL27'),KruskalEtaSquared,0.0006393106037321964,16.0,True
Classification | Tschuprowt + KruskalEta  (shipped),Numerical('KAPITAL3'),KruskalEtaSquared,0.0005956810072684957,17.0,True
Classification | Tschuprowt + KruskalEta  (shipped),Numerical('KAPITAL10'),KruskalEtaSquared,0.000556993550862698,18.0,True
Classification | Tschuprowt + KruskalEta  (shipped),Numerical('CA3_CA_TOT'),KruskalEtaSquared,0.0005070385699661183,19.0,True
Classification | Tschuprowt + KruskalEta  (shipped),Numerical('NBBAT2'),KruskalEtaSquared,0.0003064475890290031,20.0,True
Classification | Tschuprowt + KruskalEta  (shipped),Numerical('EQUIPEMENT1'),KruskalEtaSquared,0.00030441199421728644,21.0,True
Classification | Tschuprowt + KruskalEta  (shipped),Numerical('CA3'),KruskalEtaSquared,0.00025160134188148905,22.0,True
Classification | Tschuprowt + KruskalEta  (shipped),Numerical('DEROG1'),KruskalEtaSquared,0.00023358538593199474,23.0,True
Classification | Tschuprowt + KruskalEta  (shipped),Numerical('SURFACE13'),KruskalEtaSquared,0.0001871255193532899,24.0,True
Classification | Tschuprowt + KruskalEta  (shipped),Numerical('RISK5'),KruskalEtaSquared,0.00018017979022040721,25.0,True
Classification | Tschuprowt + KruskalEta  (shipped),Numerical('CARACT5'),KruskalEtaSquared,0.00017954242680609563,26.0,True
Classification | Tschuprowt + KruskalEta  (shipped),Numerical('NBBAT7'),KruskalEtaSquared,0.00017565399835500756,27.0,True
Classification | Tschuprowt + KruskalEta  (shipped),Numerical('NBBAT8'),KruskalEtaSquared,0.00014804594058686393,28.0,True
Classification | Tschuprowt + KruskalEta  (shipped),Numerical('ZONE_VENT'),KruskalEtaSquared,0.00013836856342647395,29.0,True
Classification | Tschuprowt + KruskalEta  (shipped),Numerical('KAPITAL20'),KruskalEtaSquared,0.00013722797613691486,30.0,True
Classification | Tschuprowt + KruskalEta  (shipped),Numerical('KAPITAL17'),KruskalEtaSquared,0.00012112046689236722,31.0,True
Classification | Tschuprowt + KruskalEta  (shipped),Numerical('KAPITAL25'),KruskalEtaSquared,0.00011634604132700082,32.0,True
Classification | Tschuprowt + KruskalEta  (shipped),Numerical('RISK2'),KruskalEtaSquared,0.00011025642272042073,33.0,True
Classification | Tschuprowt + KruskalEta  (shipped),Numerical('NBBAT6'),KruskalEtaSquared,9.83866507061866e-05,34.0,True
Classification | Tschuprowt + KruskalEta  (shipped),Numerical('RISK1'),KruskalEtaSquared,9.240934578108191e-05,35.0,True
Classification | Tschuprowt + KruskalEta  (shipped),Numerical('DEROG11'),KruskalEtaSquared,8.8119505981097e-05,36.0,True
Classification | Tschuprowt + KruskalEta  (shipped),Numerical('NBBAT9'),KruskalEtaSquared,8.464475550190463e-05,37.0,True
Classification | Tschuprowt + KruskalEta  (shipped),Numerical('KAPITAL1'),KruskalEtaSquared,8.198152130761628e-05,38.0,True
Classification | Tschuprowt + KruskalEta  (shipped),Numerical('DUREE_REQANEUF'),KruskalEtaSquared,7.885825837759013e-05,39.0,True
Classification | Tschuprowt + KruskalEta  (shipped),Numerical('DEROG10'),KruskalEtaSquared,7.86970590316749e-05,40.0,True
Classification | Tschuprowt + KruskalEta  (shipped),Numerical('DEROG8_formatted'),KruskalEtaSquared,7.564087804622105e-05,41.0,True
Classification | Tschuprowt + KruskalEta  (shipped),Numerical('DEROG7'),KruskalEtaSquared,6.409434001693204e-05,42.0,True
Classification | Tschuprowt + KruskalEta  (shipped),Numerical('EQUIPEMENT4'),KruskalEtaSquared,6.020367985415876e-05,43.0,True
Classification | Tschuprowt + KruskalEta  (shipped),Numerical('DEROG6'),KruskalEtaSquared,5.83272049924257e-05,44.0,True
Classification | Tschuprowt + KruskalEta  (shipped),Numerical('RISK4'),KruskalEtaSquared,5.6665736753644014e-05,45.0,True
Classification | Tschuprowt + KruskalEta  (shipped),Numerical('TYPBAT2'),KruskalEtaSquared,5.003733397563801e-05,46.0,True
Classification | Tschuprowt + KruskalEta  (shipped),Numerical('ANCIENNETE'),KruskalEtaSquared,4.079279992624761e-05,47.0,True
Classification | Tschuprowt + KruskalEta  (shipped),Numerical('KAPITAL19'),KruskalEtaSquared,3.2765409565546675e-05,48.0,True
Classification | Tschuprowt + KruskalEta  (shipped),Numerical('SURFACE21'),KruskalEtaSquared,3.265617623257874e-05,49.0,True
Classification | Tschuprowt + KruskalEta  (shipped),Numerical('CARACT2'),KruskalEtaSquared,0.0,,False
Classification | Tschuprowt + KruskalEta  (shipped),Numerical('DEROG9'),KruskalEtaSquared,0.0,,False
Classification | Tschuprowt + KruskalEta  (shipped),Numerical('DEROG15'),KruskalEtaSquared,0.0,,False
Classification | Tschuprowt + KruskalEta  (shipped),Numerical('CA1'),KruskalEtaSquared,0.0,,False
Classification | Tschuprowt + KruskalEta  (shipped),Numerical('CA2'),KruskalEtaSquared,,,False
Classification | Tschuprowt + KruskalEta  (shipped),Numerical('KAPITAL2'),KruskalEtaSquared,0.0,,False
Classification | Tschuprowt + KruskalEta  (shipped),Numerical('KAPITAL4'),KruskalEtaSquared,0.0,,False
Classification | Tschuprowt + KruskalEta  (shipped),Numerical('KAPITAL5'),KruskalEtaSquared,3.945069325510123e-06,,False
Classification | Tschuprowt + KruskalEta  (shipped),Numerical('KAPITAL6'),KruskalEtaSquared,0.001826409083032621,,False
Classification | Tschuprowt + KruskalEta  (shipped),Numerical('KAPITAL7'),KruskalEtaSquared,0.0013517223443324296,,False
Classification | Tschuprowt + KruskalEta  (shipped),Numerical('KAPITAL9'),KruskalEtaSquared,0.000627524869529235,,False
Classification | Tschuprowt + KruskalEta  (shipped),Numerical('KAPITAL11'),KruskalEtaSquared,6.513003788003951e-05,,False
Classification | Tschuprowt + KruskalEta  (shipped),Numerical('KAPITAL12'),KruskalEtaSquared,0.0026577806019342028,,False
Classification | Tschuprowt + KruskalEta  (shipped),Numerical('KAPITAL13'),KruskalEtaSquared,8.180338206794136e-05,,False
Classification | Tschuprowt + KruskalEta  (shipped),Numerical('KAPITAL15'),KruskalEtaSquared,3.068810197676915e-05,,False
Classification | Tschuprowt + KruskalEta  (shipped),Numerical('KAPITAL16'),KruskalEtaSquared,2.7400240446859253e-05,,False
Classification | Tschuprowt + KruskalEta  (shipped),Numerical('KAPITAL18'),KruskalEtaSquared,2.6687012514126488e-05,,False
Classification | Tschuprowt + KruskalEta  (shipped),Numerical('KAPITAL22'),KruskalEtaSquared,0.0,,False
Classification | Tschuprowt + KruskalEta  (shipped),Numerical('KAPITAL26'),KruskalEtaSquared,2.5027756821366694e-05,,False
Classification | Tschuprowt + KruskalEta  (shipped),Numerical('KAPITAL28'),KruskalEtaSquared,3.229667640995173e-05,,False
Classification | Tschuprowt + KruskalEta  (shipped),Numerical('KAPITAL29'),KruskalEtaSquared,0.0,,False
Classification | Tschuprowt + KruskalEta  (shipped),Numerical('KAPITAL30'),KruskalEtaSquared,1.0397290818720624e-05,,False
Classification | Tschuprowt + KruskalEta  (shipped),Numerical('KAPITAL31'),KruskalEtaSquared,0.0,,False
Classification | Tschuprowt + KruskalEta  (shipped),Numerical('KAPITAL33'),KruskalEtaSquared,0.0,,False
Classification | Tschuprowt + KruskalEta  (shipped),Numerical('KAPITAL36'),KruskalEtaSquared,0.0,,False
Classification | Tschuprowt + KruskalEta  (shipped),Numerical('KAPITAL38'),KruskalEtaSquared,0.0,,False
Classification | Tschuprowt + KruskalEta  (shipped),Numerical('KAPITAL39'),KruskalEtaSquared,3.945069325510123e-06,,False
Classification | Tschuprowt + KruskalEta  (shipped),Numerical('SURFACE2'),KruskalEtaSquared,0.0025696273079613796,,False
Classification | Tschuprowt + KruskalEta  (shipped),Numerical('SURFACE3'),KruskalEtaSquared,0.0024613861685728548,,False
Classification | Tschuprowt + KruskalEta  (shipped),Numerical('SURFACE5'),KruskalEtaSquared,2.3331917357206177e-06,,False
Classification | Tschuprowt + KruskalEta  (shipped),Numerical('SURFACE8'),KruskalEtaSquared,0.0002619866158778447,,False
Classification | Tschuprowt + KruskalEta  (shipped),Numerical('SURFACE9'),KruskalEtaSquared,2.2004489525692102e-05,,False
Classification | Tschuprowt + KruskalEta  (shipped),Numerical('SURFACE11'),KruskalEtaSquared,0.0022520281606864196,,False
Classification | Tschuprowt + KruskalEta  (shipped),Numerical('SURFACE12'),KruskalEtaSquared,0.0,,False
Classification | Tschuprowt + KruskalEta  (shipped),Numerical('SURFACE14'),KruskalEtaSquared,1.0675002571748728e-05,,False
Classification | Tschuprowt + KruskalEta  (shipped),Numerical('SURFACE15'),KruskalEtaSquared,0.0,,False
Classification | Tschuprowt + KruskalEta  (shipped),Numerical('SURFACE16'),KruskalEtaSquared,3.100269356709052e-05,,False
Classification | Tschuprowt + KruskalEta  (shipped),Numerical('SURFACE18'),KruskalEtaSquared,1.009587604962139e-05,,False
Classification | Tschuprowt + KruskalEta  (shipped),Numerical('SURFACE19'),KruskalEtaSquared,0.0,,False
Classification | Tschuprowt + KruskalEta  (shipped),Numerical('SURFACE20'),KruskalEtaSquared,0.0,,False
Classification | Tschuprowt + KruskalEta  (shipped),Numerical('NBBAT1'),KruskalEtaSquared,0.00192621208847162,,False
Classification | Tschuprowt + KruskalEta  (shipped),Numerical('NBBAT3'),KruskalEtaSquared,0.0,,False
Classification | Tschuprowt + KruskalEta  (shipped),Numerical('NBBAT5'),KruskalEtaSquared,2.9327185969948915e-06,,False
Classification | Tschuprowt + KruskalEta  (shipped),Numerical('NBBAT10'),KruskalEtaSquared,0.0003064474137335499,,False
Classification | Tschuprowt + KruskalEta  (shipped),Numerical('NBBAT11'),KruskalEtaSquared,0.0,,False
Classification | Tschuprowt + KruskalEta  (shipped),Numerical('NBBAT13'),KruskalEtaSquared,0.0017831376179294962,,False
Classification | Tschuprowt + KruskalEta  (shipped),Numerical('NBBAT14'),KruskalEtaSquared,3.2452211845172754e-06,,False
Classification | Tschuprowt + KruskalEta  (shipped),Numerical('TAILLE4'),KruskalEtaSquared,5.205503803197935e-07,,False
Classification | Tschuprowt + KruskalEta  (shipped),Numerical('RISK3'),KruskalEtaSquared,0.00010021396911672075,,False
Classification | Tschuprowt + KruskalEta  (shipped),Numerical('RISK7'),KruskalEtaSquared,8.424683179032465e-05,,False
Classification | Tschuprowt + KruskalEta  (shipped),Numerical('EQUIPEMENT3'),KruskalEtaSquared,0.0,,False
Classification | Tschuprowt + KruskalEta  (shipped),Numerical('EQUIPEMENT7'),KruskalEtaSquared,0.001185308148024672,,False
Classification | Tschuprowt + KruskalEta  (shipped),Numerical('CA_TOT'),KruskalEtaSquared,0.0,,False
Classification | Tschuprowt + KruskalEta  (shipped),Numerical('CA_MEAN'),KruskalEtaSquared,0.0,,False
Classification | Tschuprowt + KruskalEta  (shipped),Numerical('CA1_CA_TOT'),KruskalEtaSquared,1.0174848364207517e-05,,False
Classification | Tschuprowt + KruskalEta  (shipped),Numerical('CA1_CA_MEAN'),KruskalEtaSquared,0.0,,False
Classification | Tschuprowt + KruskalEta  (shipped),Numerical('CA2_CA_TOT'),KruskalEtaSquared,,,False
Classification | Tschuprowt + KruskalEta  (shipped),Numerical('CA2_CA_MEAN'),KruskalEtaSquared,,,False
Classification | Tschuprowt + KruskalEta  (shipped),Numerical('CA3_CA_MEAN'),KruskalEtaSquared,2.425823448505829e-05,,False
Classification | Tschuprowt + KruskalEta  (shipped),Numerical('Unknown'),KruskalEtaSquared,1.2444328042097756e-05,,False
Classification | Tschuprowt + KruskalEta  (shipped),Numerical('Involontaire (travaux)'),KruskalEtaSquared,2.025583454332325e-05,,False
Classification | Tschuprowt + KruskalEta  (shipped),Numerical('Involontaire (particulier)'),KruskalEtaSquared,4.006895990760629e-06,,False
Classification | Tschuprowt + KruskalEta  (shipped),Numerical('Accidentelle'),KruskalEtaSquared,2.6811377542185934e-05,,False
Classification | Tschuprowt + KruskalEta  (shipped),Numerical('Malveillance'),KruskalEtaSquared,4.3571439640697294e-06,,False
Classification | Tschuprowt + KruskalEta  (shipped),Numerical('Naturelle'),KruskalEtaSquared,1.8644851022203495e-06,,False
Classification | Tschuprowt + KruskalEta  (shipped),Numerical('KAPITAL_SUM'),KruskalEtaSquared,0.00279728678026292,,False
Classification | Tschuprowt + KruskalEta  (shipped),Numerical('DEROG13_formatted'),KruskalEtaSquared,4.171530078520364e-06,,False
Classification | Tschuprowt + KruskalEta  (shipped),Numerical('DEROG3_formatted'),KruskalEtaSquared,7.218466823301178e-05,,False
Classification | Tschuprowt + KruskalEta  (shipped),Numerical('DEROG16_formatted'),KruskalEtaSquared,0.0,,False
Classification | Tschuprowt + KruskalEta  (shipped),Ordinal('SURFACE6'),Tschuprowt,0.04001908917836262,0.0,True
Classification | Tschuprowt + KruskalEta  (shipped),Ordinal('TAILLE1'),Tschuprowt,0.03790375945907426,1.0,True
Classification | Tschuprowt + KruskalEta  (shipped),Ordinal('TAILLE2'),Tschuprowt,0.03716072716441143,2.0,True
Classification | Tschuprowt + KruskalEta  (shipped),Categorical('VOCATION'),Tschuprowt,0.03616924313962584,3.0,True
Classification | Tschuprowt + KruskalEta  (shipped),Categorical('KAPITAL40'),Tschuprowt,0.03600091785367778,4.0,True
Classification | Tschuprowt + KruskalEta  (shipped),Categorical('TYPERS'),Tschuprowt,0.0337720173588442,5.0,True
Classification | Tschuprowt + KruskalEta  (shipped),Categorical('KAPITAL41'),Tschuprowt,0.03099054794465864,6.0,True
Classification | Tschuprowt + KruskalEta  (shipped),Categorical('KAPITAL42'),Tschuprowt,0.025280074121412765,7.0,True
Classification | Tschuprowt + KruskalEta  (shipped),Categorical('DEROG12'),Tschuprowt,0.02459976412945934,8.0,True
Classification | Tschuprowt + KruskalEta  (shipped),Categorical('RISK11'),Tschuprowt,0.024151785731436105,9.0,True
Classification | Tschuprowt + KruskalEta  (shipped),Categorical('KAPITAL43'),Tschuprowt,0.021173862516010986,10.0,True
Classification | Tschuprowt + KruskalEta  (shipped),Categorical('KAPITAL37'),Tschuprowt,0.020635299601539977,11.0,True
Classification | Tschuprowt + KruskalEta  (shipped),Ordinal('HAUTEUR_MAX'),Tschuprowt,0.019275952762347087,12.0,True
Classification | Tschuprowt + KruskalEta  (shipped),Ordinal('BDTOPO_BAT_MAX_HAUTEUR_MAX'),Tschuprowt,0.017726921800398986,13.0,True
Classification | Tschuprowt + KruskalEta  (shipped),Categorical('DEROG4'),Tschuprowt,0.017686269825271963,14.0,True
Classification | Tschuprowt + KruskalEta  (shipped),Categorical('ZONE'),Tschuprowt,0.01667586079526192,15.0,True
Classification | Tschuprowt + KruskalEta  (shipped),Categorical('RISK10'),Tschuprowt,0.016331628944213868,16.0,True
Classification | Tschuprowt + KruskalEta  (shipped),Categorical('DEROG5'),Tschuprowt,0.015253742947715886,17.0,True
Classification | Tschuprowt + KruskalEta  (shipped),Categorical('AN_EXERC'),Tschuprowt,0.014715641818971585,18.0,True
Classification | Tschuprowt + KruskalEta  (shipped),Ordinal('BDTOPO_BAT_MAX_HAUTEUR'),Tschuprowt,0.014485195120407761,19.0,True
Classification | Tschuprowt + KruskalEta  (shipped),Categorical('total_surface_crossed'),Tschuprowt,0.014366019451656848,20.0,True
Classification | Tschuprowt + KruskalEta  (shipped),Categorical('ACTIVIT2'),Tschuprowt,0.01430788021790726,21.0,True
Classification | Tschuprowt + KruskalEta  (shipped),Categorical('TXAB_VOR_MM_A_TXAB_VOR_MMAX_A'),Tschuprowt,0.01389695861020436,22.0,True
Classification | Tschuprowt + KruskalEta  (shipped),Categorical('NBJFXI3S10_MM_A_NBJFXI3S10_MMAX_A'),Tschuprowt,0.013233261415580143,23.0,True
Classification | Tschuprowt + KruskalEta  (shipped),Categorical('INDEM2'),Tschuprowt,0.01313907462177083,24.0,True
Classification | Tschuprowt + KruskalEta  (shipped),Categorical('EQUIPEMENT2'),Tschuprowt,0.012287924954642872,25.0,True
Classification | Tschuprowt + KruskalEta  (shipped),Ordinal('DISTANCE_213'),Tschuprowt,0.012197457020829545,26.0,True
Classification | Tschuprowt + KruskalEta  (shipped),Categorical('NBJFXI3S16_MM_A_NBJFXI3S16_MMAX_A'),Tschuprowt,0.012017030349868599,27.0,True
Classification | Tschuprowt + KruskalEta  (shipped),Categorical('NBJTX0_MM_A_NBJTX0_MMAX_A'),Tschuprowt,0.011968354628576915,28.0,True
Classification | Tschuprowt + KruskalEta  (shipped),Ordinal('PROPORTION_21'),Tschuprowt,0.011964448665801502,29.0,True
Classification | Tschuprowt + KruskalEta  (shipped),Ordinal('HAUTEUR'),Tschuprowt,0.011836479239040978,30.0,True
Classification | Tschuprowt + KruskalEta  (shipped),Categorical('NBJRR50_MM_A_NBJRR50_MMAX_A'),Tschuprowt,0.01150894607509891,31.0,True
Classification | Tschuprowt + KruskalEta  (shipped),Categorical('NBJRR10_MM_A_NBJRR10_MMAX_A'),Tschuprowt,0.011474115757707322,32.0,True
Classification | Tschuprowt + KruskalEta  (shipped),Ordinal('CARACT4'),Tschuprowt,0.011428308162144829,33.0,True
Classification | Tschuprowt + KruskalEta  (shipped),Ordinal('DISTANCE_212'),Tschuprowt,0.011419744323519273,34.0,True
Classification | Tschuprowt + KruskalEta  (shipped),Categorical('NBJFXI3S28_MM_A_NBJFXI3S28_MMAX_A'),Tschuprowt,0.01138843758504314,35.0,True
Classification | Tschuprowt + KruskalEta  (shipped),Ordinal('DISTANCE_411'),Tschuprowt,0.01133114595388823,36.0,True
Classification | Tschuprowt + KruskalEta  (shipped),Ordinal('DISTANCE_323'),Tschuprowt,0.011317255837489994,37.0,True
Classification | Tschuprowt + KruskalEta  (shipped),Categorical('IND_SNV_REGION'),Tschuprowt,0.011250260132940813,38.0,True
Classification | Tschuprowt + KruskalEta  (shipped),Categorical('NBJFF16_MM_A_NBJFF16_MMAX_A'),Tschuprowt,0.010843917018258783,39.0,True
Classification | Tschuprowt + KruskalEta  (shipped),Ordinal('DISTANCE_335'),Tschuprowt,0.010734001206030975,40.0,True
Classification | Tschuprowt + KruskalEta  (shipped),Categorical('RRAB_VOR_MM_A_RRAB_VOR_MMAX_A'),Tschuprowt,0.010670325029829652,41.0,True
Classification | Tschuprowt + KruskalEta  (shipped),Ordinal('DISTANCE_334'),Tschuprowt,0.010539028269195238,42.0,True
Classification | Tschuprowt + KruskalEta  (shipped),Categorical('NBJFF10_MM_A_NBJFF10_MMAX_A'),Tschuprowt,0.010527198239679602,43.0,True
Classification | Tschuprowt + KruskalEta  (shipped),Categorical('NBJFXY8_MM_A_NBJFXY8_MMAX_A'),Tschuprowt,0.010170208235683112,44.0,True
Classification | Tschuprowt + KruskalEta  (shipped),Categorical('NBJRR30_MM_A_NBJRR30_MMAX_A'),Tschuprowt,0.010061785237599555,45.0,True
Classification | Tschuprowt + KruskalEta  (shipped),Categorical('TAMPLIAB_VOR_MM_A_TAMPLIAB_VOR_MMAX_A'),Tschuprowt,0.010053227730630237,46.0,True
Classification | Tschuprowt + KruskalEta  (shipped),Ordinal('NBJRR10_MSOM_A'),Tschuprowt,0.009991996292400804,47.0,True
Classification | Tschuprowt + KruskalEta  (shipped),Categorical('TAMPLIM_VOR_MM_A_TAMPLIM_VOR_MMAX_A'),Tschuprowt,0.009944257793901769,48.0,True
Classification | Tschuprowt + KruskalEta  (shipped),Categorical('ALTITUDE_5_ALT_TOT'),Tschuprowt,0.009811222885911991,49.0,True
Classification | Tschuprowt + KruskalEta  (shipped),Categorical('ADOSS'),Tschuprowt,0.0006793098276705769,,False
Classification | Tschuprowt + KruskalEta  (shipped),Categorical('CARACT1'),Tschuprowt,0.005919150402084858,,False
Classification | Tschuprowt + KruskalEta  (shipped),Categorical('CARACT3'),Tschuprowt,0.0,,False
Classification | Tschuprowt + KruskalEta  (shipped),Categorical('INDEM1'),Tschuprowt,0.004197765274609397,,False
Classification | Tschuprowt + KruskalEta  (shipped),Categorical('TYPBAT1'),Tschuprowt,0.008819414629731676,,False
Classification | Tschuprowt + KruskalEta  (shipped),Categorical('FRCH1'),Tschuprowt,0.0029998735334621236,,False
Classification | Tschuprowt + KruskalEta  (shipped),Categorical('FRCH2'),Tschuprowt,0.004828410195383086,,False
Classification | Tschuprowt + KruskalEta  (shipped),Categorical('DEROG2'),Tschuprowt,0.0070958224552601906,,False
Classification | Tschuprowt + KruskalEta  (shipped),Categorical('DEROG3'),Tschuprowt,0.0074599055487311215,,False
Classification | Tschuprowt + KruskalEta  (shipped),Categorical('DEROG8'),Tschuprowt,0.007621947537200884,,False
Classification | Tschuprowt + KruskalEta  (shipped),Categorical('KAPITAL34'),Tschuprowt,0.0023226428125522986,,False
Classification | Tschuprowt + KruskalEta  (shipped),Categorical('KAPITAL35'),Tschuprowt,0.007910598389843555,,False
Classification | Tschuprowt + KruskalEta  (shipped),Categorical('RISK6'),Tschuprowt,0.008742028884424916,,False
Classification | Tschuprowt + KruskalEta  (shipped),Categorical('RISK8'),Tschuprowt,0.0062042466522145845,,False
Classification | Tschuprowt + KruskalEta  (shipped),Categorical('RISK9'),Tschuprowt,0.007555956314084632,,False
Classification | Tschuprowt + KruskalEta  (shipped),Categorical('RISK12'),Tschuprowt,0.00819678428129778,,False
Classification | Tschuprowt + KruskalEta  (shipped),Categorical('RISK13'),Tschuprowt,0.00524496173408045,,False
Classification | Tschuprowt + KruskalEta  (shipped),Categorical('EQUIPEMENT5'),Tschuprowt,0.0,,False
Classification | Tschuprowt + KruskalEta  (shipped),Categorical('ESPINSEE'),Tschuprowt,0.0,,False
Classification | Tschuprowt + KruskalEta  (shipped),Categorical('ZONE_REGION'),Tschuprowt,0.009144155294590943,,False
Classification | Tschuprowt + KruskalEta  (shipped),Categorical('LOG_AVA1_num'),Tschuprowt,0.004142062786520884,,False
Classification | Tschuprowt + KruskalEta  (shipped),Categorical('LOG_A1_A2_num'),Tschuprowt,0.0009112620611235169,,False
Classification | Tschuprowt + KruskalEta  (shipped),Categorical('LOG_A2_A3_num'),Tschuprowt,0.004370619624485197,,False
Classification | Tschuprowt + KruskalEta  (shipped),Categorical('LOG_APA3_num'),Tschuprowt,0.004522946515724138,,False
Classification | Tschuprowt + KruskalEta  (shipped),Categorical('LOG_INC_num'),Tschuprowt,0.0005229719155927816,,False
Classification | Tschuprowt + KruskalEta  (shipped),Categorical('LOG_SOC_num'),Tschuprowt,0.006433955307378099,,False
Classification | Tschuprowt + KruskalEta  (shipped),Categorical('LOG_TOT'),Tschuprowt,0.003592885297883951,,False
Classification | Tschuprowt + KruskalEta  (shipped),Categorical('LOG_A1_A2_num_LOG_TOT'),Tschuprowt,0.003968775225462061,,False
Classification | Tschuprowt + KruskalEta  (shipped),Categorical('LOG_A2_A3_num_LOG_TOT'),Tschuprowt,0.004350090803465333,,False
Classification | Tschuprowt + KruskalEta  (shipped),Categorical('LOG_INC_num_LOG_TOT'),Tschuprowt,0.003592885297883951,,False
Classification | Tschuprowt + KruskalEta  (shipped),Categorical('LOG_SOC_num_LOG_TOT'),Tschuprowt,0.00477487122671008,,False
Classification | Tschuprowt + KruskalEta  (shipped),Categorical('LOG_REGION'),Tschuprowt,0.008310793806610659,,False
Classification | Tschuprowt + KruskalEta  (shipped),Categorical('MEN_PAUV_num'),Tschuprowt,0.004997403457871623,,False
Classification | Tschuprowt + KruskalEta  (shipped),Categorical('MEN_1IND_num'),Tschuprowt,0.005601280641653387,,False
Classification | Tschuprowt + KruskalEta  (shipped),Categorical('MEN_5IND_num'),Tschuprowt,0.003023250609503092,,False
Classification | Tschuprowt + KruskalEta  (shipped),Categorical('MEN_PROP_num'),Tschuprowt,0.0030351996782738357,,False
Classification | Tschuprowt + KruskalEta  (shipped),Categorical('MEN_FMP_num'),Tschuprowt,0.0013982603796009639,,False
Classification | Tschuprowt + KruskalEta  (shipped),Categorical('MEN_COLL_num'),Tschuprowt,0.0018030813767821682,,False
Classification | Tschuprowt + KruskalEta  (shipped),Categorical('MEN_MAIS_num'),Tschuprowt,0.0017896532918850927,,False
Classification | Tschuprowt + KruskalEta  (shipped),Categorical('MEN_TOT'),Tschuprowt,0.006875324783984014,,False
Classification | Tschuprowt + KruskalEta  (shipped),Categorical('MEN_PAUV_MEN_TOT'),Tschuprowt,0.00691498174004622,,False
Classification | Tschuprowt + KruskalEta  (shipped),Categorical('MEN_PAUV_MEN'),Tschuprowt,0.0010710025226857304,,False
Classification | Tschuprowt + KruskalEta  (shipped),Categorical('MEN_1IND_MEN_TOT'),Tschuprowt,0.008646567556942042,,False
Classification | Tschuprowt + KruskalEta  (shipped),Categorical('MEN_1IND_MEN'),Tschuprowt,0.005460811347880388,,False
Classification | Tschuprowt + KruskalEta  (shipped),Categorical('MEN_5IND_MEN_TOT'),Tschuprowt,0.007275492412125003,,False
Classification | Tschuprowt + KruskalEta  (shipped),Categorical('MEN_5IND_MEN'),Tschuprowt,0.003770078515989319,,False
Classification | Tschuprowt + KruskalEta  (shipped),Categorical('MEN_PROP_MEN_TOT'),Tschuprowt,0.00831845054944146,,False
Classification | Tschuprowt + KruskalEta  (shipped),Categorical('MEN_PROP_MEN'),Tschuprowt,0.0035361562463827744,,False
Classification | Tschuprowt + KruskalEta  (shipped),Categorical('MEN_FMP_MEN_TOT'),Tschuprowt,0.005748083307131863,,False
Classification | Tschuprowt + KruskalEta  (shipped),Categorical('MEN_FMP_MEN'),Tschuprowt,0.0013668798992049133,,False
Classification | Tschuprowt + KruskalEta  (shipped),Categorical('MEN_COLL_MEN_TOT'),Tschuprowt,0.006280171854842177,,False
Classification | Tschuprowt + KruskalEta  (shipped),Categorical('MEN_COLL_MEN'),Tschuprowt,0.0024339088404008234,,False
Classification | Tschuprowt + KruskalEta  (shipped),Categorical('MEN_MAIS_MEN_TOT'),Tschuprowt,0.006280171854842177,,False
Classification | Tschuprowt + KruskalEta  (shipped),Categorical('MEN_MAIS_MEN'),Tschuprowt,0.0024307664085955936,,False
Classification | Tschuprowt + KruskalEta  (shipped),Categorical('MEN_MEN_TOT'),Tschuprowt,0.0067914283327124925,,False
Classification | Tschuprowt + KruskalEta  (shipped),Categorical('MEN_REGION'),Tschuprowt,0.007303034061114395,,False
Classification | Tschuprowt + KruskalEta  (shipped),Categorical('IND_Y2_Y3_num'),Tschuprowt,0.0025058226236105846,,False
Classification | Tschuprowt + KruskalEta  (shipped),Categorical('IND_Y3_Y4_num'),Tschuprowt,0.004459783999109029,,False
Classification | Tschuprowt + KruskalEta  (shipped),Categorical('IND_Y5_Y6_num'),Tschuprowt,0.003996094519505805,,False
Classification | Tschuprowt + KruskalEta  (shipped),Categorical('IND_Y8_Y9_num'),Tschuprowt,0.005860975226167294,,False
Classification | Tschuprowt + KruskalEta  (shipped),Categorical('IND_Y9_num'),Tschuprowt,0.004975865515501778,,False
Classification | Tschuprowt + KruskalEta  (shipped),Categorical('IND_SNV_num'),Tschuprowt,0.003439301288694444,,False
Classification | Tschuprowt + KruskalEta  (shipped),Categorical('IND_TOT'),Tschuprowt,0.0034422871031116378,,False
Classification | Tschuprowt + KruskalEta  (shipped),Categorical('IND_IND_TOT'),Tschuprowt,0.00303664533470234,,False
Classification | Tschuprowt + KruskalEta  (shipped),Categorical('IND_IND_SNV'),Tschuprowt,0.003378257303386211,,False
Classification | Tschuprowt + KruskalEta  (shipped),Categorical('IND_0_Y1_IND_TOT'),Tschuprowt,0.0034428731289576644,,False
Classification | Tschuprowt + KruskalEta  (shipped),Categorical('IND_0_Y1_IND_SNV'),Tschuprowt,0.003439992818775749,,False
Classification | Tschuprowt + KruskalEta  (shipped),Categorical('IND_Y1_Y2_IND_TOT'),Tschuprowt,0.0034422871031116378,,False
Classification | Tschuprowt + KruskalEta  (shipped),Categorical('IND_Y1_Y2_IND_SNV'),Tschuprowt,0.003439301288694444,,False
Classification | Tschuprowt + KruskalEta  (shipped),Categorical('IND_Y2_Y3_IND_TOT'),Tschuprowt,0.002956442959204416,,False
Classification | Tschuprowt + KruskalEta  (shipped),Categorical('IND_Y2_Y3_IND_SNV'),Tschuprowt,0.0034000246253160483,,False
Classification | Tschuprowt + KruskalEta  (shipped),Categorical('IND_Y3_Y4_IND_TOT'),Tschuprowt,0.004480079156345036,,False
Classification | Tschuprowt + KruskalEta  (shipped),Categorical('IND_Y3_Y4_IND'),Tschuprowt,0.004393332243945156,,False
Classification | Tschuprowt + KruskalEta  (shipped),Categorical('IND_Y3_Y4_IND_SNV'),Tschuprowt,0.004842988082700571,,False
Classification | Tschuprowt + KruskalEta  (shipped),Categorical('IND_Y4_Y5_IND_TOT'),Tschuprowt,0.003628855586155686,,False
Classification | Tschuprowt + KruskalEta  (shipped),Categorical('IND_Y4_Y5_IND'),Tschuprowt,0.0023858382842094615,,False
Classification | Tschuprowt + KruskalEta  (shipped),Categorical('IND_Y4_Y5_IND_SNV'),Tschuprowt,0.0036452005542963206,,False
Classification | Tschuprowt + KruskalEta  (shipped),Categorical('IND_Y5_Y6_IND_TOT'),Tschuprowt,0.004673062570534995,,False
Classification | Tschuprowt + KruskalEta  (shipped),Categorical('IND_Y5_Y6_IND'),Tschuprowt,0.00412737643465808,,False
Classification | Tschuprowt + KruskalEta  (shipped),Categorical('IND_Y5_Y6_IND_SNV'),Tschuprowt,0.004267381953867569,,False
Classification | Tschuprowt + KruskalEta  (shipped),Categorical('IND_Y6_Y7_IND_TOT'),Tschuprowt,0.0038891658827311182,,False
Classification | Tschuprowt + KruskalEta  (shipped),Categorical('IND_Y6_Y7_IND_SNV'),Tschuprowt,0.005746572042420099,,False
Classification | Tschuprowt + KruskalEta  (shipped),Categorical('IND_Y7_Y8_IND_TOT'),Tschuprowt,0.0030565249567493565,,False
Classification | Tschuprowt + KruskalEta  (shipped),Categorical('IND_Y7_Y8_IND_SNV'),Tschuprowt,0.003607367398734096,,False
Classification | Tschuprowt + KruskalEta  (shipped),Categorical('IND_Y8_Y9_IND_TOT'),Tschuprowt,0.0047499836824821205,,False
Classification | Tschuprowt + KruskalEta  (shipped),Categorical('IND_Y8_Y9_IND'),Tschuprowt,0.005744427237447091,,False
Classification | Tschuprowt + KruskalEta  (shipped),Categorical('IND_Y8_Y9_IND_SNV'),Tschuprowt,0.005632228684080466,,False
Classification | Tschuprowt + KruskalEta  (shipped),Categorical('IND_Y9_IND_TOT'),Tschuprowt,0.004720683603222306,,False
Classification | Tschuprowt + KruskalEta  (shipped),Categorical('IND_Y9_IND'),Tschuprowt,0.00495385413128947,,False
Classification | Tschuprowt + KruskalEta  (shipped),Categorical('IND_Y9_IND_SNV'),Tschuprowt,0.005315861146609641,,False
Classification | Tschuprowt + KruskalEta  (shipped),Categorical('IND_INC_IND_TOT'),Tschuprowt,0.0034422871031116378,,False
Classification | Tschuprowt + KruskalEta  (shipped),Categorical('IND_INC_IND_SNV'),Tschuprowt,0.003439301288694444,,False
Classification | Tschuprowt + KruskalEta  (shipped),Categorical('IND_SNV_IND_TOT'),Tschuprowt,0.005880877785843714,,False
Classification | Tschuprowt + KruskalEta  (shipped),Categorical('IND_SNV_IND'),Tschuprowt,0.003378257303386211,,False
Classification | Tschuprowt + KruskalEta  (shipped),Categorical('IND_REGION'),Tschuprowt,0.008125317543566152,,False
Classification | Tschuprowt + KruskalEta  (shipped),Categorical('ALTITUDE_1_num'),Tschuprowt,0.008866678386791655,,False
Classification | Tschuprowt + KruskalEta  (shipped),Categorical('ALTITUDE_2_num'),Tschuprowt,0.008024384524607223,,False
Classification | Tschuprowt + KruskalEta  (shipped),Categorical('ALTITUDE_3_num'),Tschuprowt,0.007684096647105581,,False
Classification | Tschuprowt + KruskalEta  (shipped),Categorical('ALTITUDE_4_num'),Tschuprowt,0.0060539899369756135,,False
Classification | Tschuprowt + KruskalEta  (shipped),Categorical('ALTITUDE_5_num'),Tschuprowt,0.007848399341776134,,False
Classification | Tschuprowt + KruskalEta  (shipped),Categorical('ALTITUDE_TOT'),Tschuprowt,0.009811222885911991,,False
Classification | Tschuprowt + KruskalEta  (shipped),Categorical('ALTITUDE_1_ALT_TOT'),Tschuprowt,0.009811222885911991,,False
Classification | Tschuprowt + KruskalEta  (shipped),Categorical('ALTITUDE_2_ALT_TOT'),Tschuprowt,0.009811222885911991,,False
Classification | Tschuprowt + KruskalEta  (shipped),Categorical('ALTITUDE_3_ALT_TOT'),Tschuprowt,0.009811222885911991,,False
Classification | Tschuprowt + KruskalEta  (shipped),Categorical('ALTITUDE_4_ALT_TOT'),Tschuprowt,0.009811222885911991,,False
Classification | Tschuprowt + KruskalEta  (shipped),Categorical('ALTITUDE_REGION'),Tschuprowt,0.00727357074846481,,False
Classification | Tschuprowt + KruskalEta  (shipped),Categorical('NBJTX25_MM_A_NBJTX25_MMAX_A'),Tschuprowt,0.007369543919990315,,False
Classification | Tschuprowt + KruskalEta  (shipped),Categorical('NBJTXI27_MM_A_NBJTXI27_MMAX_A'),Tschuprowt,0.007465699118418774,,False
Classification | Tschuprowt + KruskalEta  (shipped),Categorical('NBJTXS32_MM_A_NBJTXS32_MMAX_A'),Tschuprowt,0.007209752909638233,,False
Classification | Tschuprowt + KruskalEta  (shipped),Categorical('NBJTXI20_MM_A_NBJTXI20_MMAX_A'),Tschuprowt,0.008813502331681508,,False
Classification | Tschuprowt + KruskalEta  (shipped),Categorical('NBJTX30_MM_A_NBJTX30_MMAX_A'),Tschuprowt,0.008629695672515609,,False
Classification | Tschuprowt + KruskalEta  (shipped),Categorical('NBJTX35_MM_A_NBJTX35_MMAX_A'),Tschuprowt,0.005169837530419022,,False
Classification | Tschuprowt + KruskalEta  (shipped),Categorical('NBJTN10_MM_A_NBJTN10_MMAX_A'),Tschuprowt,0.0038911464387503007,,False
Classification | Tschuprowt + KruskalEta  (shipped),Categorical('NBJTNI10_MM_A_NBJTNI10_MMAX_A'),Tschuprowt,0.009315396793122698,,False
Classification | Tschuprowt + KruskalEta  (shipped),Categorical('NBJTN5_MM_A_NBJTN5_MMAX_A'),Tschuprowt,0.008555586890752948,,False
Classification | Tschuprowt + KruskalEta  (shipped),Categorical('NBJTNS25_MM_A_NBJTNS25_MMAX_A'),Tschuprowt,0.0,,False
Classification | Tschuprowt + KruskalEta  (shipped),Categorical('NBJTNI15_MM_A_NBJTNI15_MMAX_A'),Tschuprowt,0.006083005627478657,,False
Classification | Tschuprowt + KruskalEta  (shipped),Categorical('NBJTNI20_MM_A_NBJTNI20_MMAX_A'),Tschuprowt,0.004092643517877322,,False
Classification | Tschuprowt + KruskalEta  (shipped),Categorical('NBJTNS20_MM_A_NBJTNS20_MMAX_A'),Tschuprowt,0.006675051192474565,,False
Classification | Tschuprowt + KruskalEta  (shipped),Categorical('NBJTMS24_MM_A_NBJTMS24_MMAX_A'),Tschuprowt,0.006277148168556225,,False
Classification | Tschuprowt + KruskalEta  (shipped),Categorical('TM_VOR_MM_A_TM_VOR_MMAX_A'),Tschuprowt,0.006945222546824176,,False
Classification | Tschuprowt + KruskalEta  (shipped),Categorical('TMM_VOR_MM_A_TMM_VOR_MMAX_A'),Tschuprowt,0.006115335080650641,,False
Classification | Tschuprowt + KruskalEta  (shipped),Categorical('TMMAX_VOR_MM_A_TMMAX_VOR_MMAX_A'),Tschuprowt,0.006983020327829288,,False
Classification | Tschuprowt + KruskalEta  (shipped),Categorical('TMMIN_VOR_MM_A_TMMIN_VOR_MMAX_A'),Tschuprowt,0.0074555759643305216,,False
Classification | Tschuprowt + KruskalEta  (shipped),Categorical('TN_VOR_MM_A_TN_VOR_MMAX_A'),Tschuprowt,0.009096285216672112,,False
Classification | Tschuprowt + KruskalEta  (shipped),Categorical('TNAB_VOR_MM_A_TNAB_VOR_MMAX_A'),Tschuprowt,0.009338223472088236,,False
Classification | Tschuprowt + KruskalEta  (shipped),Categorical('TNMAX_VOR_MM_A_TNMAX_VOR_MMAX_A'),Tschuprowt,0.00694388179831854,,False
Classification | Tschuprowt + KruskalEta  (shipped),Categorical('TX_VOR_MM_A_TX_VOR_MMAX_A'),Tschuprowt,0.0077683025205477225,,False
Classification | Tschuprowt + KruskalEta  (shipped),Categorical('TXMIN_VOR_MM_A_TXMIN_VOR_MMAX_A'),Tschuprowt,0.006567834143759954,,False
Classification | Tschuprowt + KruskalEta  (shipped),Categorical('NBJFF28_MM_A_NBJFF28_MMAX_A'),Tschuprowt,0.007176252696828067,,False
Classification | Tschuprowt + KruskalEta  (shipped),Categorical('NBJFXY10_MM_A_NBJFXY10_MMAX_A'),Tschuprowt,0.009249621868286408,,False
Classification | Tschuprowt + KruskalEta  (shipped),Categorical('NBJFXY15_MM_A_NBJFXY15_MMAX_A'),Tschuprowt,0.009164560185188695,,False
Classification | Tschuprowt + KruskalEta  (shipped),Categorical('FFM_VOR_MM_A_FFM_VOR_MMAX_A'),Tschuprowt,0.006773522030364605,,False
Classification | Tschuprowt + KruskalEta  (shipped),Categorical('FXI3SAB_VOR_MM_A_FXI3SAB_VOR_MMAX_A'),Tschuprowt,0.006140367915326166,,False
Classification | Tschuprowt + KruskalEta  (shipped),Categorical('FXIAB_VOR_MM_A_FXIAB_VOR_MMAX_A'),Tschuprowt,0.008999334175224973,,False
Classification | Tschuprowt + KruskalEta  (shipped),Categorical('FXYAB_VOR_MM_A_FXYAB_VOR_MMAX_A'),Tschuprowt,0.005890485635780723,,False
Classification | Tschuprowt + KruskalEta  (shipped),Categorical('FFM_VOR_COM_MM_A_Y_FFM_VOR_COM_MMAX_A_Y'),Tschuprowt,0.009663048221552735,,False
Classification | Tschuprowt + KruskalEta  (shipped),Categorical('FXI3SAB_VOR_COM_MM_A_Y_FXI3SAB_VOR_COM_MMAX_A_Y'),Tschuprowt,0.00803550859193221,,False
Classification | Tschuprowt + KruskalEta  (shipped),Categorical('NBJRR1_MM_A_NBJRR1_MMAX_A'),Tschuprowt,0.008077744631631016,,False
Classification | Tschuprowt + KruskalEta  (shipped),Categorical('NBJRR5_MM_A_NBJRR5_MMAX_A'),Tschuprowt,0.008667819953485614,,False
Classification | Tschuprowt + KruskalEta  (shipped),Categorical('NBJRR100_MM_A_NBJRR100_MMAX_A'),Tschuprowt,0.006115251691538351,,False
Classification | Tschuprowt + KruskalEta  (shipped),Categorical('RR_VOR_MM_A_RR_VOR_MMAX_A'),Tschuprowt,0.009542422349429893,,False
Classification | Tschuprowt + KruskalEta  (shipped),Categorical('nb_casernes_extinction_rate'),Tschuprowt,0.004723668572178484,,False
Classification | Tschuprowt + KruskalEta  (shipped),Categorical('zone_vent_extinction_rate'),Tschuprowt,0.009414144757972764,,False
Classification | Tschuprowt + KruskalEta  (shipped),Categorical('VENT_x_CASERNES'),Tschuprowt,0.009708877465310968,,False
Classification | Tschuprowt + KruskalEta  (shipped),Ordinal('NB_CASERNES'),Tschuprowt,0.0022661872370602883,,False
Classification | Tschuprowt + KruskalEta  (shipped),Ordinal('MEN_SURF'),Tschuprowt,0.0044229081277448465,,False
Classification | Tschuprowt + KruskalEta  (shipped),Ordinal('IND_SNV'),Tschuprowt,0.003439301288694444,,False
Classification | Tschuprowt + KruskalEta  (shipped),Ordinal('IND_Y9'),Tschuprowt,0.004975865515501778,,False
Classification | Tschuprowt + KruskalEta  (shipped),Ordinal('LOG_SOC'),Tschuprowt,0.006433955307378099,,False
Classification | Tschuprowt + KruskalEta  (shipped),Ordinal('LOG_APA3'),Tschuprowt,0.004522946515724138,,False
Classification | Tschuprowt + KruskalEta  (shipped),Ordinal('LOG_AVA1'),Tschuprowt,0.004584606907204501,,False
Classification | Tschuprowt + KruskalEta  (shipped),Ordinal('MEN_MAIS'),Tschuprowt,0.0035867999365193273,,False
Classification | Tschuprowt + KruskalEta  (shipped),Ordinal('MEN_COLL'),Tschuprowt,0.003702524739223891,,False
Classification | Tschuprowt + KruskalEta  (shipped),Ordinal('MEN_FMP'),Tschuprowt,0.0013822605816375603,,False
Classification | Tschuprowt + KruskalEta  (shipped),Ordinal('MEN_PROP'),Tschuprowt,0.0015637768333313618,,False
Classification | Tschuprowt + KruskalEta  (shipped),Ordinal('MEN_PAUV'),Tschuprowt,0.004997403457871623,,False
Classification | Tschuprowt + KruskalEta  (shipped),Ordinal('COEFASS'),Tschuprowt,0.005583897363410234,,False
Classification | Tschuprowt + KruskalEta  (shipped),Ordinal('DISTANCE_111'),Tschuprowt,0.0004060946686929573,,False
Classification | Tschuprowt + KruskalEta  (shipped),Ordinal('DISTANCE_112'),Tschuprowt,0.0034468296187568706,,False
Classification | Tschuprowt + KruskalEta  (shipped),Ordinal('DISTANCE_121'),Tschuprowt,0.003146390178940825,,False
Classification | Tschuprowt + KruskalEta  (shipped),Ordinal('DISTANCE_122'),Tschuprowt,0.007195199373976134,,False
Classification | Tschuprowt + KruskalEta  (shipped),Ordinal('DISTANCE_123'),Tschuprowt,0.006890095839764209,,False
Classification | Tschuprowt + KruskalEta  (shipped),Ordinal('DISTANCE_124'),Tschuprowt,0.0,,False
Classification | Tschuprowt + KruskalEta  (shipped),Ordinal('DISTANCE_131'),Tschuprowt,0.0023419113510082697,,False
Classification | Tschuprowt + KruskalEta  (shipped),Ordinal('DISTANCE_132'),Tschuprowt,0.008438235934687078,,False
Classification | Tschuprowt + KruskalEta  (shipped),Ordinal('DISTANCE_133'),Tschuprowt,0.003687324415444206,,False
Classification | Tschuprowt + KruskalEta  (shipped),Ordinal('DISTANCE_141'),Tschuprowt,0.0031743999927711817,,False
Classification | Tschuprowt + KruskalEta  (shipped),Ordinal('DISTANCE_142'),Tschuprowt,0.0,,False
Classification | Tschuprowt + KruskalEta  (shipped),Ordinal('DISTANCE_211'),Tschuprowt,0.007382644833637939,,False
Classification | Tschuprowt + KruskalEta  (shipped),Ordinal('DISTANCE_221'),Tschuprowt,0.003413500797662615,,False
Classification | Tschuprowt + KruskalEta  (shipped),Ordinal('DISTANCE_222'),Tschuprowt,0.007298466569873905,,False
Classification | Tschuprowt + KruskalEta  (shipped),Ordinal('DISTANCE_223'),Tschuprowt,0.011963108305001302,,False
Classification | Tschuprowt + KruskalEta  (shipped),Ordinal('DISTANCE_231'),Tschuprowt,0.005152387725936362,,False
Classification | Tschuprowt + KruskalEta  (shipped),Ordinal('DISTANCE_242'),Tschuprowt,0.006255301651827262,,False
Classification | Tschuprowt + KruskalEta  (shipped),Ordinal('DISTANCE_243'),Tschuprowt,0.0008955696796348428,,False
Classification | Tschuprowt + KruskalEta  (shipped),Ordinal('DISTANCE_244'),Tschuprowt,0.0,,False
Classification | Tschuprowt + KruskalEta  (shipped),Ordinal('DISTANCE_311'),Tschuprowt,0.009390548582435177,,False
Classification | Tschuprowt + KruskalEta  (shipped),Ordinal('DISTANCE_312'),Tschuprowt,0.0,,False
Classification | Tschuprowt + KruskalEta  (shipped),Ordinal('DISTANCE_313'),Tschuprowt,0.0,,False
Classification | Tschuprowt + KruskalEta  (shipped),Ordinal('DISTANCE_321'),Tschuprowt,0.009745650563819461,,False
Classification | Tschuprowt + KruskalEta  (shipped),Ordinal('DISTANCE_322'),Tschuprowt,0.003499529772760102,,False
Classification | Tschuprowt + KruskalEta  (shipped),Ordinal('DISTANCE_324'),Tschuprowt,0.0,,False
Classification | Tschuprowt + KruskalEta  (shipped),Ordinal('DISTANCE_331'),Tschuprowt,0.0019978029259148443,,False
Classification | Tschuprowt + KruskalEta  (shipped),Ordinal('DISTANCE_332'),Tschuprowt,0.008066272534235103,,False
Classification | Tschuprowt + KruskalEta  (shipped),Ordinal('DISTANCE_333'),Tschuprowt,0.0014392534583485743,,False
Classification | Tschuprowt + KruskalEta  (shipped),Ordinal('DISTANCE_412'),Tschuprowt,0.0028749429790784543,,False
Classification | Tschuprowt + KruskalEta  (shipped),Ordinal('DISTANCE_421'),Tschuprowt,0.003923117927422628,,False
Classification | Tschuprowt + KruskalEta  (shipped),Ordinal('DISTANCE_422'),Tschuprowt,0.008123050264043643,,False
Classification | Tschuprowt + KruskalEta  (shipped),Ordinal('DISTANCE_423'),Tschuprowt,0.0042446994505898955,,False
Classification | Tschuprowt + KruskalEta  (shipped),Ordinal('DISTANCE_511'),Tschuprowt,0.005696960328190954,,False
Classification | Tschuprowt + KruskalEta  (shipped),Ordinal('DISTANCE_512'),Tschuprowt,0.005611037690981583,,False
Classification | Tschuprowt + KruskalEta  (shipped),Ordinal('DISTANCE_521'),Tschuprowt,0.004918228148198877,,False
Classification | Tschuprowt + KruskalEta  (shipped),Ordinal('DISTANCE_522'),Tschuprowt,0.002980805311269253,,False
Classification | Tschuprowt + KruskalEta  (shipped),Ordinal('DISTANCE_523'),Tschuprowt,0.0035385722815326395,,False
Classification | Tschuprowt + KruskalEta  (shipped),Ordinal('PROPORTION_22'),Tschuprowt,0.0033643316064864677,,False
Classification | Tschuprowt + KruskalEta  (shipped),Ordinal('PROPORTION_23'),Tschuprowt,0.003901958324070127,,False
Classification | Tschuprowt + KruskalEta  (shipped),Ordinal('PROPORTION_24'),Tschuprowt,0.007350242394929883,,False
Classification | Tschuprowt + KruskalEta  (shipped),Ordinal('PROPORTION_31'),Tschuprowt,0.008216630871955791,,False
Classification | Tschuprowt + KruskalEta  (shipped),Ordinal('PROPORTION_32'),Tschuprowt,0.002720015601284033,,False
Classification | Tschuprowt + KruskalEta  (shipped),Ordinal('MEN_1IND'),Tschuprowt,0.005598184974025729,,False
Classification | Tschuprowt + KruskalEta  (shipped),Ordinal('MEN_5IND'),Tschuprowt,0.002993336369889828,,False
Classification | Tschuprowt + KruskalEta  (shipped),Ordinal('LOG_A2_A3'),Tschuprowt,0.004376643260016498,,False
Classification | Tschuprowt + KruskalEta  (shipped),Ordinal('IND_Y3_Y4'),Tschuprowt,0.004459783999109029,,False
Classification | Tschuprowt + KruskalEta  (shipped),Ordinal('IND_Y5_Y6'),Tschuprowt,0.003978906923005318,,False
Classification | Tschuprowt + KruskalEta  (shipped),Ordinal('IND_Y8_Y9'),Tschuprowt,0.005860975226167294,,False
Classification | Tschuprowt + KruskalEta  (shipped),Ordinal('DISTANCE_1'),Tschuprowt,0.004309599369399332,,False
Classification | Tschuprowt + KruskalEta  (shipped),Ordinal('DISTANCE_2'),Tschuprowt,0.0,,False
Classification | Tschuprowt + KruskalEta  (shipped),Ordinal('ALTITUDE_1'),Tschuprowt,0.008866678386791655,,False
Classification | Tschuprowt + KruskalEta  (shipped),Ordinal('ALTITUDE_2'),Tschuprowt,0.008024384524607223,,False
Classification | Tschuprowt + KruskalEta  (shipped),Ordinal('ALTITUDE_3'),Tschuprowt,0.007684096647105581,,False
Classification | Tschuprowt + KruskalEta  (shipped),Ordinal('ALTITUDE_4'),Tschuprowt,0.0060539899369756135,,False
Classification | Tschuprowt + KruskalEta  (shipped),Ordinal('ALTITUDE_5'),Tschuprowt,0.007848399341776134,,False
Classification | Tschuprowt + KruskalEta  (shipped),Ordinal('NBJTX25_MM_A'),Tschuprowt,0.003561051195854261,,False
Classification | Tschuprowt + KruskalEta  (shipped),Ordinal('NBJTX25_MMAX_A'),Tschuprowt,0.0060079804168662486,,False
Classification | Tschuprowt + KruskalEta  (shipped),Ordinal('NBJTX25_MSOM_A'),Tschuprowt,0.003561051195854261,,False
Classification | Tschuprowt + KruskalEta  (shipped),Ordinal('NBJTX0_MM_A'),Tschuprowt,0.00636914280052577,,False
Classification | Tschuprowt + KruskalEta  (shipped),Ordinal('NBJTX0_MMAX_A'),Tschuprowt,0.009132770425513845,,False
Classification | Tschuprowt + KruskalEta  (shipped),Ordinal('NBJTX0_MSOM_A'),Tschuprowt,0.00636914280052577,,False
Classification | Tschuprowt + KruskalEta  (shipped),Ordinal('NBJTXI27_MM_A'),Tschuprowt,0.005835800231739796,,False
Classification | Tschuprowt + KruskalEta  (shipped),Ordinal('NBJTXI27_MMAX_A'),Tschuprowt,0.005551859974113592,,False
Classification | Tschuprowt + KruskalEta  (shipped),Ordinal('NBJTXI27_MSOM_A'),Tschuprowt,0.005835800231739796,,False
Classification | Tschuprowt + KruskalEta  (shipped),Ordinal('NBJTXS32_MM_A'),Tschuprowt,0.005916317786240566,,False
Classification | Tschuprowt + KruskalEta  (shipped),Ordinal('NBJTXS32_MMAX_A'),Tschuprowt,0.004894803700768034,,False
Classification | Tschuprowt + KruskalEta  (shipped),Ordinal('NBJTXS32_MSOM_A'),Tschuprowt,0.005916317786240566,,False
Classification | Tschuprowt + KruskalEta  (shipped),Ordinal('NBJTXI20_MM_A'),Tschuprowt,0.007478650467452933,,False
Classification | Tschuprowt + KruskalEta  (shipped),Ordinal('NBJTXI20_MMAX_A'),Tschuprowt,0.0036956176410861746,,False
Classification | Tschuprowt + KruskalEta  (shipped),Ordinal('NBJTXI20_MSOM_A'),Tschuprowt,0.007478650467452933,,False
Classification | Tschuprowt + KruskalEta  (shipped),Ordinal('NBJTX30_MM_A'),Tschuprowt,0.006751984104033814,,False
Classification | Tschuprowt + KruskalEta  (shipped),Ordinal('NBJTX30_MMAX_A'),Tschuprowt,0.006491287301652655,,False
Classification | Tschuprowt + KruskalEta  (shipped),Ordinal('NBJTX30_MSOM_A'),Tschuprowt,0.006751984104033814,,False
Classification | Tschuprowt + KruskalEta  (shipped),Ordinal('NBJTX35_MM_A'),Tschuprowt,0.0034922730839851497,,False
Classification | Tschuprowt + KruskalEta  (shipped),Ordinal('NBJTX35_MMAX_A'),Tschuprowt,0.0036950340436040785,,False
Classification | Tschuprowt + KruskalEta  (shipped),Ordinal('NBJTX35_MSOM_A'),Tschuprowt,0.0034922730839851497,,False
Classification | Tschuprowt + KruskalEta  (shipped),Ordinal('NBJTN10_MM_A'),Tschuprowt,0.004815873826197209,,False
Classification | Tschuprowt + KruskalEta  (shipped),Ordinal('NBJTN10_MMAX_A'),Tschuprowt,0.004674184264034401,,False
Classification | Tschuprowt + KruskalEta  (shipped),Ordinal('NBJTN10_MSOM_A'),Tschuprowt,0.004815873826197209,,False
Classification | Tschuprowt + KruskalEta  (shipped),Ordinal('NBJTNI10_MM_A'),Tschuprowt,0.003812788779796985,,False
Classification | Tschuprowt + KruskalEta  (shipped),Ordinal('NBJTNI10_MMAX_A'),Tschuprowt,0.0016406882819203273,,False
Classification | Tschuprowt + KruskalEta  (shipped),Ordinal('NBJTNI10_MSOM_A'),Tschuprowt,0.003812788779796985,,False
Classification | Tschuprowt + KruskalEta  (shipped),Ordinal('NBJTN5_MM_A'),Tschuprowt,0.00547422616231075,,False
Classification | Tschuprowt + KruskalEta  (shipped),Ordinal('NBJTN5_MMAX_A'),Tschuprowt,0.0051769144209576285,,False
Classification | Tschuprowt + KruskalEta  (shipped),Ordinal('NBJTN5_MSOM_A'),Tschuprowt,0.00547422616231075,,False
Classification | Tschuprowt + KruskalEta  (shipped),Ordinal('NBJTNS25_MM_A'),Tschuprowt,0.0,,False
Classification | Tschuprowt + KruskalEta  (shipped),Ordinal('NBJTNS25_MMAX_A'),Tschuprowt,0.0,,False
Classification | Tschuprowt + KruskalEta  (shipped),Ordinal('NBJTNS25_MSOM_A'),Tschuprowt,0.0,,False
Classification | Tschuprowt + KruskalEta  (shipped),Ordinal('NBJTNI15_MM_A'),Tschuprowt,0.004935175836722686,,False
Classification | Tschuprowt + KruskalEta  (shipped),Ordinal('NBJTNI15_MMAX_A'),Tschuprowt,0.0,,False
Classification | Tschuprowt + KruskalEta  (shipped),Ordinal('NBJTNI15_MSOM_A'),Tschuprowt,0.004935175836722686,,False
Classification | Tschuprowt + KruskalEta  (shipped),Ordinal('NBJTNI20_MM_A'),Tschuprowt,0.004092643517877322,,False
Classification | Tschuprowt + KruskalEta  (shipped),Ordinal('NBJTNI20_MMAX_A'),Tschuprowt,0.0,,False
Classification | Tschuprowt + KruskalEta  (shipped),Ordinal('NBJTNI20_MSOM_A'),Tschuprowt,0.004092643517877322,,False
Classification | Tschuprowt + KruskalEta  (shipped),Ordinal('NBJTNS20_MM_A'),Tschuprowt,0.005501179614004856,,False
Classification | Tschuprowt + KruskalEta  (shipped),Ordinal('NBJTNS20_MMAX_A'),Tschuprowt,0.0026702706518925185,,False
Classification | Tschuprowt + KruskalEta  (shipped),Ordinal('NBJTNS20_MSOM_A'),Tschuprowt,0.005501179614004856,,False
Classification | Tschuprowt + KruskalEta  (shipped),Ordinal('NBJTMS24_MM_A'),Tschuprowt,0.004458394861698736,,False
Classification | Tschuprowt + KruskalEta  (shipped),Ordinal('NBJTMS24_MMAX_A'),Tschuprowt,0.004703444186230432,,False
Classification | Tschuprowt + KruskalEta  (shipped),Ordinal('NBJTMS24_MSOM_A'),Tschuprowt,0.004458394861698736,,False
Classification | Tschuprowt + KruskalEta  (shipped),Ordinal('TAMPLIAB_VOR_MM_A'),Tschuprowt,0.008090209170262711,,False
Classification | Tschuprowt + KruskalEta  (shipped),Ordinal('TAMPLIAB_VOR_MMAX_A'),Tschuprowt,0.004128782362117871,,False
Classification | Tschuprowt + KruskalEta  (shipped),Ordinal('TAMPLIM_VOR_MM_A'),Tschuprowt,0.00796570276266318,,False
Classification | Tschuprowt + KruskalEta  (shipped),Ordinal('TAMPLIM_VOR_MMAX_A'),Tschuprowt,0.004331983082247168,,False
Classification | Tschuprowt + KruskalEta  (shipped),Ordinal('TM_VOR_MM_A'),Tschuprowt,0.00648968217141847,,False
Classification | Tschuprowt + KruskalEta  (shipped),Ordinal('TM_VOR_MMAX_A'),Tschuprowt,0.00561035935532447,,False
Classification | Tschuprowt + KruskalEta  (shipped),Ordinal('TMM_VOR_MM_A'),Tschuprowt,0.004526278227132458,,False
Classification | Tschuprowt + KruskalEta  (shipped),Ordinal('TMM_VOR_MMAX_A'),Tschuprowt,0.004626568353568496,,False
Classification | Tschuprowt + KruskalEta  (shipped),Ordinal('TMMAX_VOR_MM_A'),Tschuprowt,0.006616167655553683,,False
Classification | Tschuprowt + KruskalEta  (shipped),Ordinal('TMMAX_VOR_MMAX_A'),Tschuprowt,0.005084965570925475,,False
Classification | Tschuprowt + KruskalEta  (shipped),Ordinal('TMMIN_VOR_MM_A'),Tschuprowt,0.006411343404355971,,False
Classification | Tschuprowt + KruskalEta  (shipped),Ordinal('TMMIN_VOR_MMAX_A'),Tschuprowt,0.0028258287878470045,,False
Classification | Tschuprowt + KruskalEta  (shipped),Ordinal('TN_VOR_MM_A'),Tschuprowt,0.005285597566653844,,False
Classification | Tschuprowt + KruskalEta  (shipped),Ordinal('TN_VOR_MMAX_A'),Tschuprowt,0.005008450988344892,,False
Classification | Tschuprowt + KruskalEta  (shipped),Ordinal('TNAB_VOR_MM_A'),Tschuprowt,0.004490754666258034,,False
Classification | Tschuprowt + KruskalEta  (shipped),Ordinal('TNAB_VOR_MMAX_A'),Tschuprowt,0.00535507038594809,,False
Classification | Tschuprowt + KruskalEta  (shipped),Ordinal('TNMAX_VOR_MM_A'),Tschuprowt,0.004681989135666359,,False
Classification | Tschuprowt + KruskalEta  (shipped),Ordinal('TNMAX_VOR_MMAX_A'),Tschuprowt,0.005273698798893125,,False
Classification | Tschuprowt + KruskalEta  (shipped),Ordinal('TX_VOR_MM_A'),Tschuprowt,0.007018887779541234,,False
Classification | Tschuprowt + KruskalEta  (shipped),Ordinal('TX_VOR_MMAX_A'),Tschuprowt,0.0037853426249158492,,False
Classification | Tschuprowt + KruskalEta  (shipped),Ordinal('TXAB_VOR_MM_A'),Tschuprowt,0.0074150249833157995,,False
Classification | Tschuprowt + KruskalEta  (shipped),Ordinal('TXAB_VOR_MMAX_A'),Tschuprowt,0.005468514389750276,,False
Classification | Tschuprowt + KruskalEta  (shipped),Ordinal('TXMIN_VOR_MM_A'),Tschuprowt,0.004432366630714775,,False
Classification | Tschuprowt + KruskalEta  (shipped),Ordinal('TXMIN_VOR_MMAX_A'),Tschuprowt,0.0012695858967574699,,False
Classification | Tschuprowt + KruskalEta  (shipped),Ordinal('NBJFF10_MM_A'),Tschuprowt,0.009560380913522492,,False
Classification | Tschuprowt + KruskalEta  (shipped),Ordinal('NBJFF10_MMAX_A'),Tschuprowt,0.008778008651404098,,False
Classification | Tschuprowt + KruskalEta  (shipped),Ordinal('NBJFF10_MSOM_A'),Tschuprowt,0.009560380913522492,,False
Classification | Tschuprowt + KruskalEta  (shipped),Ordinal('NBJFF16_MM_A'),Tschuprowt,0.005481545454817316,,False
Classification | Tschuprowt + KruskalEta  (shipped),Ordinal('NBJFF16_MMAX_A'),Tschuprowt,0.007903498298333853,,False
Classification | Tschuprowt + KruskalEta  (shipped),Ordinal('NBJFF16_MSOM_A'),Tschuprowt,0.005481545454817316,,False
Classification | Tschuprowt + KruskalEta  (shipped),Ordinal('NBJFF28_MM_A'),Tschuprowt,0.007280784093355193,,False
Classification | Tschuprowt + KruskalEta  (shipped),Ordinal('NBJFF28_MMAX_A'),Tschuprowt,0.0023776691071052125,,False
Classification | Tschuprowt + KruskalEta  (shipped),Ordinal('NBJFF28_MSOM_A'),Tschuprowt,0.007280784093355193,,False
Classification | Tschuprowt + KruskalEta  (shipped),Ordinal('NBJFXI3S10_MM_A'),Tschuprowt,0.009654016246611873,,False
Classification | Tschuprowt + KruskalEta  (shipped),Ordinal('NBJFXI3S10_MMAX_A'),Tschuprowt,0.009716278276591068,,False
Classification | Tschuprowt + KruskalEta  (shipped),Ordinal('NBJFXI3S10_MSOM_A'),Tschuprowt,0.009654016246611873,,False
Classification | Tschuprowt + KruskalEta  (shipped),Ordinal('NBJFXI3S16_MM_A'),Tschuprowt,0.005385625440604414,,False
Classification | Tschuprowt + KruskalEta  (shipped),Ordinal('NBJFXI3S16_MMAX_A'),Tschuprowt,0.008463572942611094,,False
Classification | Tschuprowt + KruskalEta  (shipped),Ordinal('NBJFXI3S16_MSOM_A'),Tschuprowt,0.005385625440604414,,False
Classification | Tschuprowt + KruskalEta  (shipped),Ordinal('NBJFXI3S28_MM_A'),Tschuprowt,0.009115401134210888,,False
Classification | Tschuprowt + KruskalEta  (shipped),Ordinal('NBJFXI3S28_MMAX_A'),Tschuprowt,0.003430289328880924,,False
Classification | Tschuprowt + KruskalEta  (shipped),Ordinal('NBJFXI3S28_MSOM_A'),Tschuprowt,0.009115401134210888,,False
Classification | Tschuprowt + KruskalEta  (shipped),Ordinal('NBJFXY8_MM_A'),Tschuprowt,0.008782430027521493,,False
Classification | Tschuprowt + KruskalEta  (shipped),Ordinal('NBJFXY8_MMAX_A'),Tschuprowt,0.009776158115981723,,False
Classification | Tschuprowt + KruskalEta  (shipped),Ordinal('NBJFXY8_MSOM_A'),Tschuprowt,0.008782430027521493,,False
Classification | Tschuprowt + KruskalEta  (shipped),Ordinal('NBJFXY10_MM_A'),Tschuprowt,0.008089607383758904,,False
Classification | Tschuprowt + KruskalEta  (shipped),Ordinal('NBJFXY10_MMAX_A'),Tschuprowt,0.007993887130598596,,False
Classification | Tschuprowt + KruskalEta  (shipped),Ordinal('NBJFXY10_MSOM_A'),Tschuprowt,0.008089607383758904,,False
Classification | Tschuprowt + KruskalEta  (shipped),Ordinal('NBJFXY15_MM_A'),Tschuprowt,0.0041790465893725304,,False
Classification | Tschuprowt + KruskalEta  (shipped),Ordinal('NBJFXY15_MMAX_A'),Tschuprowt,0.005749816488354071,,False
Classification | Tschuprowt + KruskalEta  (shipped),Ordinal('NBJFXY15_MSOM_A'),Tschuprowt,0.0041790465893725304,,False
Classification | Tschuprowt + KruskalEta  (shipped),Ordinal('FFM_VOR_MM_A'),Tschuprowt,0.005732356551664507,,False
Classification | Tschuprowt + KruskalEta  (shipped),Ordinal('FFM_VOR_MMAX_A'),Tschuprowt,0.008176223824627472,,False
Classification | Tschuprowt + KruskalEta  (shipped),Ordinal('FXI3SAB_VOR_MM_A'),Tschuprowt,0.006004551594167981,,False
Classification | Tschuprowt + KruskalEta  (shipped),Ordinal('FXI3SAB_VOR_MMAX_A'),Tschuprowt,0.006003228855858173,,False
Classification | Tschuprowt + KruskalEta  (shipped),Ordinal('FXIAB_VOR_MM_A'),Tschuprowt,0.003589642454584204,,False
Classification | Tschuprowt + KruskalEta  (shipped),Ordinal('FXIAB_VOR_MMAX_A'),Tschuprowt,0.007256815099299253,,False
Classification | Tschuprowt + KruskalEta  (shipped),Ordinal('FXYAB_VOR_MM_A'),Tschuprowt,0.005892849881149597,,False
Classification | Tschuprowt + KruskalEta  (shipped),Ordinal('FXYAB_VOR_MMAX_A'),Tschuprowt,0.004751336702494715,,False
Classification | Tschuprowt + KruskalEta  (shipped),Ordinal('FFM_VOR_COM_MM_A_Y'),Tschuprowt,0.007888519990434106,,False
Classification | Tschuprowt + KruskalEta  (shipped),Ordinal('FFM_VOR_COM_MMAX_A_Y'),Tschuprowt,0.009185619530889385,,False
Classification | Tschuprowt + KruskalEta  (shipped),Ordinal('FXI3SAB_VOR_COM_MM_A_Y'),Tschuprowt,0.00803191667989392,,False
Classification | Tschuprowt + KruskalEta  (shipped),Ordinal('FXI3SAB_VOR_COM_MMAX_A_Y'),Tschuprowt,0.008019086723876518,,False
Classification | Tschuprowt + KruskalEta  (shipped),Ordinal('NBJRR50_MM_A'),Tschuprowt,0.007845929310278462,,False
Classification | Tschuprowt + KruskalEta  (shipped),Ordinal('NBJRR50_MMAX_A'),Tschuprowt,0.010767901055574002,,False
Classification | Tschuprowt + KruskalEta  (shipped),Ordinal('NBJRR50_MSOM_A'),Tschuprowt,0.007845929310278462,,False
Classification | Tschuprowt + KruskalEta  (shipped),Ordinal('NBJRR1_MM_A'),Tschuprowt,0.005750864845641645,,False
Classification | Tschuprowt + KruskalEta  (shipped),Ordinal('NBJRR1_MMAX_A'),Tschuprowt,0.006676398835082294,,False
Classification | Tschuprowt + KruskalEta  (shipped),Ordinal('NBJRR1_MSOM_A'),Tschuprowt,0.005750864845641645,,False
Classification | Tschuprowt + KruskalEta  (shipped),Ordinal('NBJRR5_MM_A'),Tschuprowt,0.006394179374045042,,False
Classification | Tschuprowt + KruskalEta  (shipped),Ordinal('NBJRR5_MMAX_A'),Tschuprowt,0.008127642252231327,,False
Classification | Tschuprowt + KruskalEta  (shipped),Ordinal('NBJRR5_MSOM_A'),Tschuprowt,0.006394179374045042,,False
Classification | Tschuprowt + KruskalEta  (shipped),Ordinal('NBJRR10_MM_A'),Tschuprowt,0.009991996292400804,,False
Classification | Tschuprowt + KruskalEta  (shipped),Ordinal('NBJRR10_MMAX_A'),Tschuprowt,0.011264378066008728,,False
Classification | Tschuprowt + KruskalEta  (shipped),Ordinal('NBJRR30_MM_A'),Tschuprowt,0.009325470011852948,,False
Classification | Tschuprowt + KruskalEta  (shipped),Ordinal('NBJRR30_MMAX_A'),Tschuprowt,0.007459669851131436,,False
Classification | Tschuprowt + KruskalEta  (shipped),Ordinal('NBJRR30_MSOM_A'),Tschuprowt,0.009325470011852948,,False
Classification | Tschuprowt + KruskalEta  (shipped),Ordinal('NBJRR100_MM_A'),Tschuprowt,0.004366090657283739,,False
Classification | Tschuprowt + KruskalEta  (shipped),Ordinal('NBJRR100_MMAX_A'),Tschuprowt,0.0056125021578037745,,False
Classification | Tschuprowt + KruskalEta  (shipped),Ordinal('NBJRR100_MSOM_A'),Tschuprowt,0.004366090657283739,,False
Classification | Tschuprowt + KruskalEta  (shipped),Ordinal('RR_VOR_MM_A'),Tschuprowt,0.009412190692781347,,False
Classification | Tschuprowt + KruskalEta  (shipped),Ordinal('RR_VOR_MMAX_A'),Tschuprowt,0.008585915075210965,,False
Classification | Tschuprowt + KruskalEta  (shipped),Ordinal('RRAB_VOR_MM_A'),Tschuprowt,0.008058859088312425,,False
Classification | Tschuprowt + KruskalEta  (shipped),Ordinal('RRAB_VOR_MMAX_A'),Tschuprowt,0.009785554224244214,,False
Classification | Tschuprowt + KruskalEta  (shipped),Ordinal('SURFACE4'),Tschuprowt,0.04001908917836262,,False
Classification | Tschuprowt + KruskalEta  (shipped),Ordinal('total_surface_2023'),Tschuprowt,0.003195888795046612,,False
Classification | Tschuprowt + KruskalEta  (shipped),Ordinal('total_surface_5y'),Tschuprowt,0.00875002490044031,,False
Classification | Tschuprowt + KruskalEta  (shipped),Ordinal('surface_over_forest'),Tschuprowt,0.003598505889857918,,False
Classification | Tschuprowt + KruskalEta  (shipped),Ordinal('fire_extinction_rates'),Tschuprowt,0.002325121884982657,,False
Classification | Cramerv    + KruskalEta,Numerical('KAPITAL32'),KruskalEtaSquared,0.003341445707629702,0.0,True
Classification | Cramerv    + KruskalEta,Numerical('KAPITAL_MAX'),KruskalEtaSquared,0.0029121021994039553,1.0,True
Classification | Cramerv    + KruskalEta,Numerical('SURFACE10'),KruskalEtaSquared,0.00262500042135815,2.0,True
Classification | Cramerv    + KruskalEta,Numerical('SURFACE1'),KruskalEtaSquared,0.0025697901257601178,3.0,True
Classification | Cramerv    + KruskalEta,Numerical('SURFACE7'),KruskalEtaSquared,0.0024298458501062657,4.0,True
Classification | Cramerv    + KruskalEta,Numerical('KAPITAL21'),KruskalEtaSquared,0.0019929412001957144,5.0,True
Classification | Cramerv    + KruskalEta,Numerical('NBBAT4'),KruskalEtaSquared,0.001928589783163783,6.0,True
Classification | Cramerv    + KruskalEta,Numerical('NBSINSTRT'),KruskalEtaSquared,0.0016369100044172627,7.0,True
Classification | Cramerv    + KruskalEta,Numerical('KAPITAL23'),KruskalEtaSquared,0.0014213548565034397,8.0,True
Classification | Cramerv    + KruskalEta,Numerical('EQUIPEMENT6'),KruskalEtaSquared,0.001197527561743192,9.0,True
Classification | Cramerv    + KruskalEta,Numerical('NBSINCONJ'),KruskalEtaSquared,0.001060261279335841,10.0,True
Classification | Cramerv    + KruskalEta,Numerical('SURFACE17'),KruskalEtaSquared,0.0009547589594060219,11.0,True
Classification | Cramerv    + KruskalEta,Numerical('KAPITAL8'),KruskalEtaSquared,0.0008972874314890825,12.0,True
Classification | Cramerv    + KruskalEta,Numerical('TAILLE3'),KruskalEtaSquared,0.0008145975640681762,13.0,True
Classification | Cramerv    + KruskalEta,Numerical('KAPITAL14'),KruskalEtaSquared,0.0007977500533795414,14.0,True
Classification | Cramerv    + KruskalEta,Numerical('KAPITAL24'),KruskalEtaSquared,0.0006514317580642939,15.0,True
Classification | Cramerv    + KruskalEta,Numerical('KAPITAL27'),KruskalEtaSquared,0.0006393106037321964,16.0,True
Classification | Cramerv    + KruskalEta,Numerical('KAPITAL3'),KruskalEtaSquared,0.0005956810072684957,17.0,True
Classification | Cramerv    + KruskalEta,Numerical('KAPITAL10'),KruskalEtaSquared,0.000556993550862698,18.0,True
Classification | Cramerv    + KruskalEta,Numerical('CA3_CA_TOT'),KruskalEtaSquared,0.0005070385699661183,19.0,True
Classification | Cramerv    + KruskalEta,Numerical('NBBAT2'),KruskalEtaSquared,0.0003064475890290031,20.0,True
Classification | Cramerv    + KruskalEta,Numerical('EQUIPEMENT1'),KruskalEtaSquared,0.00030441199421728644,21.0,True
Classification | Cramerv    + KruskalEta,Numerical('CA3'),KruskalEtaSquared,0.00025160134188148905,22.0,True
Classification | Cramerv    + KruskalEta,Numerical('DEROG1'),KruskalEtaSquared,0.00023358538593199474,23.0,True
Classification | Cramerv    + KruskalEta,Numerical('SURFACE13'),KruskalEtaSquared,0.0001871255193532899,24.0,True
Classification | Cramerv    + KruskalEta,Numerical('RISK5'),KruskalEtaSquared,0.00018017979022040721,25.0,True
Classification | Cramerv    + KruskalEta,Numerical('CARACT5'),KruskalEtaSquared,0.00017954242680609563,26.0,True
Classification | Cramerv    + KruskalEta,Numerical('NBBAT7'),KruskalEtaSquared,0.00017565399835500756,27.0,True
Classification | Cramerv    + KruskalEta,Numerical('NBBAT8'),KruskalEtaSquared,0.00014804594058686393,28.0,True
Classification | Cramerv    + KruskalEta,Numerical('ZONE_VENT'),KruskalEtaSquared,0.00013836856342647395,29.0,True
Classification | Cramerv    + KruskalEta,Numerical('KAPITAL20'),KruskalEtaSquared,0.00013722797613691486,30.0,True
Classification | Cramerv    + KruskalEta,Numerical('KAPITAL17'),KruskalEtaSquared,0.00012112046689236722,31.0,True
Classification | Cramerv    + KruskalEta,Numerical('KAPITAL25'),KruskalEtaSquared,0.00011634604132700082,32.0,True
Classification | Cramerv    + KruskalEta,Numerical('RISK2'),KruskalEtaSquared,0.00011025642272042073,33.0,True
Classification | Cramerv    + KruskalEta,Numerical('NBBAT6'),KruskalEtaSquared,9.83866507061866e-05,34.0,True
Classification | Cramerv    + KruskalEta,Numerical('RISK1'),KruskalEtaSquared,9.240934578108191e-05,35.0,True
Classification | Cramerv    + KruskalEta,Numerical('DEROG11'),KruskalEtaSquared,8.8119505981097e-05,36.0,True
Classification | Cramerv    + KruskalEta,Numerical('NBBAT9'),KruskalEtaSquared,8.464475550190463e-05,37.0,True
Classification | Cramerv    + KruskalEta,Numerical('KAPITAL1'),KruskalEtaSquared,8.198152130761628e-05,38.0,True
Classification | Cramerv    + KruskalEta,Numerical('DUREE_REQANEUF'),KruskalEtaSquared,7.885825837759013e-05,39.0,True
Classification | Cramerv    + KruskalEta,Numerical('DEROG10'),KruskalEtaSquared,7.86970590316749e-05,40.0,True
Classification | Cramerv    + KruskalEta,Numerical('DEROG8_formatted'),KruskalEtaSquared,7.564087804622105e-05,41.0,True
Classification | Cramerv    + KruskalEta,Numerical('DEROG7'),KruskalEtaSquared,6.409434001693204e-05,42.0,True
Classification | Cramerv    + KruskalEta,Numerical('EQUIPEMENT4'),KruskalEtaSquared,6.020367985415876e-05,43.0,True
Classification | Cramerv    + KruskalEta,Numerical('DEROG6'),KruskalEtaSquared,5.83272049924257e-05,44.0,True
Classification | Cramerv    + KruskalEta,Numerical('RISK4'),KruskalEtaSquared,5.6665736753644014e-05,45.0,True
Classification | Cramerv    + KruskalEta,Numerical('TYPBAT2'),KruskalEtaSquared,5.003733397563801e-05,46.0,True
Classification | Cramerv    + KruskalEta,Numerical('ANCIENNETE'),KruskalEtaSquared,4.079279992624761e-05,47.0,True
Classification | Cramerv    + KruskalEta,Numerical('KAPITAL19'),KruskalEtaSquared,3.2765409565546675e-05,48.0,True
Classification | Cramerv    + KruskalEta,Numerical('SURFACE21'),KruskalEtaSquared,3.265617623257874e-05,49.0,True
Classification | Cramerv    + KruskalEta,Numerical('CARACT2'),KruskalEtaSquared,0.0,,False
Classification | Cramerv    + KruskalEta,Numerical('DEROG9'),KruskalEtaSquared,0.0,,False
Classification | Cramerv    + KruskalEta,Numerical('DEROG15'),KruskalEtaSquared,0.0,,False
Classification | Cramerv    + KruskalEta,Numerical('CA1'),KruskalEtaSquared,0.0,,False
Classification | Cramerv    + KruskalEta,Numerical('CA2'),KruskalEtaSquared,,,False
Classification | Cramerv    + KruskalEta,Numerical('KAPITAL2'),KruskalEtaSquared,0.0,,False
Classification | Cramerv    + KruskalEta,Numerical('KAPITAL4'),KruskalEtaSquared,0.0,,False
Classification | Cramerv    + KruskalEta,Numerical('KAPITAL5'),KruskalEtaSquared,3.945069325510123e-06,,False
Classification | Cramerv    + KruskalEta,Numerical('KAPITAL6'),KruskalEtaSquared,0.001826409083032621,,False
Classification | Cramerv    + KruskalEta,Numerical('KAPITAL7'),KruskalEtaSquared,0.0013517223443324296,,False
Classification | Cramerv    + KruskalEta,Numerical('KAPITAL9'),KruskalEtaSquared,0.000627524869529235,,False
Classification | Cramerv    + KruskalEta,Numerical('KAPITAL11'),KruskalEtaSquared,6.513003788003951e-05,,False
Classification | Cramerv    + KruskalEta,Numerical('KAPITAL12'),KruskalEtaSquared,0.0026577806019342028,,False
Classification | Cramerv    + KruskalEta,Numerical('KAPITAL13'),KruskalEtaSquared,8.180338206794136e-05,,False
Classification | Cramerv    + KruskalEta,Numerical('KAPITAL15'),KruskalEtaSquared,3.068810197676915e-05,,False
Classification | Cramerv    + KruskalEta,Numerical('KAPITAL16'),KruskalEtaSquared,2.7400240446859253e-05,,False
Classification | Cramerv    + KruskalEta,Numerical('KAPITAL18'),KruskalEtaSquared,2.6687012514126488e-05,,False
Classification | Cramerv    + KruskalEta,Numerical('KAPITAL22'),KruskalEtaSquared,0.0,,False
Classification | Cramerv    + KruskalEta,Numerical('KAPITAL26'),KruskalEtaSquared,2.5027756821366694e-05,,False
Classification | Cramerv    + KruskalEta,Numerical('KAPITAL28'),KruskalEtaSquared,3.229667640995173e-05,,False
Classification | Cramerv    + KruskalEta,Numerical('KAPITAL29'),KruskalEtaSquared,0.0,,False
Classification | Cramerv    + KruskalEta,Numerical('KAPITAL30'),KruskalEtaSquared,1.0397290818720624e-05,,False
Classification | Cramerv    + KruskalEta,Numerical('KAPITAL31'),KruskalEtaSquared,0.0,,False
Classification | Cramerv    + KruskalEta,Numerical('KAPITAL33'),KruskalEtaSquared,0.0,,False
Classification | Cramerv    + KruskalEta,Numerical('KAPITAL36'),KruskalEtaSquared,0.0,,False
Classification | Cramerv    + KruskalEta,Numerical('KAPITAL38'),KruskalEtaSquared,0.0,,False
Classification | Cramerv    + KruskalEta,Numerical('KAPITAL39'),KruskalEtaSquared,3.945069325510123e-06,,False
Classification | Cramerv    + KruskalEta,Numerical('SURFACE2'),KruskalEtaSquared,0.0025696273079613796,,False
Classification | Cramerv    + KruskalEta,Numerical('SURFACE3'),KruskalEtaSquared,0.0024613861685728548,,False
Classification | Cramerv    + KruskalEta,Numerical('SURFACE5'),KruskalEtaSquared,2.3331917357206177e-06,,False
Classification | Cramerv    + KruskalEta,Numerical('SURFACE8'),KruskalEtaSquared,0.0002619866158778447,,False
Classification | Cramerv    + KruskalEta,Numerical('SURFACE9'),KruskalEtaSquared,2.2004489525692102e-05,,False
Classification | Cramerv    + KruskalEta,Numerical('SURFACE11'),KruskalEtaSquared,0.0022520281606864196,,False
Classification | Cramerv    + KruskalEta,Numerical('SURFACE12'),KruskalEtaSquared,0.0,,False
Classification | Cramerv    + KruskalEta,Numerical('SURFACE14'),KruskalEtaSquared,1.0675002571748728e-05,,False
Classification | Cramerv    + KruskalEta,Numerical('SURFACE15'),KruskalEtaSquared,0.0,,False
Classification | Cramerv    + KruskalEta,Numerical('SURFACE16'),KruskalEtaSquared,3.100269356709052e-05,,False
Classification | Cramerv    + KruskalEta,Numerical('SURFACE18'),KruskalEtaSquared,1.009587604962139e-05,,False
Classification | Cramerv    + KruskalEta,Numerical('SURFACE19'),KruskalEtaSquared,0.0,,False
Classification | Cramerv    + KruskalEta,Numerical('SURFACE20'),KruskalEtaSquared,0.0,,False
Classification | Cramerv    + KruskalEta,Numerical('NBBAT1'),KruskalEtaSquared,0.00192621208847162,,False
Classification | Cramerv    + KruskalEta,Numerical('NBBAT3'),KruskalEtaSquared,0.0,,False
Classification | Cramerv    + KruskalEta,Numerical('NBBAT5'),KruskalEtaSquared,2.9327185969948915e-06,,False
Classification | Cramerv    + KruskalEta,Numerical('NBBAT10'),KruskalEtaSquared,0.0003064474137335499,,False
Classification | Cramerv    + KruskalEta,Numerical('NBBAT11'),KruskalEtaSquared,0.0,,False
Classification | Cramerv    + KruskalEta,Numerical('NBBAT13'),KruskalEtaSquared,0.0017831376179294962,,False
Classification | Cramerv    + KruskalEta,Numerical('NBBAT14'),KruskalEtaSquared,3.2452211845172754e-06,,False
Classification | Cramerv    + KruskalEta,Numerical('TAILLE4'),KruskalEtaSquared,5.205503803197935e-07,,False
Classification | Cramerv    + KruskalEta,Numerical('RISK3'),KruskalEtaSquared,0.00010021396911672075,,False
Classification | Cramerv    + KruskalEta,Numerical('RISK7'),KruskalEtaSquared,8.424683179032465e-05,,False
Classification | Cramerv    + KruskalEta,Numerical('EQUIPEMENT3'),KruskalEtaSquared,0.0,,False
Classification | Cramerv    + KruskalEta,Numerical('EQUIPEMENT7'),KruskalEtaSquared,0.001185308148024672,,False
Classification | Cramerv    + KruskalEta,Numerical('CA_TOT'),KruskalEtaSquared,0.0,,False
Classification | Cramerv    + KruskalEta,Numerical('CA_MEAN'),KruskalEtaSquared,0.0,,False
Classification | Cramerv    + KruskalEta,Numerical('CA1_CA_TOT'),KruskalEtaSquared,1.0174848364207517e-05,,False
Classification | Cramerv    + KruskalEta,Numerical('CA1_CA_MEAN'),KruskalEtaSquared,0.0,,False
Classification | Cramerv    + KruskalEta,Numerical('CA2_CA_TOT'),KruskalEtaSquared,,,False
Classification | Cramerv    + KruskalEta,Numerical('CA2_CA_MEAN'),KruskalEtaSquared,,,False
Classification | Cramerv    + KruskalEta,Numerical('CA3_CA_MEAN'),KruskalEtaSquared,2.425823448505829e-05,,False
Classification | Cramerv    + KruskalEta,Numerical('Unknown'),KruskalEtaSquared,1.2444328042097756e-05,,False
Classification | Cramerv    + KruskalEta,Numerical('Involontaire (travaux)'),KruskalEtaSquared,2.025583454332325e-05,,False
Classification | Cramerv    + KruskalEta,Numerical('Involontaire (particulier)'),KruskalEtaSquared,4.006895990760629e-06,,False
Classification | Cramerv    + KruskalEta,Numerical('Accidentelle'),KruskalEtaSquared,2.6811377542185934e-05,,False
Classification | Cramerv    + KruskalEta,Numerical('Malveillance'),KruskalEtaSquared,4.3571439640697294e-06,,False
Classification | Cramerv    + KruskalEta,Numerical('Naturelle'),KruskalEtaSquared,1.8644851022203495e-06,,False
Classification | Cramerv    + KruskalEta,Numerical('KAPITAL_SUM'),KruskalEtaSquared,0.00279728678026292,,False
Classification | Cramerv    + KruskalEta,Numerical('DEROG13_formatted'),KruskalEtaSquared,4.171530078520364e-06,,False
Classification | Cramerv    + KruskalEta,Numerical('DEROG3_formatted'),KruskalEtaSquared,7.218466823301178e-05,,False
Classification | Cramerv    + KruskalEta,Numerical('DEROG16_formatted'),KruskalEtaSquared,0.0,,False
Classification | Cramerv    + KruskalEta,Ordinal('SURFACE6'),Cramerv,0.04759098558683723,0.0,True
Classification | Cramerv    + KruskalEta,Ordinal('TAILLE1'),Cramerv,0.0450754204340828,1.0,True
Classification | Cramerv    + KruskalEta,Ordinal('TAILLE2'),Cramerv,0.04419180114259297,2.0,True
Classification | Cramerv    + KruskalEta,Categorical('VOCATION'),Cramerv,0.043012721285906406,3.0,True
Classification | Cramerv    + KruskalEta,Categorical('KAPITAL40'),Cramerv,0.042812547658222115,4.0,True
Classification | Cramerv    + KruskalEta,Categorical('TYPERS'),Cramerv,0.04016192333113293,5.0,True
Classification | Cramerv    + KruskalEta,Categorical('KAPITAL41'),Cramerv,0.03685418011362101,6.0,True
Classification | Cramerv    + KruskalEta,Categorical('KAPITAL42'),Cramerv,0.03006324401298022,7.0,True
Classification | Cramerv    + KruskalEta,Categorical('DEROG12'),Cramerv,0.029254214530141768,8.0,True
Classification | Cramerv    + KruskalEta,Categorical('RISK11'),Cramerv,0.028721475431845014,9.0,True
Classification | Cramerv    + KruskalEta,Categorical('KAPITAL43'),Cramerv,0.025180107956129683,10.0,True
Classification | Cramerv    + KruskalEta,Categorical('KAPITAL37'),Cramerv,0.024539645106364156,11.0,True
Classification | Cramerv    + KruskalEta,Ordinal('HAUTEUR_MAX'),Cramerv,0.02292310017343951,12.0,True
Classification | Cramerv    + KruskalEta,Ordinal('BDTOPO_BAT_MAX_HAUTEUR_MAX'),Cramerv,0.021080981532131324,13.0,True
Classification | Cramerv    + KruskalEta,Categorical('DEROG4'),Cramerv,0.021032637914071353,14.0,True
Classification | Cramerv    + KruskalEta,Categorical('ZONE'),Cramerv,0.01983105230652041,15.0,True
Classification | Cramerv    + KruskalEta,Categorical('RISK10'),Cramerv,0.01942168934004351,16.0,True
Classification | Cramerv    + KruskalEta,Categorical('DEROG5'),Cramerv,0.01813985964384631,17.0,True
Classification | Cramerv    + KruskalEta,Categorical('AN_EXERC'),Cramerv,0.017499945952952595,18.0,True
Classification | Cramerv    + KruskalEta,Ordinal('BDTOPO_BAT_MAX_HAUTEUR'),Cramerv,0.017225897099391606,19.0,True
Classification | Cramerv    + KruskalEta,Categorical('total_surface_crossed'),Cramerv,0.017084172546177813,20.0,True
Classification | Cramerv    + KruskalEta,Categorical('TXAB_VOR_MM_A_TXAB_VOR_MMAX_A'),Cramerv,0.016526362056153352,21.0,True
Classification | Cramerv    + KruskalEta,Categorical('ACTIVIT2'),Cramerv,0.01583427234639586,22.0,True
Classification | Cramerv    + KruskalEta,Categorical('NBJFXI3S10_MM_A_NBJFXI3S10_MMAX_A'),Cramerv,0.015737088630098886,23.0,True
Classification | Cramerv    + KruskalEta,Categorical('INDEM2'),Cramerv,0.015625081024761556,24.0,True
Classification | Cramerv    + KruskalEta,Categorical('EQUIPEMENT2'),Cramerv,0.014612887784680794,25.0,True
Classification | Cramerv    + KruskalEta,Ordinal('DISTANCE_213'),Cramerv,0.014505302674110388,26.0,True
Classification | Cramerv    + KruskalEta,Categorical('NBJFXI3S16_MM_A_NBJFXI3S16_MMAX_A'),Cramerv,0.014290737993267376,27.0,True
Classification | Cramerv    + KruskalEta,Categorical('NBJTX0_MM_A_NBJTX0_MMAX_A'),Cramerv,0.014232852479179417,28.0,True
Classification | Cramerv    + KruskalEta,Ordinal('PROPORTION_21'),Cramerv,0.01422820748045596,29.0,True
Classification | Cramerv    + KruskalEta,Categorical('NBJRR50_MM_A_NBJRR50_MMAX_A'),Cramerv,0.013686520558690267,30.0,True
Classification | Cramerv    + KruskalEta,Categorical('NBJRR10_MM_A_NBJRR10_MMAX_A'),Cramerv,0.013645100097430385,31.0,True
Classification | Cramerv    + KruskalEta,Ordinal('CARACT4'),Cramerv,0.013590625378866301,32.0,True
Classification | Cramerv    + KruskalEta,Ordinal('DISTANCE_212'),Cramerv,0.013580441201041056,33.0,True
Classification | Cramerv    + KruskalEta,Categorical('NBJFXI3S28_MM_A_NBJFXI3S28_MMAX_A'),Cramerv,0.013543211004897708,34.0,True
Classification | Cramerv    + KruskalEta,Ordinal('DISTANCE_411'),Cramerv,0.013475079389498178,35.0,True
Classification | Cramerv    + KruskalEta,Ordinal('DISTANCE_323'),Cramerv,0.01345856116424918,36.0,True
Classification | Cramerv    + KruskalEta,Categorical('IND_SNV_REGION'),Cramerv,0.013378889395724673,37.0,True
Classification | Cramerv    + KruskalEta,Categorical('NBJFF16_MM_A_NBJFF16_MMAX_A'),Cramerv,0.01289566327261244,38.0,True
Classification | Cramerv    + KruskalEta,Ordinal('DISTANCE_335'),Cramerv,0.012764950606659825,39.0,True
Classification | Cramerv    + KruskalEta,Categorical('RRAB_VOR_MM_A_RRAB_VOR_MMAX_A'),Cramerv,0.012689226444865045,40.0,True
Classification | Cramerv    + KruskalEta,Ordinal('DISTANCE_334'),Cramerv,0.01253308740294179,41.0,True
Classification | Cramerv    + KruskalEta,Categorical('NBJFF10_MM_A_NBJFF10_MMAX_A'),Cramerv,0.012519019047671104,42.0,True
Classification | Cramerv    + KruskalEta,Categorical('NBJFXY8_MM_A_NBJFXY8_MMAX_A'),Cramerv,0.012094483994933628,43.0,True
Classification | Cramerv    + KruskalEta,Categorical('NBJRR30_MM_A_NBJRR30_MMAX_A'),Cramerv,0.011965546594182735,44.0,True
Classification | Cramerv    + KruskalEta,Categorical('TAMPLIAB_VOR_MM_A_TAMPLIAB_VOR_MMAX_A'),Cramerv,0.011955369946008137,45.0,True
Classification | Cramerv    + KruskalEta,Ordinal('NBJRR10_MSOM_A'),Cramerv,0.011882553084003846,46.0,True
Classification | Cramerv    + KruskalEta,Ordinal('HAUTEUR'),Cramerv,0.011836479239040978,47.0,True
Classification | Cramerv    + KruskalEta,Categorical('TAMPLIM_VOR_MM_A_TAMPLIM_VOR_MMAX_A'),Cramerv,0.011825782121929248,48.0,True
Classification | Cramerv    + KruskalEta,Categorical('ALTITUDE_5_ALT_TOT'),Cramerv,0.01166757606280407,49.0,True
Classification | Cramerv    + KruskalEta,Categorical('ADOSS'),Cramerv,0.0008078400803571225,,False
Classification | Cramerv    + KruskalEta,Categorical('CARACT1'),Cramerv,0.007039095772930532,,False
Classification | Cramerv    + KruskalEta,Categorical('CARACT3'),Cramerv,0.0,,False
Classification | Cramerv    + KruskalEta,Categorical('INDEM1'),Cramerv,0.004992012331676846,,False
Classification | Cramerv    + KruskalEta,Categorical('TYPBAT1'),Cramerv,0.010488110627835997,,False
Classification | Cramerv    + KruskalEta,Categorical('FRCH1'),Cramerv,0.003567470950101511,,False
Classification | Cramerv    + KruskalEta,Categorical('FRCH2'),Cramerv,0.005741979758501245,,False
Classification | Cramerv    + KruskalEta,Categorical('DEROG2'),Cramerv,0.008438402550591495,,False
Classification | Cramerv    + KruskalEta,Categorical('DEROG3'),Cramerv,0.008871372755799328,,False
Classification | Cramerv    + KruskalEta,Categorical('DEROG8'),Cramerv,0.009064074241416758,,False
Classification | Cramerv    + KruskalEta,Categorical('KAPITAL34'),Cramerv,0.002762103358297125,,False
Classification | Cramerv    + KruskalEta,Categorical('KAPITAL35'),Cramerv,0.009407339889131025,,False
Classification | Cramerv    + KruskalEta,Categorical('RISK6'),Cramerv,0.010396082948917409,,False
Classification | Cramerv    + KruskalEta,Categorical('RISK8'),Cramerv,0.007378134262045397,,False
Classification | Cramerv    + KruskalEta,Categorical('RISK9'),Cramerv,0.00898559700935918,,False
Classification | Cramerv    + KruskalEta,Categorical('RISK12'),Cramerv,0.009747674187461787,,False
Classification | Cramerv    + KruskalEta,Categorical('RISK13'),Cramerv,0.006237345812085481,,False
Classification | Cramerv    + KruskalEta,Categorical('EQUIPEMENT5'),Cramerv,0.0,,False
Classification | Cramerv    + KruskalEta,Categorical('ESPINSEE'),Cramerv,0.0,,False
Classification | Cramerv    + KruskalEta,Categorical('ZONE_REGION'),Cramerv,0.010874294537017354,,False
Classification | Cramerv    + KruskalEta,Categorical('LOG_AVA1_num'),Cramerv,0.004925770536518633,,False
Classification | Cramerv    + KruskalEta,Categorical('LOG_A1_A2_num'),Cramerv,0.0010836793267201307,,False
Classification | Cramerv    + KruskalEta,Categorical('LOG_A2_A3_num'),Cramerv,0.005197571954408317,,False
Classification | Cramerv    + KruskalEta,Categorical('LOG_APA3_num'),Cramerv,0.005378720177275911,,False
Classification | Cramerv    + KruskalEta,Categorical('LOG_INC_num'),Cramerv,0.0006219219229695384,,False
Classification | Cramerv    + KruskalEta,Categorical('LOG_SOC_num'),Cramerv,0.0076513054291435555,,False
Classification | Cramerv    + KruskalEta,Categorical('LOG_TOT'),Cramerv,0.004272684759632266,,False
Classification | Cramerv    + KruskalEta,Categorical('LOG_A1_A2_num_LOG_TOT'),Cramerv,0.0047196957359660115,,False
Classification | Cramerv    + KruskalEta,Categorical('LOG_A2_A3_num_LOG_TOT'),Cramerv,0.005173158934388878,,False
Classification | Cramerv    + KruskalEta,Categorical('LOG_INC_num_LOG_TOT'),Cramerv,0.004272684759632266,,False
Classification | Cramerv    + KruskalEta,Categorical('LOG_SOC_num_LOG_TOT'),Cramerv,0.005678310836025399,,False
Classification | Cramerv    + KruskalEta,Categorical('LOG_REGION'),Cramerv,0.009883255126141945,,False
Classification | Cramerv    + KruskalEta,Categorical('MEN_PAUV_num'),Cramerv,0.005942947748640135,,False
Classification | Cramerv    + KruskalEta,Categorical('MEN_1IND_num'),Cramerv,0.006661082792181214,,False
Classification | Cramerv    + KruskalEta,Categorical('MEN_5IND_num'),Cramerv,0.0035952711352573905,,False
Classification | Cramerv    + KruskalEta,Categorical('MEN_PROP_num'),Cramerv,0.0036094810528572155,,False
Classification | Cramerv    + KruskalEta,Categorical('MEN_FMP_num'),Cramerv,0.0016628211920478718,,False
Classification | Cramerv    + KruskalEta,Categorical('MEN_COLL_num'),Cramerv,0.0021442372021982566,,False
Classification | Cramerv    + KruskalEta,Categorical('MEN_MAIS_num'),Cramerv,0.0021282684280977938,,False
Classification | Cramerv    + KruskalEta,Categorical('MEN_TOT'),Cramerv,0.008176185151068336,,False
Classification | Cramerv    + KruskalEta,Categorical('MEN_PAUV_MEN_TOT'),Cramerv,0.008223345485376862,,False
Classification | Cramerv    + KruskalEta,Categorical('MEN_PAUV_MEN'),Cramerv,0.0012736438201637337,,False
Classification | Cramerv    + KruskalEta,Categorical('MEN_1IND_MEN_TOT'),Cramerv,0.010282559659067173,,False
Classification | Cramerv    + KruskalEta,Categorical('MEN_1IND_MEN'),Cramerv,0.006494035708586957,,False
Classification | Cramerv    + KruskalEta,Categorical('MEN_5IND_MEN_TOT'),Cramerv,0.008652067341647364,,False
Classification | Cramerv    + KruskalEta,Categorical('MEN_5IND_MEN'),Cramerv,0.004483404195333399,,False
Classification | Cramerv    + KruskalEta,Categorical('MEN_PROP_MEN_TOT'),Cramerv,0.009892360579194077,,False
Classification | Cramerv    + KruskalEta,Categorical('MEN_PROP_MEN'),Cramerv,0.00420522216795971,,False
Classification | Cramerv    + KruskalEta,Categorical('MEN_FMP_MEN_TOT'),Cramerv,0.006835661566469582,,False
Classification | Cramerv    + KruskalEta,Categorical('MEN_FMP_MEN'),Cramerv,0.001625503301488685,,False
Classification | Cramerv    + KruskalEta,Categorical('MEN_COLL_MEN_TOT'),Cramerv,0.007468425053218154,,False
Classification | Cramerv    + KruskalEta,Categorical('MEN_COLL_MEN'),Cramerv,0.0028944217102726817,,False
Classification | Cramerv    + KruskalEta,Categorical('MEN_MAIS_MEN_TOT'),Cramerv,0.007468425053218154,,False
Classification | Cramerv    + KruskalEta,Categorical('MEN_MAIS_MEN'),Cramerv,0.0028906847080114916,,False
Classification | Cramerv    + KruskalEta,Categorical('MEN_MEN_TOT'),Cramerv,0.008076414894292764,,False
Classification | Cramerv    + KruskalEta,Categorical('MEN_REGION'),Cramerv,0.008684820066584454,,False
Classification | Cramerv    + KruskalEta,Categorical('IND_Y2_Y3_num'),Cramerv,0.0029799420929324926,,False
Classification | Cramerv    + KruskalEta,Categorical('IND_Y3_Y4_num'),Cramerv,0.005303606863115746,,False
Classification | Cramerv    + KruskalEta,Categorical('IND_Y5_Y6_num'),Cramerv,0.003996094519505805,,False
Classification | Cramerv    + KruskalEta,Categorical('IND_Y8_Y9_num'),Cramerv,0.006969913439812829,,False
Classification | Cramerv    + KruskalEta,Categorical('IND_Y9_num'),Cramerv,0.005917334674331397,,False
Classification | Cramerv    + KruskalEta,Categorical('IND_SNV_num'),Cramerv,0.0040900415631534605,,False
Classification | Cramerv    + KruskalEta,Categorical('IND_TOT'),Cramerv,0.0034422871031116378,,False
Classification | Cramerv    + KruskalEta,Categorical('IND_IND_TOT'),Cramerv,0.00303664533470234,,False
Classification | Cramerv    + KruskalEta,Categorical('IND_IND_SNV'),Cramerv,0.0040174476214967884,,False
Classification | Cramerv    + KruskalEta,Categorical('IND_0_Y1_IND_TOT'),Cramerv,0.0034428731289576644,,False
Classification | Cramerv    + KruskalEta,Categorical('IND_0_Y1_IND_SNV'),Cramerv,0.004090863935646387,,False
Classification | Cramerv    + KruskalEta,Categorical('IND_Y1_Y2_IND_TOT'),Cramerv,0.0034422871031116378,,False
Classification | Cramerv    + KruskalEta,Categorical('IND_Y1_Y2_IND_SNV'),Cramerv,0.0040900415631534605,,False
Classification | Cramerv    + KruskalEta,Categorical('IND_Y2_Y3_IND_TOT'),Cramerv,0.002956442959204416,,False
Classification | Cramerv    + KruskalEta,Categorical('IND_Y2_Y3_IND_SNV'),Cramerv,0.004043333475610305,,False
Classification | Cramerv    + KruskalEta,Categorical('IND_Y3_Y4_IND_TOT'),Cramerv,0.004958022601153322,,False
Classification | Cramerv    + KruskalEta,Categorical('IND_Y3_Y4_IND'),Cramerv,0.0052245819630704505,,False
Classification | Cramerv    + KruskalEta,Categorical('IND_Y3_Y4_IND_SNV'),Cramerv,0.004842988082700571,,False
Classification | Cramerv    + KruskalEta,Categorical('IND_Y4_Y5_IND_TOT'),Cramerv,0.003628855586155686,,False
Classification | Cramerv    + KruskalEta,Categorical('IND_Y4_Y5_IND'),Cramerv,0.0028372558628277757,,False
Classification | Cramerv    + KruskalEta,Categorical('IND_Y4_Y5_IND_SNV'),Cramerv,0.004334898434781047,,False
Classification | Cramerv    + KruskalEta,Categorical('IND_Y5_Y6_IND_TOT'),Cramerv,0.004673062570534995,,False
Classification | Cramerv    + KruskalEta,Categorical('IND_Y5_Y6_IND'),Cramerv,0.00412737643465808,,False
Classification | Cramerv    + KruskalEta,Categorical('IND_Y5_Y6_IND_SNV'),Cramerv,0.005074800981973527,,False
Classification | Cramerv    + KruskalEta,Categorical('IND_Y6_Y7_IND_TOT'),Cramerv,0.0046250237391696845,,False
Classification | Cramerv    + KruskalEta,Categorical('IND_Y6_Y7_IND_SNV'),Cramerv,0.006833864359721701,,False
Classification | Cramerv    + KruskalEta,Categorical('IND_Y7_Y8_IND_TOT'),Cramerv,0.003634841225749719,,False
Classification | Cramerv    + KruskalEta,Categorical('IND_Y7_Y8_IND_SNV'),Cramerv,0.004289906977003445,,False
Classification | Cramerv    + KruskalEta,Categorical('IND_Y8_Y9_IND_TOT'),Cramerv,0.005648714391354563,,False
Classification | Cramerv    + KruskalEta,Categorical('IND_Y8_Y9_IND'),Cramerv,0.006831313742387507,,False
Classification | Cramerv    + KruskalEta,Categorical('IND_Y8_Y9_IND_SNV'),Cramerv,0.006697886424430903,,False
Classification | Cramerv    + KruskalEta,Categorical('IND_Y9_IND_TOT'),Cramerv,0.005224295192311892,,False
Classification | Cramerv    + KruskalEta,Categorical('IND_Y9_IND'),Cramerv,0.005891158579615063,,False
Classification | Cramerv    + KruskalEta,Categorical('IND_Y9_IND_SNV'),Cramerv,0.006321659897914708,,False
Classification | Cramerv    + KruskalEta,Categorical('IND_INC_IND_TOT'),Cramerv,0.0034422871031116378,,False
Classification | Cramerv    + KruskalEta,Categorical('IND_INC_IND_SNV'),Cramerv,0.0040900415631534605,,False
Classification | Cramerv    + KruskalEta,Categorical('IND_SNV_IND_TOT'),Cramerv,0.0069935817053867946,,False
Classification | Cramerv    + KruskalEta,Categorical('IND_SNV_IND'),Cramerv,0.0040174476214967884,,False
Classification | Cramerv    + KruskalEta,Categorical('IND_REGION'),Cramerv,0.0096626854344653,,False
Classification | Cramerv    + KruskalEta,Categorical('ALTITUDE_1_num'),Cramerv,0.010544317024013485,,False
Classification | Cramerv    + KruskalEta,Categorical('ALTITUDE_2_num'),Cramerv,0.009542655170180638,,False
Classification | Cramerv    + KruskalEta,Categorical('ALTITUDE_3_num'),Cramerv,0.009137982405106512,,False
Classification | Cramerv    + KruskalEta,Categorical('ALTITUDE_4_num'),Cramerv,0.007199447907206275,,False
Classification | Cramerv    + KruskalEta,Categorical('ALTITUDE_5_num'),Cramerv,0.009333372338622853,,False
Classification | Cramerv    + KruskalEta,Categorical('ALTITUDE_TOT'),Cramerv,0.01166757606280407,,False
Classification | Cramerv    + KruskalEta,Categorical('ALTITUDE_1_ALT_TOT'),Cramerv,0.01166757606280407,,False
Classification | Cramerv    + KruskalEta,Categorical('ALTITUDE_2_ALT_TOT'),Cramerv,0.01166757606280407,,False
Classification | Cramerv    + KruskalEta,Categorical('ALTITUDE_3_ALT_TOT'),Cramerv,0.01166757606280407,,False
Classification | Cramerv    + KruskalEta,Categorical('ALTITUDE_4_ALT_TOT'),Cramerv,0.01166757606280407,,False
Classification | Cramerv    + KruskalEta,Categorical('ALTITUDE_REGION'),Cramerv,0.00864978208555002,,False
Classification | Cramerv    + KruskalEta,Categorical('NBJTX25_MM_A_NBJTX25_MMAX_A'),Cramerv,0.008763914063977526,,False
Classification | Cramerv    + KruskalEta,Categorical('NBJTXI27_MM_A_NBJTXI27_MMAX_A'),Cramerv,0.008878262510093148,,False
Classification | Cramerv    + KruskalEta,Categorical('NBJTXS32_MM_A_NBJTXS32_MMAX_A'),Cramerv,0.007209752909638233,,False
Classification | Cramerv    + KruskalEta,Categorical('NBJTXI20_MM_A_NBJTXI20_MMAX_A'),Cramerv,0.010481079680928722,,False
Classification | Cramerv    + KruskalEta,Categorical('NBJTX30_MM_A_NBJTX30_MMAX_A'),Cramerv,0.010262495494063753,,False
Classification | Cramerv    + KruskalEta,Categorical('NBJTX35_MM_A_NBJTX35_MMAX_A'),Cramerv,0.006148007574582398,,False
Classification | Cramerv    + KruskalEta,Categorical('NBJTN10_MM_A_NBJTN10_MMAX_A'),Cramerv,0.004627379030479358,,False
Classification | Cramerv    + KruskalEta,Categorical('NBJTNI10_MM_A_NBJTNI10_MMAX_A'),Cramerv,0.011077936145455044,,False
Classification | Cramerv    + KruskalEta,Categorical('NBJTN5_MM_A_NBJTN5_MMAX_A'),Cramerv,0.010174364803507413,,False
Classification | Cramerv    + KruskalEta,Categorical('NBJTNS25_MM_A_NBJTNS25_MMAX_A'),Cramerv,0.0,,False
Classification | Cramerv    + KruskalEta,Categorical('NBJTNI15_MM_A_NBJTNI15_MMAX_A'),Cramerv,0.007233953572799211,,False
Classification | Cramerv    + KruskalEta,Categorical('NBJTNI20_MM_A_NBJTNI20_MMAX_A'),Cramerv,0.0048670007906294775,,False
Classification | Cramerv    + KruskalEta,Categorical('NBJTNS20_MM_A_NBJTNS20_MMAX_A'),Cramerv,0.00793801837109815,,False
Classification | Cramerv    + KruskalEta,Categorical('NBJTMS24_MM_A_NBJTMS24_MMAX_A'),Cramerv,0.007464829263973362,,False
Classification | Cramerv    + KruskalEta,Categorical('TM_VOR_MM_A_TM_VOR_MMAX_A'),Cramerv,0.00825930806796063,,False
Classification | Cramerv    + KruskalEta,Categorical('TMM_VOR_MM_A_TMM_VOR_MMAX_A'),Cramerv,0.007272399988535482,,False
Classification | Cramerv    + KruskalEta,Categorical('TMMAX_VOR_MM_A_TMMAX_VOR_MMAX_A'),Cramerv,0.008304257458063223,,False
Classification | Cramerv    + KruskalEta,Categorical('TMMIN_VOR_MM_A_TMMIN_VOR_MMAX_A'),Cramerv,0.008866223983225131,,False
Classification | Cramerv    + KruskalEta,Categorical('TN_VOR_MM_A_TN_VOR_MMAX_A'),Cramerv,0.010066694385728346,,False
Classification | Cramerv    + KruskalEta,Categorical('TNAB_VOR_MM_A_TNAB_VOR_MMAX_A'),Cramerv,0.011105081794492745,,False
Classification | Cramerv    + KruskalEta,Categorical('TNMAX_VOR_MM_A_TNMAX_VOR_MMAX_A'),Cramerv,0.008257713640298297,,False
Classification | Cramerv    + KruskalEta,Categorical('TX_VOR_MM_A_TX_VOR_MMAX_A'),Cramerv,0.0085970399462526,,False
Classification | Cramerv    + KruskalEta,Categorical('TXMIN_VOR_MM_A_TXMIN_VOR_MMAX_A'),Cramerv,0.007810515093917143,,False
Classification | Cramerv    + KruskalEta,Categorical('NBJFF28_MM_A_NBJFF28_MMAX_A'),Cramerv,0.007941829110780294,,False
Classification | Cramerv    + KruskalEta,Categorical('NBJFXY10_MM_A_NBJFXY10_MMAX_A'),Cramerv,0.010999716136850957,,False
Classification | Cramerv    + KruskalEta,Categorical('NBJFXY15_MM_A_NBJFXY15_MMAX_A'),Cramerv,0.01089856017809705,,False
Classification | Cramerv    + KruskalEta,Categorical('FFM_VOR_MM_A_FFM_VOR_MMAX_A'),Cramerv,0.008055120592137265,,False
Classification | Cramerv    + KruskalEta,Categorical('FXI3SAB_VOR_MM_A_FXI3SAB_VOR_MMAX_A'),Cramerv,0.007302169213640303,,False
Classification | Cramerv    + KruskalEta,Categorical('FXIAB_VOR_MM_A_FXIAB_VOR_MMAX_A'),Cramerv,0.010702072231464682,,False
Classification | Cramerv    + KruskalEta,Categorical('FXYAB_VOR_MM_A_FXYAB_VOR_MMAX_A'),Cramerv,0.007005007428891763,,False
Classification | Cramerv    + KruskalEta,Categorical('FFM_VOR_COM_MM_A_Y_FFM_VOR_COM_MMAX_A_Y'),Cramerv,0.011491365697684903,,False
Classification | Cramerv    + KruskalEta,Categorical('FXI3SAB_VOR_COM_MM_A_Y_FXI3SAB_VOR_COM_MMAX_A_Y'),Cramerv,0.009555883990191283,,False
Classification | Cramerv    + KruskalEta,Categorical('NBJRR1_MM_A_NBJRR1_MMAX_A'),Cramerv,0.009606111389110638,,False
Classification | Cramerv    + KruskalEta,Categorical('NBJRR5_MM_A_NBJRR5_MMAX_A'),Cramerv,0.010307833160247646,,False
Classification | Cramerv    + KruskalEta,Categorical('NBJRR100_MM_A_NBJRR100_MMAX_A'),Cramerv,0.007272300821609833,,False
Classification | Cramerv    + KruskalEta,Categorical('RR_VOR_MM_A_RR_VOR_MMAX_A'),Cramerv,0.01134791655230301,,False
Classification | Cramerv    + KruskalEta,Categorical('nb_casernes_extinction_rate'),Cramerv,0.005617420274949397,,False
Classification | Cramerv    + KruskalEta,Categorical('zone_vent_extinction_rate'),Cramerv,0.011195367927846782,,False
Classification | Cramerv    + KruskalEta,Categorical('VENT_x_CASERNES'),Cramerv,0.01154586616043739,,False
Classification | Cramerv    + KruskalEta,Ordinal('NB_CASERNES'),Cramerv,0.0026949659862404527,,False
Classification | Cramerv    + KruskalEta,Ordinal('MEN_SURF'),Cramerv,0.0044229081277448465,,False
Classification | Cramerv    + KruskalEta,Ordinal('IND_SNV'),Cramerv,0.0040900415631534605,,False
Classification | Cramerv    + KruskalEta,Ordinal('IND_Y9'),Cramerv,0.005917334674331397,,False
Classification | Cramerv    + KruskalEta,Ordinal('LOG_SOC'),Cramerv,0.0076513054291435555,,False
Classification | Cramerv    + KruskalEta,Ordinal('LOG_APA3'),Cramerv,0.005378720177275911,,False
Classification | Cramerv    + KruskalEta,Ordinal('LOG_AVA1'),Cramerv,0.005452047153538213,,False
Classification | Cramerv    + KruskalEta,Ordinal('MEN_MAIS'),Cramerv,0.004265448004600092,,False
Classification | Cramerv    + KruskalEta,Ordinal('MEN_COLL'),Cramerv,0.004403068763358645,,False
Classification | Cramerv    + KruskalEta,Ordinal('MEN_FMP'),Cramerv,0.0016437941184711863,,False
Classification | Cramerv    + KruskalEta,Ordinal('MEN_PROP'),Cramerv,0.0018596545364740799,,False
Classification | Cramerv    + KruskalEta,Ordinal('MEN_PAUV'),Cramerv,0.005942947748640135,,False
Classification | Cramerv    + KruskalEta,Ordinal('COEFASS'),Cramerv,0.006640410474012386,,False
Classification | Cramerv    + KruskalEta,Ordinal('DISTANCE_111'),Cramerv,0.0004829306693743376,,False
Classification | Cramerv    + KruskalEta,Ordinal('DISTANCE_112'),Cramerv,0.004098994306827787,,False
Classification | Cramerv    + KruskalEta,Ordinal('DISTANCE_121'),Cramerv,0.003741709587371114,,False
Classification | Cramerv    + KruskalEta,Ordinal('DISTANCE_122'),Cramerv,0.008556582289395544,,False
Classification | Cramerv    + KruskalEta,Ordinal('DISTANCE_123'),Cramerv,0.008193750995698246,,False
Classification | Cramerv    + KruskalEta,Ordinal('DISTANCE_124'),Cramerv,0.0,,False
Classification | Cramerv    + KruskalEta,Ordinal('DISTANCE_131'),Cramerv,0.002785017641324669,,False
Classification | Cramerv    + KruskalEta,Ordinal('DISTANCE_132'),Cramerv,0.01003481021160151,,False
Classification | Cramerv    + KruskalEta,Ordinal('DISTANCE_133'),Cramerv,0.0043849924301695,,False
Classification | Cramerv    + KruskalEta,Ordinal('DISTANCE_141'),Cramerv,0.003775019057268076,,False
Classification | Cramerv    + KruskalEta,Ordinal('DISTANCE_142'),Cramerv,0.0,,False
Classification | Cramerv    + KruskalEta,Ordinal('DISTANCE_211'),Cramerv,0.008779493763700318,,False
Classification | Cramerv    + KruskalEta,Ordinal('DISTANCE_221'),Cramerv,0.004059359435647846,,False
Classification | Cramerv    + KruskalEta,Ordinal('DISTANCE_222'),Cramerv,0.008679388373503552,,False
Classification | Cramerv    + KruskalEta,Ordinal('DISTANCE_223'),Cramerv,0.014226613513855691,,False
Classification | Cramerv    + KruskalEta,Ordinal('DISTANCE_231'),Cramerv,0.006127256142936212,,False
Classification | Cramerv    + KruskalEta,Ordinal('DISTANCE_242'),Cramerv,0.007438849230841254,,False
Classification | Cramerv    + KruskalEta,Ordinal('DISTANCE_243'),Cramerv,0.0010650178350024625,,False
Classification | Cramerv    + KruskalEta,Ordinal('DISTANCE_244'),Cramerv,0.0,,False
Classification | Cramerv    + KruskalEta,Ordinal('DISTANCE_311'),Cramerv,0.01116730718801063,,False
Classification | Cramerv    + KruskalEta,Ordinal('DISTANCE_312'),Cramerv,0.0,,False
Classification | Cramerv    + KruskalEta,Ordinal('DISTANCE_313'),Cramerv,0.0,,False
Classification | Cramerv    + KruskalEta,Ordinal('DISTANCE_321'),Cramerv,0.011589596990824383,,False
Classification | Cramerv    + KruskalEta,Ordinal('DISTANCE_322'),Cramerv,0.004161665704930169,,False
Classification | Cramerv    + KruskalEta,Ordinal('DISTANCE_324'),Cramerv,0.0,,False
Classification | Cramerv    + KruskalEta,Ordinal('DISTANCE_331'),Cramerv,0.002375801453871187,,False
Classification | Cramerv    + KruskalEta,Ordinal('DISTANCE_332'),Cramerv,0.009592468689263415,,False
Classification | Cramerv    + KruskalEta,Ordinal('DISTANCE_333'),Cramerv,0.001711570452960397,,False
Classification | Cramerv    + KruskalEta,Ordinal('DISTANCE_412'),Cramerv,0.003418902645947217,,False
Classification | Cramerv    + KruskalEta,Ordinal('DISTANCE_421'),Cramerv,0.004665399752285718,,False
Classification | Cramerv    + KruskalEta,Ordinal('DISTANCE_422'),Cramerv,0.009659989169525433,,False
Classification | Cramerv    + KruskalEta,Ordinal('DISTANCE_423'),Cramerv,0.0050478267876896445,,False
Classification | Cramerv    + KruskalEta,Ordinal('DISTANCE_511'),Cramerv,0.006774865756172919,,False
Classification | Cramerv    + KruskalEta,Ordinal('DISTANCE_512'),Cramerv,0.006672685944663737,,False
Classification | Cramerv    + KruskalEta,Ordinal('DISTANCE_521'),Cramerv,0.005848791907044762,,False
Classification | Cramerv    + KruskalEta,Ordinal('DISTANCE_522'),Cramerv,0.003544794884599296,,False
Classification | Cramerv    + KruskalEta,Ordinal('DISTANCE_523'),Cramerv,0.0042080953341500265,,False
Classification | Cramerv    + KruskalEta,Ordinal('PROPORTION_22'),Cramerv,0.004000887083662242,,False
Classification | Cramerv    + KruskalEta,Ordinal('PROPORTION_23'),Cramerv,0.004640236601428288,,False
Classification | Cramerv    + KruskalEta,Ordinal('PROPORTION_24'),Cramerv,0.008740960553045258,,False
Classification | Cramerv    + KruskalEta,Ordinal('PROPORTION_31'),Cramerv,0.00977127589428084,,False
Classification | Cramerv    + KruskalEta,Ordinal('PROPORTION_32'),Cramerv,0.0032346619059653767,,False
Classification | Cramerv    + KruskalEta,Ordinal('MEN_1IND'),Cramerv,0.00665740140221272,,False
Classification | Cramerv    + KruskalEta,Ordinal('MEN_5IND'),Cramerv,0.0035596969086694004,,False
Classification | Cramerv    + KruskalEta,Ordinal('LOG_A2_A3'),Cramerv,0.005204735304640324,,False
Classification | Cramerv    + KruskalEta,Ordinal('IND_Y3_Y4'),Cramerv,0.005303606863115746,,False
Classification | Cramerv    + KruskalEta,Ordinal('IND_Y5_Y6'),Cramerv,0.003978906923005318,,False
Classification | Cramerv    + KruskalEta,Ordinal('IND_Y8_Y9'),Cramerv,0.006969913439812829,,False
Classification | Cramerv    + KruskalEta,Ordinal('DISTANCE_1'),Cramerv,0.005125006232900926,,False
Classification | Cramerv    + KruskalEta,Ordinal('DISTANCE_2'),Cramerv,0.0,,False
Classification | Cramerv    + KruskalEta,Ordinal('ALTITUDE_1'),Cramerv,0.010544317024013485,,False
Classification | Cramerv    + KruskalEta,Ordinal('ALTITUDE_2'),Cramerv,0.009542655170180638,,False
Classification | Cramerv    + KruskalEta,Ordinal('ALTITUDE_3'),Cramerv,0.009137982405106512,,False
Classification | Cramerv    + KruskalEta,Ordinal('ALTITUDE_4'),Cramerv,0.007199447907206275,,False
Classification | Cramerv    + KruskalEta,Ordinal('ALTITUDE_5'),Cramerv,0.009333372338622853,,False
Classification | Cramerv    + KruskalEta,Ordinal('NBJTX25_MM_A'),Cramerv,0.004234827418998836,,False
Classification | Cramerv    + KruskalEta,Ordinal('NBJTX25_MMAX_A'),Cramerv,0.0071447330585343565,,False
Classification | Cramerv    + KruskalEta,Ordinal('NBJTX25_MSOM_A'),Cramerv,0.004234827418998836,,False
Classification | Cramerv    + KruskalEta,Ordinal('NBJTX0_MM_A'),Cramerv,0.0075742299348536025,,False
Classification | Cramerv    + KruskalEta,Ordinal('NBJTX0_MMAX_A'),Cramerv,0.010860755569707493,,False
Classification | Cramerv    + KruskalEta,Ordinal('NBJTX0_MSOM_A'),Cramerv,0.0075742299348536025,,False
Classification | Cramerv    + KruskalEta,Ordinal('NBJTXI27_MM_A'),Cramerv,0.006939975157319494,,False
Classification | Cramerv    + KruskalEta,Ordinal('NBJTXI27_MMAX_A'),Cramerv,0.006602311382714707,,False
Classification | Cramerv    + KruskalEta,Ordinal('NBJTXI27_MSOM_A'),Cramerv,0.006939975157319494,,False
Classification | Cramerv    + KruskalEta,Ordinal('NBJTXS32_MM_A'),Cramerv,0.007035727206014429,,False
Classification | Cramerv    + KruskalEta,Ordinal('NBJTXS32_MMAX_A'),Cramerv,0.005820935387494997,,False
Classification | Cramerv    + KruskalEta,Ordinal('NBJTXS32_MSOM_A'),Cramerv,0.007035727206014429,,False
Classification | Cramerv    + KruskalEta,Ordinal('NBJTXI20_MM_A'),Cramerv,0.008893664346513454,,False
Classification | Cramerv    + KruskalEta,Ordinal('NBJTXI20_MMAX_A'),Cramerv,0.004394854793109251,,False
Classification | Cramerv    + KruskalEta,Ordinal('NBJTXI20_MSOM_A'),Cramerv,0.008893664346513454,,False
Classification | Cramerv    + KruskalEta,Ordinal('NBJTX30_MM_A'),Cramerv,0.008029507536902285,,False
Classification | Cramerv    + KruskalEta,Ordinal('NBJTX30_MMAX_A'),Cramerv,0.007719485044652152,,False
Classification | Cramerv    + KruskalEta,Ordinal('NBJTX30_MSOM_A'),Cramerv,0.008029507536902285,,False
Classification | Cramerv    + KruskalEta,Ordinal('NBJTX35_MM_A'),Cramerv,0.0041530359990076355,,False
Classification | Cramerv    + KruskalEta,Ordinal('NBJTX35_MMAX_A'),Cramerv,0.0043941607748312446,,False
Classification | Cramerv    + KruskalEta,Ordinal('NBJTX35_MSOM_A'),Cramerv,0.0041530359990076355,,False
Classification | Cramerv    + KruskalEta,Ordinal('NBJTN10_MM_A'),Cramerv,0.005727071419069098,,False
Classification | Cramerv    + KruskalEta,Ordinal('NBJTN10_MMAX_A'),Cramerv,0.005558573183623467,,False
Classification | Cramerv    + KruskalEta,Ordinal('NBJTN10_MSOM_A'),Cramerv,0.005727071419069098,,False
Classification | Cramerv    + KruskalEta,Ordinal('NBJTNI10_MM_A'),Cramerv,0.0045341955449371175,,False
Classification | Cramerv    + KruskalEta,Ordinal('NBJTNI10_MMAX_A'),Cramerv,0.0019511181783612437,,False
Classification | Cramerv    + KruskalEta,Ordinal('NBJTNI10_MSOM_A'),Cramerv,0.0045341955449371175,,False
Classification | Cramerv    + KruskalEta,Ordinal('NBJTN5_MM_A'),Cramerv,0.006509988701353986,,False
Classification | Cramerv    + KruskalEta,Ordinal('NBJTN5_MMAX_A'),Cramerv,0.006156423463163004,,False
Classification | Cramerv    + KruskalEta,Ordinal('NBJTN5_MSOM_A'),Cramerv,0.006509988701353986,,False
Classification | Cramerv    + KruskalEta,Ordinal('NBJTNS25_MM_A'),Cramerv,0.0,,False
Classification | Cramerv    + KruskalEta,Ordinal('NBJTNS25_MMAX_A'),Cramerv,0.0,,False
Classification | Cramerv    + KruskalEta,Ordinal('NBJTNS25_MSOM_A'),Cramerv,0.0,,False
Classification | Cramerv    + KruskalEta,Ordinal('NBJTNI15_MM_A'),Cramerv,0.005868946218820126,,False
Classification | Cramerv    + KruskalEta,Ordinal('NBJTNI15_MMAX_A'),Cramerv,0.0,,False
Classification | Cramerv    + KruskalEta,Ordinal('NBJTNI15_MSOM_A'),Cramerv,0.005868946218820126,,False
Classification | Cramerv    + KruskalEta,Ordinal('NBJTNI20_MM_A'),Cramerv,0.0048670007906294775,,False
Classification | Cramerv    + KruskalEta,Ordinal('NBJTNI20_MMAX_A'),Cramerv,0.0,,False
Classification | Cramerv    + KruskalEta,Ordinal('NBJTNI20_MSOM_A'),Cramerv,0.0048670007906294775,,False
Classification | Cramerv    + KruskalEta,Ordinal('NBJTNS20_MM_A'),Cramerv,0.006542041937882497,,False
Classification | Cramerv    + KruskalEta,Ordinal('NBJTNS20_MMAX_A'),Cramerv,0.003175504858213537,,False
Classification | Cramerv    + KruskalEta,Ordinal('NBJTNS20_MSOM_A'),Cramerv,0.006542041937882497,,False
Classification | Cramerv    + KruskalEta,Ordinal('NBJTMS24_MM_A'),Cramerv,0.005301954891023709,,False
Classification | Cramerv    + KruskalEta,Ordinal('NBJTMS24_MMAX_A'),Cramerv,0.005593369291283414,,False
Classification | Cramerv    + KruskalEta,Ordinal('NBJTMS24_MSOM_A'),Cramerv,0.005301954891023709,,False
Classification | Cramerv    + KruskalEta,Ordinal('TAMPLIAB_VOR_MM_A'),Cramerv,0.009620934307136677,,False
Classification | Cramerv    + KruskalEta,Ordinal('TAMPLIAB_VOR_MMAX_A'),Cramerv,0.004909977361328313,,False
Classification | Cramerv    + KruskalEta,Ordinal('TAMPLIM_VOR_MM_A'),Cramerv,0.009472870401355886,,False
Classification | Cramerv    + KruskalEta,Ordinal('TAMPLIM_VOR_MMAX_A'),Cramerv,0.005151625103479749,,False
Classification | Cramerv    + KruskalEta,Ordinal('TM_VOR_MM_A'),Cramerv,0.007717576212357152,,False
Classification | Cramerv    + KruskalEta,Ordinal('TM_VOR_MMAX_A'),Cramerv,0.006671879263073939,,False
Classification | Cramerv    + KruskalEta,Ordinal('TMM_VOR_MM_A'),Cramerv,0.004526278227132458,,False
Classification | Cramerv    + KruskalEta,Ordinal('TMM_VOR_MMAX_A'),Cramerv,0.004626568353568496,,False
Classification | Cramerv    + KruskalEta,Ordinal('TMMAX_VOR_MM_A'),Cramerv,0.007867993650035312,,False
Classification | Cramerv    + KruskalEta,Ordinal('TMMAX_VOR_MMAX_A'),Cramerv,0.006047077236488448,,False
Classification | Cramerv    + KruskalEta,Ordinal('TMMIN_VOR_MM_A'),Cramerv,0.007624415193185889,,False
Classification | Cramerv    + KruskalEta,Ordinal('TMMIN_VOR_MMAX_A'),Cramerv,0.0033604957002871727,,False
Classification | Cramerv    + KruskalEta,Ordinal('TN_VOR_MM_A'),Cramerv,0.006285670233305821,,False
Classification | Cramerv    + KruskalEta,Ordinal('TN_VOR_MMAX_A'),Cramerv,0.005956085550482156,,False
Classification | Cramerv    + KruskalEta,Ordinal('TNAB_VOR_MM_A'),Cramerv,0.005340437400845725,,False
Classification | Cramerv    + KruskalEta,Ordinal('TNAB_VOR_MMAX_A'),Cramerv,0.006368287804309837,,False
Classification | Cramerv    + KruskalEta,Ordinal('TNMAX_VOR_MM_A'),Cramerv,0.005567854792499875,,False
Classification | Cramerv    + KruskalEta,Ordinal('TNMAX_VOR_MMAX_A'),Cramerv,0.006271520134025008,,False
Classification | Cramerv    + KruskalEta,Ordinal('TX_VOR_MM_A'),Cramerv,0.008346911286836086,,False
Classification | Cramerv    + KruskalEta,Ordinal('TX_VOR_MMAX_A'),Cramerv,0.004501556382273004,,False
Classification | Cramerv    + KruskalEta,Ordinal('TXAB_VOR_MM_A'),Cramerv,0.008818000468082081,,False
Classification | Cramerv    + KruskalEta,Ordinal('TXAB_VOR_MMAX_A'),Cramerv,0.006503196220785793,,False
Classification | Cramerv    + KruskalEta,Ordinal('TXMIN_VOR_MM_A'),Cramerv,0.005271001933546649,,False
Classification | Cramerv    + KruskalEta,Ordinal('TXMIN_VOR_MMAX_A'),Cramerv,0.0015098005815310932,,False
Classification | Cramerv    + KruskalEta,Ordinal('NBJFF10_MM_A'),Cramerv,0.011369273004497162,,False
Classification | Cramerv    + KruskalEta,Ordinal('NBJFF10_MMAX_A'),Cramerv,0.010438870343805194,,False
Classification | Cramerv    + KruskalEta,Ordinal('NBJFF10_MSOM_A'),Cramerv,0.011369273004497162,,False
Classification | Cramerv    + KruskalEta,Ordinal('NBJFF16_MM_A'),Cramerv,0.006518692856079578,,False
Classification | Cramerv    + KruskalEta,Ordinal('NBJFF16_MMAX_A'),Cramerv,0.009398896409790516,,False
Classification | Cramerv    + KruskalEta,Ordinal('NBJFF16_MSOM_A'),Cramerv,0.006518692856079578,,False
Classification | Cramerv    + KruskalEta,Ordinal('NBJFF28_MM_A'),Cramerv,0.008658360246616632,,False
Classification | Cramerv    + KruskalEta,Ordinal('NBJFF28_MMAX_A'),Cramerv,0.0028275410192916853,,False
Classification | Cramerv    + KruskalEta,Ordinal('NBJFF28_MSOM_A'),Cramerv,0.008658360246616632,,False
Classification | Cramerv    + KruskalEta,Ordinal('NBJFXI3S10_MM_A'),Cramerv,0.011480624808822703,,False
Classification | Cramerv    + KruskalEta,Ordinal('NBJFXI3S10_MMAX_A'),Cramerv,0.011554667257868474,,False
Classification | Cramerv    + KruskalEta,Ordinal('NBJFXI3S10_MSOM_A'),Cramerv,0.011480624808822703,,False
Classification | Cramerv    + KruskalEta,Ordinal('NBJFXI3S16_MM_A'),Cramerv,0.006404624092706433,,False
Classification | Cramerv    + KruskalEta,Ordinal('NBJFXI3S16_MMAX_A'),Cramerv,0.01006494116169763,,False
Classification | Cramerv    + KruskalEta,Ordinal('NBJFXI3S16_MSOM_A'),Cramerv,0.006404624092706433,,False
Classification | Cramerv    + KruskalEta,Ordinal('NBJFXI3S28_MM_A'),Cramerv,0.010840099884907462,,False
Classification | Cramerv    + KruskalEta,Ordinal('NBJFXI3S28_MMAX_A'),Cramerv,0.004079324476423104,,False
Classification | Cramerv    + KruskalEta,Ordinal('NBJFXI3S28_MSOM_A'),Cramerv,0.010840099884907462,,False
Classification | Cramerv    + KruskalEta,Ordinal('NBJFXY8_MM_A'),Cramerv,0.010444128275742103,,False
Classification | Cramerv    + KruskalEta,Ordinal('NBJFXY8_MMAX_A'),Cramerv,0.01162587678891706,,False
Classification | Cramerv    + KruskalEta,Ordinal('NBJFXY8_MSOM_A'),Cramerv,0.010444128275742103,,False
Classification | Cramerv    + KruskalEta,Ordinal('NBJFXY10_MM_A'),Cramerv,0.009620218658344637,,False
Classification | Cramerv    + KruskalEta,Ordinal('NBJFXY10_MMAX_A'),Cramerv,0.009506387452236536,,False
Classification | Cramerv    + KruskalEta,Ordinal('NBJFXY10_MSOM_A'),Cramerv,0.009620218658344637,,False
Classification | Cramerv    + KruskalEta,Ordinal('NBJFXY15_MM_A'),Cramerv,0.004969751938009669,,False
Classification | Cramerv    + KruskalEta,Ordinal('NBJFXY15_MMAX_A'),Cramerv,0.006837722677910622,,False
Classification | Cramerv    + KruskalEta,Ordinal('NBJFXY15_MSOM_A'),Cramerv,0.004969751938009669,,False
Classification | Cramerv    + KruskalEta,Ordinal('FFM_VOR_MM_A'),Cramerv,0.006816959196971895,,False
Classification | Cramerv    + KruskalEta,Ordinal('FFM_VOR_MMAX_A'),Cramerv,0.00972322354610175,,False
Classification | Cramerv    + KruskalEta,Ordinal('FXI3SAB_VOR_MM_A'),Cramerv,0.007140655478185494,,False
Classification | Cramerv    + KruskalEta,Ordinal('FXI3SAB_VOR_MMAX_A'),Cramerv,0.007139082468376184,,False
Classification | Cramerv    + KruskalEta,Ordinal('FXIAB_VOR_MM_A'),Cramerv,0.0042688283473073674,,False
Classification | Cramerv    + KruskalEta,Ordinal('FXIAB_VOR_MMAX_A'),Cramerv,0.00862985614834585,,False
Classification | Cramerv    + KruskalEta,Ordinal('FXYAB_VOR_MM_A'),Cramerv,0.007007819006306041,,False
Classification | Cramerv    + KruskalEta,Ordinal('FXYAB_VOR_MMAX_A'),Cramerv,0.005650323412380282,,False
Classification | Cramerv    + KruskalEta,Ordinal('FFM_VOR_COM_MM_A_Y'),Cramerv,0.009381084099465437,,False
Classification | Cramerv    + KruskalEta,Ordinal('FFM_VOR_COM_MMAX_A_Y'),Cramerv,0.010923604101841615,,False
Classification | Cramerv    + KruskalEta,Ordinal('FXI3SAB_VOR_COM_MM_A_Y'),Cramerv,0.009551612462838885,,False
Classification | Cramerv    + KruskalEta,Ordinal('FXI3SAB_VOR_COM_MMAX_A_Y'),Cramerv,0.009536354987857817,,False
Classification | Cramerv    + KruskalEta,Ordinal('NBJRR50_MM_A'),Cramerv,0.00933043495959154,,False
Classification | Cramerv    + KruskalEta,Ordinal('NBJRR50_MMAX_A'),Cramerv,0.012805264548933914,,False
Classification | Cramerv    + KruskalEta,Ordinal('NBJRR50_MSOM_A'),Cramerv,0.00933043495959154,,False
Classification | Cramerv    + KruskalEta,Ordinal('NBJRR1_MM_A'),Cramerv,0.00683896939185607,,False
Classification | Cramerv    + KruskalEta,Ordinal('NBJRR1_MMAX_A'),Cramerv,0.007939620997275743,,False
Classification | Cramerv    + KruskalEta,Ordinal('NBJRR1_MSOM_A'),Cramerv,0.00683896939185607,,False
Classification | Cramerv    + KruskalEta,Ordinal('NBJRR5_MM_A'),Cramerv,0.00760400360621801,,False
Classification | Cramerv    + KruskalEta,Ordinal('NBJRR5_MMAX_A'),Cramerv,0.009665449994550235,,False
Classification | Cramerv    + KruskalEta,Ordinal('NBJRR5_MSOM_A'),Cramerv,0.00760400360621801,,False
Classification | Cramerv    + KruskalEta,Ordinal('NBJRR10_MM_A'),Cramerv,0.011882553084003846,,False
Classification | Cramerv    + KruskalEta,Ordinal('NBJRR10_MMAX_A'),Cramerv,0.013395678542178172,,False
Classification | Cramerv    + KruskalEta,Ordinal('NBJRR30_MM_A'),Cramerv,0.011089915288840036,,False
Classification | Cramerv    + KruskalEta,Ordinal('NBJRR30_MMAX_A'),Cramerv,0.008871092462536792,,False
Classification | Cramerv    + KruskalEta,Ordinal('NBJRR30_MSOM_A'),Cramerv,0.011089915288840036,,False
Classification | Cramerv    + KruskalEta,Ordinal('NBJRR100_MM_A'),Cramerv,0.00519218607438873,,False
Classification | Cramerv    + KruskalEta,Ordinal('NBJRR100_MMAX_A'),Cramerv,0.006674427499028374,,False
Classification | Cramerv    + KruskalEta,Ordinal('NBJRR100_MSOM_A'),Cramerv,0.00519218607438873,,False
Classification | Cramerv    + KruskalEta,Ordinal('RR_VOR_MM_A'),Cramerv,0.01119304413961797,,False
Classification | Cramerv    + KruskalEta,Ordinal('RR_VOR_MMAX_A'),Cramerv,0.010210431296250003,,False
Classification | Cramerv    + KruskalEta,Ordinal('RRAB_VOR_MM_A'),Cramerv,0.009583652566625477,,False
Classification | Cramerv    + KruskalEta,Ordinal('RRAB_VOR_MMAX_A'),Cramerv,0.011637050707716153,,False
Classification | Cramerv    + KruskalEta,Ordinal('SURFACE4'),Cramerv,0.04759098558683723,,False
Classification | Cramerv    + KruskalEta,Ordinal('total_surface_2023'),Cramerv,0.003800573693826904,,False
Classification | Cramerv    + KruskalEta,Ordinal('total_surface_5y'),Cramerv,0.010405591868054592,,False
Classification | Cramerv    + KruskalEta,Ordinal('surface_over_forest'),Cramerv,0.004279368807598234,,False
Classification | Cramerv    + KruskalEta,Ordinal('fire_extinction_rates'),Cramerv,0.0027650514888699143,,False
Ordinal        | KruskalEta + Spearman    (Run 19),Numerical('KAPITAL32'),Spearman,0.057794295991674204,0.0,True
Ordinal        | KruskalEta + Spearman    (Run 19),Numerical('KAPITAL_MAX'),Spearman,0.05390645960765981,1.0,True
Ordinal        | KruskalEta + Spearman    (Run 19),Numerical('SURFACE10'),Spearman,0.051294172740968966,2.0,True
Ordinal        | KruskalEta + Spearman    (Run 19),Numerical('SURFACE1'),Spearman,0.0507355883023415,3.0,True
Ordinal        | KruskalEta + Spearman    (Run 19),Numerical('SURFACE7'),Spearman,0.049353491615279924,4.0,True
Ordinal        | KruskalEta + Spearman    (Run 19),Numerical('KAPITAL21'),Spearman,0.044652646465502176,5.0,True
Ordinal        | KruskalEta + Spearman    (Run 19),Numerical('NBBAT4'),Spearman,0.043988847401256796,6.0,True
Ordinal        | KruskalEta + Spearman    (Run 19),Numerical('NBSINSTRT'),Spearman,0.04015079697559569,7.0,True
Ordinal        | KruskalEta + Spearman    (Run 19),Numerical('KAPITAL23'),Spearman,0.03762246761832179,8.0,True
Ordinal        | KruskalEta + Spearman    (Run 19),Numerical('EQUIPEMENT6'),Spearman,0.0344741558646093,9.0,True
Ordinal        | KruskalEta + Spearman    (Run 19),Numerical('NBSINCONJ'),Spearman,0.03230802276808535,10.0,True
Ordinal        | KruskalEta + Spearman    (Run 19),Numerical('SURFACE17'),Spearman,0.030987930790487176,11.0,True
Ordinal        | KruskalEta + Spearman    (Run 19),Numerical('KAPITAL8'),Spearman,0.030062288986530603,12.0,True
Ordinal        | KruskalEta + Spearman    (Run 19),Numerical('KAPITAL14'),Spearman,0.02835173903551461,13.0,True
Ordinal        | KruskalEta + Spearman    (Run 19),Numerical('TAILLE3'),Spearman,0.02830057171212935,14.0,True
Ordinal        | KruskalEta + Spearman    (Run 19),Numerical('KAPITAL24'),Spearman,0.02556681364512317,15.0,True
Ordinal        | KruskalEta + Spearman    (Run 19),Numerical('KAPITAL27'),Spearman,0.02500207271745845,16.0,True
Ordinal        | KruskalEta + Spearman    (Run 19),Numerical('KAPITAL3'),Spearman,0.024520466908998437,17.0,True
Ordinal        | KruskalEta + Spearman    (Run 19),Numerical('CA3_CA_TOT'),Spearman,-0.022975265290498113,18.0,True
Ordinal        | KruskalEta + Spearman    (Run 19),Numerical('KAPITAL10'),Spearman,0.0229151057314936,19.0,True
Ordinal        | KruskalEta + Spearman    (Run 19),Numerical('EQUIPEMENT1'),Spearman,0.017630906647694247,20.0,True
Ordinal        | KruskalEta + Spearman    (Run 19),Numerical('NBBAT2'),Spearman,0.01761295890047364,21.0,True
Ordinal        | KruskalEta + Spearman    (Run 19),Numerical('SURFACE13'),Spearman,-0.013912192228734865,22.0,True
Ordinal        | KruskalEta + Spearman    (Run 19),Numerical('CARACT5'),Spearman,0.013316359232258924,23.0,True
Ordinal        | KruskalEta + Spearman    (Run 19),Numerical('RISK5'),Spearman,-0.013228278159781568,24.0,True
Ordinal        | KruskalEta + Spearman    (Run 19),Numerical('NBBAT8'),Spearman,0.012061600356037521,25.0,True
Ordinal        | KruskalEta + Spearman    (Run 19),Numerical('ZONE_VENT'),Spearman,0.0120321192438622,26.0,True
Ordinal        | KruskalEta + Spearman    (Run 19),Numerical('CA3_CA_MEAN'),Spearman,0.01186019464470179,27.0,True
Ordinal        | KruskalEta + Spearman    (Run 19),Numerical('KAPITAL20'),Spearman,0.01141782181570217,28.0,True
Ordinal        | KruskalEta + Spearman    (Run 19),Numerical('KAPITAL25'),Spearman,-0.011079405892343616,29.0,True
Ordinal        | KruskalEta + Spearman    (Run 19),Numerical('KAPITAL17'),Spearman,0.010718349534360964,30.0,True
Ordinal        | KruskalEta + Spearman    (Run 19),Numerical('RISK2'),Spearman,-0.010304615422397367,31.0,True
Ordinal        | KruskalEta + Spearman    (Run 19),Numerical('NBBAT6'),Spearman,0.009880595693690044,32.0,True
Ordinal        | KruskalEta + Spearman    (Run 19),Numerical('NBBAT9'),Spearman,0.009545151189662194,33.0,True
Ordinal        | KruskalEta + Spearman    (Run 19),Numerical('KAPITAL1'),Spearman,0.009407062437937319,34.0,True
Ordinal        | KruskalEta + Spearman    (Run 19),Numerical('DEROG10'),Spearman,0.009202384500004407,35.0,True
Ordinal        | KruskalEta + Spearman    (Run 19),Numerical('RISK1'),Spearman,-0.009069743033081008,36.0,True
Ordinal        | KruskalEta + Spearman    (Run 19),Numerical('DEROG8_formatted'),Spearman,-0.009048522743860463,37.0,True
Ordinal        | KruskalEta + Spearman    (Run 19),Numerical('DUREE_REQANEUF'),Spearman,0.00898335962342504,38.0,True
Ordinal        | KruskalEta + Spearman    (Run 19),Numerical('NBBAT7'),Spearman,0.008949511781837203,39.0,True
Ordinal        | KruskalEta + Spearman    (Run 19),Numerical('DEROG11'),Spearman,0.008691299290058751,40.0,True
Ordinal        | KruskalEta + Spearman    (Run 19),Numerical('EQUIPEMENT4'),Spearman,0.008145124798938705,41.0,True
Ordinal        | KruskalEta + Spearman    (Run 19),Numerical('DEROG7'),Spearman,0.008092311081812837,42.0,True
Ordinal        | KruskalEta + Spearman    (Run 19),Numerical('DEROG6'),Spearman,0.00804681884719879,43.0,True
Ordinal        | KruskalEta + Spearman    (Run 19),Numerical('CA3'),Spearman,0.007993881567494702,44.0,True
Ordinal        | KruskalEta + Spearman    (Run 19),Numerical('DEROG1'),Spearman,0.007399408324613113,45.0,True
Ordinal        | KruskalEta + Spearman    (Run 19),Numerical('TYPBAT2'),Spearman,0.007385687494037683,46.0,True
Ordinal        | KruskalEta + Spearman    (Run 19),Numerical('RISK4'),Spearman,-0.006985832610871467,47.0,True
Ordinal        | KruskalEta + Spearman    (Run 19),Numerical('KAPITAL28'),Spearman,0.006172994353956617,48.0,True
Ordinal        | KruskalEta + Spearman    (Run 19),Numerical('KAPITAL19'),Spearman,0.006132568406315256,49.0,True
Ordinal        | KruskalEta + Spearman    (Run 19),Numerical('ANCIENNETE'),Spearman,0.006071833590328286,,False
Ordinal        | KruskalEta + Spearman    (Run 19),Numerical('CARACT2'),Spearman,-0.000762254958681598,,False
Ordinal        | KruskalEta + Spearman    (Run 19),Numerical('DEROG9'),Spearman,0.0007106982546722803,,False
Ordinal        | KruskalEta + Spearman    (Run 19),Numerical('DEROG15'),Spearman,0.0008351674732711172,,False
Ordinal        | KruskalEta + Spearman    (Run 19),Numerical('CA1'),Spearman,0.004829725208300876,,False
Ordinal        | KruskalEta + Spearman    (Run 19),Numerical('CA2'),Spearman,,,False
Ordinal        | KruskalEta + Spearman    (Run 19),Numerical('KAPITAL2'),Spearman,-0.0005115069860960191,,False
Ordinal        | KruskalEta + Spearman    (Run 19),Numerical('KAPITAL4'),Spearman,0.0022572175952233703,,False
Ordinal        | KruskalEta + Spearman    (Run 19),Numerical('KAPITAL5'),Spearman,0.0028325790309520053,,False
Ordinal        | KruskalEta + Spearman    (Run 19),Numerical('KAPITAL6'),Spearman,0.04270720387997206,,False
Ordinal        | KruskalEta + Spearman    (Run 19),Numerical('KAPITAL7'),Spearman,0.03672311866422844,,False
Ordinal        | KruskalEta + Spearman    (Run 19),Numerical('KAPITAL9'),Spearman,0.025132534420836395,,False
Ordinal        | KruskalEta + Spearman    (Run 19),Numerical('KAPITAL11'),Spearman,0.006098224604886885,,False
Ordinal        | KruskalEta + Spearman    (Run 19),Numerical('KAPITAL12'),Spearman,0.051509824766022776,,False
Ordinal        | KruskalEta + Spearman    (Run 19),Numerical('KAPITAL13'),Spearman,0.009397589642549576,,False
Ordinal        | KruskalEta + Spearman    (Run 19),Numerical('KAPITAL15'),Spearman,0.005650889024100261,,False
Ordinal        | KruskalEta + Spearman    (Run 19),Numerical('KAPITAL16'),Spearman,0.0050943285082576135,,False
Ordinal        | KruskalEta + Spearman    (Run 19),Numerical('KAPITAL18'),Spearman,0.0053894812532769894,,False
Ordinal        | KruskalEta + Spearman    (Run 19),Numerical('KAPITAL22'),Spearman,-0.0019646935021945737,,False
Ordinal        | KruskalEta + Spearman    (Run 19),Numerical('KAPITAL26'),Spearman,0.005405349907632178,,False
Ordinal        | KruskalEta + Spearman    (Run 19),Numerical('KAPITAL29'),Spearman,-0.0015614783012742864,,False
Ordinal        | KruskalEta + Spearman    (Run 19),Numerical('KAPITAL30'),Spearman,0.0037011031135262837,,False
Ordinal        | KruskalEta + Spearman    (Run 19),Numerical('KAPITAL31'),Spearman,-0.00026982420879465973,,False
Ordinal        | KruskalEta + Spearman    (Run 19),Numerical('KAPITAL33'),Spearman,-0.0011582491879806864,,False
Ordinal        | KruskalEta + Spearman    (Run 19),Numerical('KAPITAL36'),Spearman,-0.0005115069860960191,,False
Ordinal        | KruskalEta + Spearman    (Run 19),Numerical('KAPITAL38'),Spearman,0.0022572175952233703,,False
Ordinal        | KruskalEta + Spearman    (Run 19),Numerical('KAPITAL39'),Spearman,0.0028325790309520053,,False
Ordinal        | KruskalEta + Spearman    (Run 19),Numerical('SURFACE2'),Spearman,0.05073397151086815,,False
Ordinal        | KruskalEta + Spearman    (Run 19),Numerical('SURFACE3'),Spearman,0.04959340203857522,,False
Ordinal        | KruskalEta + Spearman    (Run 19),Numerical('SURFACE5'),Spearman,0.00274820446224167,,False
Ordinal        | KruskalEta + Spearman    (Run 19),Numerical('SURFACE8'),Spearman,0.016315060354228535,,False
Ordinal        | KruskalEta + Spearman    (Run 19),Numerical('SURFACE9'),Spearman,0.004909152687878156,,False
Ordinal        | KruskalEta + Spearman    (Run 19),Numerical('SURFACE11'),Spearman,0.04747483825628264,,False
Ordinal        | KruskalEta + Spearman    (Run 19),Numerical('SURFACE12'),Spearman,0.0020198235215083344,,False
Ordinal        | KruskalEta + Spearman    (Run 19),Numerical('SURFACE14'),Spearman,0.004044123773567702,,False
Ordinal        | KruskalEta + Spearman    (Run 19),Numerical('SURFACE15'),Spearman,-0.0007080372910130241,,False
Ordinal        | KruskalEta + Spearman    (Run 19),Numerical('SURFACE16'),Spearman,0.005816789917527187,,False
Ordinal        | KruskalEta + Spearman    (Run 19),Numerical('SURFACE18'),Spearman,0.003380797482004953,,False
Ordinal        | KruskalEta + Spearman    (Run 19),Numerical('SURFACE19'),Spearman,-0.0008216507082209551,,False
Ordinal        | KruskalEta + Spearman    (Run 19),Numerical('SURFACE20'),Spearman,-0.0005523951578485078,,False
Ordinal        | KruskalEta + Spearman    (Run 19),Numerical('SURFACE21'),Spearman,0.005981276861777351,,False
Ordinal        | KruskalEta + Spearman    (Run 19),Numerical('NBBAT1'),Spearman,0.04396181422449213,,False
Ordinal        | KruskalEta + Spearman    (Run 19),Numerical('NBBAT3'),Spearman,-0.0014890468464614157,,False
Ordinal        | KruskalEta + Spearman    (Run 19),Numerical('NBBAT5'),Spearman,0.0027630263642800836,,False
Ordinal        | KruskalEta + Spearman    (Run 19),Numerical('NBBAT10'),Spearman,0.01761295401268336,,False
Ordinal        | KruskalEta + Spearman    (Run 19),Numerical('NBBAT11'),Spearman,-0.0007203026929008671,,False
Ordinal        | KruskalEta + Spearman    (Run 19),Numerical('NBBAT13'),Spearman,0.0423036442036564,,False
Ordinal        | KruskalEta + Spearman    (Run 19),Numerical('NBBAT14'),Spearman,0.0029202153353220343,,False
Ordinal        | KruskalEta + Spearman    (Run 19),Numerical('TAILLE4'),Spearman,-0.0009450087806358899,,False
Ordinal        | KruskalEta + Spearman    (Run 19),Numerical('RISK3'),Spearman,-0.009800537659461424,,False
Ordinal        | KruskalEta + Spearman    (Run 19),Numerical('RISK7'),Spearman,-0.009000341196502407,,False
Ordinal        | KruskalEta + Spearman    (Run 19),Numerical('EQUIPEMENT3'),Spearman,-4.7061992585983575e-05,,False
Ordinal        | KruskalEta + Spearman    (Run 19),Numerical('EQUIPEMENT7'),Spearman,0.034306917415765636,,False
Ordinal        | KruskalEta + Spearman    (Run 19),Numerical('CA_TOT'),Spearman,0.0002937134311212488,,False
Ordinal        | KruskalEta + Spearman    (Run 19),Numerical('CA_MEAN'),Spearman,-0.0016934485628051785,,False
Ordinal        | KruskalEta + Spearman    (Run 19),Numerical('CA1_CA_TOT'),Spearman,-0.007261453063649908,,False
Ordinal        | KruskalEta + Spearman    (Run 19),Numerical('CA1_CA_MEAN'),Spearman,-0.003184276652544332,,False
Ordinal        | KruskalEta + Spearman    (Run 19),Numerical('CA2_CA_TOT'),Spearman,,,False
Ordinal        | KruskalEta + Spearman    (Run 19),Numerical('CA2_CA_MEAN'),Spearman,,,False
Ordinal        | KruskalEta + Spearman    (Run 19),Numerical('Unknown'),Spearman,0.0011472547564545651,,False
Ordinal        | KruskalEta + Spearman    (Run 19),Numerical('Involontaire (travaux)'),Spearman,-0.0027194813183148265,,False
Ordinal        | KruskalEta + Spearman    (Run 19),Numerical('Involontaire (particulier)'),Spearman,-0.0016768620579047367,,False
Ordinal        | KruskalEta + Spearman    (Run 19),Numerical('Accidentelle'),Spearman,0.0012936378599617522,,False
Ordinal        | KruskalEta + Spearman    (Run 19),Numerical('Malveillance'),Spearman,-0.0013609501753159676,,False
Ordinal        | KruskalEta + Spearman    (Run 19),Numerical('Naturelle'),Spearman,-0.0011001534694552312,,False
Ordinal        | KruskalEta + Spearman    (Run 19),Numerical('KAPITAL_SUM'),Spearman,0.05281130316524231,,False
Ordinal        | KruskalEta + Spearman    (Run 19),Numerical('DEROG13_formatted'),Spearman,0.0029187593526934005,,False
Ordinal        | KruskalEta + Spearman    (Run 19),Numerical('DEROG3_formatted'),Spearman,-0.008852269184000734,,False
Ordinal        | KruskalEta + Spearman    (Run 19),Numerical('DEROG16_formatted'),Spearman,-0.0011587291280928523,,False
Ordinal        | KruskalEta + Spearman    (Run 19),Ordinal('SURFACE6'),KruskalEtaSquared,0.0022595657728712868,0.0,True
Ordinal        | KruskalEta + Spearman    (Run 19),Ordinal('TAILLE1'),KruskalEtaSquared,0.0020278315592809426,1.0,True
Ordinal        | KruskalEta + Spearman    (Run 19),Ordinal('TAILLE2'),KruskalEtaSquared,0.0019473479175646316,2.0,True
Ordinal        | KruskalEta + Spearman    (Run 19),Categorical('VOCATION'),KruskalEtaSquared,0.0018437934379632863,3.0,True
Ordinal        | KruskalEta + Spearman    (Run 19),Categorical('KAPITAL40'),KruskalEtaSquared,0.001820652667498118,4.0,True
Ordinal        | KruskalEta + Spearman    (Run 19),Categorical('TYPERS'),KruskalEtaSquared,0.00160923393132557,5.0,True
Ordinal        | KruskalEta + Spearman    (Run 19),Categorical('KAPITAL41'),KruskalEtaSquared,0.001345333299861772,6.0,True
Ordinal        | KruskalEta + Spearman    (Run 19),Categorical('KAPITAL42'),KruskalEtaSquared,0.0009004856249857377,7.0,True
Ordinal        | KruskalEta + Spearman    (Run 19),Categorical('RISK11'),KruskalEtaSquared,0.0008135927576890767,8.0,True
Ordinal        | KruskalEta + Spearman    (Run 19),Categorical('DEROG12'),KruskalEtaSquared,0.0008087761331905106,9.0,True
Ordinal        | KruskalEta + Spearman    (Run 19),Categorical('KAPITAL43'),KruskalEtaSquared,0.0006283878056595925,10.0,True
Ordinal        | KruskalEta + Spearman    (Run 19),Categorical('KAPITAL37'),KruskalEtaSquared,0.0005979967176368273,11.0,True
Ordinal        | KruskalEta + Spearman    (Run 19),Ordinal('HAUTEUR_MAX'),KruskalEtaSquared,0.0005038433002241173,12.0,True
Ordinal        | KruskalEta + Spearman    (Run 19),Categorical('ACTIVIT2'),KruskalEtaSquared,0.0004880599343805129,13.0,True
Ordinal        | KruskalEta + Spearman    (Run 19),Categorical('DEROG4'),KruskalEtaSquared,0.0004386973219363716,14.0,True
Ordinal        | KruskalEta + Spearman    (Run 19),Ordinal('BDTOPO_BAT_MAX_HAUTEUR_MAX'),KruskalEtaSquared,0.00041121336398601316,15.0,True
Ordinal        | KruskalEta + Spearman    (Run 19),Categorical('ZONE'),KruskalEtaSquared,0.00038795796654333194,16.0,True
Ordinal        | KruskalEta + Spearman    (Run 19),Categorical('RISK10'),KruskalEtaSquared,0.00036921987696997234,17.0,True
Ordinal        | KruskalEta + Spearman    (Run 19),Categorical('DEROG5'),KruskalEtaSquared,0.00032178730068841354,18.0,True
Ordinal        | KruskalEta + Spearman    (Run 19),Categorical('AN_EXERC'),KruskalEtaSquared,0.0002874003846426754,19.0,True
Ordinal        | KruskalEta + Spearman    (Run 19),Categorical('total_surface_crossed'),KruskalEtaSquared,0.00028487925821658384,20.0,True
Ordinal        | KruskalEta + Spearman    (Run 19),Categorical('INDEM2'),KruskalEtaSquared,0.00024022617443828162,21.0,True
Ordinal        | KruskalEta + Spearman    (Run 19),Categorical('NBJFXI3S10_MM_A_NBJFXI3S10_MMAX_A'),KruskalEtaSquared,0.0002378131376203846,22.0,True
Ordinal        | KruskalEta + Spearman    (Run 19),Ordinal('HAUTEUR'),KruskalEtaSquared,0.000229175817531849,23.0,True
Ordinal        | KruskalEta + Spearman    (Run 19),Ordinal('BDTOPO_BAT_MAX_HAUTEUR'),KruskalEtaSquared,0.00022798391958244024,24.0,True
Ordinal        | KruskalEta + Spearman    (Run 19),Categorical('TXAB_VOR_MM_A_TXAB_VOR_MMAX_A'),KruskalEtaSquared,0.00022625521951650002,25.0,True
Ordinal        | KruskalEta + Spearman    (Run 19),Categorical('zone_vent_extinction_rate'),KruskalEtaSquared,0.00021508095950181162,26.0,True
Ordinal        | KruskalEta + Spearman    (Run 19),Ordinal('DISTANCE_213'),KruskalEtaSquared,0.00019749097433386338,27.0,True
Ordinal        | KruskalEta + Spearman    (Run 19),Ordinal('PROPORTION_21'),KruskalEtaSquared,0.00019256594531244544,28.0,True
Ordinal        | KruskalEta + Spearman    (Run 19),Categorical('NBJFXI3S16_MM_A_NBJFXI3S16_MMAX_A'),KruskalEtaSquared,0.00019218548243925068,29.0,True
Ordinal        | KruskalEta + Spearman    (Run 19),Categorical('NBJTX0_MM_A_NBJTX0_MMAX_A'),KruskalEtaSquared,0.00018919522114018,30.0,True
Ordinal        | KruskalEta + Spearman    (Run 19),Categorical('NBJRR50_MM_A_NBJRR50_MMAX_A'),KruskalEtaSquared,0.00017913745516145313,31.0,True
Ordinal        | KruskalEta + Spearman    (Run 19),Ordinal('DISTANCE_411'),KruskalEtaSquared,0.0001733335441851075,32.0,True
Ordinal        | KruskalEta + Spearman    (Run 19),Ordinal('CARACT4'),KruskalEtaSquared,0.0001730272988242661,33.0,True
Ordinal        | KruskalEta + Spearman    (Run 19),Categorical('NBJRR10_MM_A_NBJRR10_MMAX_A'),KruskalEtaSquared,0.0001718094911116132,34.0,True
Ordinal        | KruskalEta + Spearman    (Run 19),Ordinal('DISTANCE_323'),KruskalEtaSquared,0.00017178908538850024,35.0,True
Ordinal        | KruskalEta + Spearman    (Run 19),Categorical('NBJFXI3S28_MM_A_NBJFXI3S28_MMAX_A'),KruskalEtaSquared,0.00016797822386112934,36.0,True
Ordinal        | KruskalEta + Spearman    (Run 19),Categorical('IND_REGION'),KruskalEtaSquared,0.0001673897561240872,37.0,True
Ordinal        | KruskalEta + Spearman    (Run 19),Ordinal('DISTANCE_212'),KruskalEtaSquared,0.00016726840507010591,38.0,True
Ordinal        | KruskalEta + Spearman    (Run 19),Categorical('IND_SNV_REGION'),KruskalEtaSquared,0.00016616464870119655,39.0,True
Ordinal        | KruskalEta + Spearman    (Run 19),Categorical('LOG_REGION'),KruskalEtaSquared,0.0001607843819516267,40.0,True
Ordinal        | KruskalEta + Spearman    (Run 19),Categorical('TN_VOR_MM_A_TN_VOR_MMAX_A'),KruskalEtaSquared,0.00015881506185616752,41.0,True
Ordinal        | KruskalEta + Spearman    (Run 19),Categorical('NBJFF16_MM_A_NBJFF16_MMAX_A'),KruskalEtaSquared,0.00015859292407880497,42.0,True
Ordinal        | KruskalEta + Spearman    (Run 19),Categorical('NBJTN5_MM_A_NBJTN5_MMAX_A'),KruskalEtaSquared,0.0001563590236691436,43.0,True
Ordinal        | KruskalEta + Spearman    (Run 19),Ordinal('DISTANCE_335'),KruskalEtaSquared,0.0001538005320029776,44.0,True
Ordinal        | KruskalEta + Spearman    (Run 19),Categorical('RRAB_VOR_MM_A_RRAB_VOR_MMAX_A'),KruskalEtaSquared,0.00015008156864282677,45.0,True
Ordinal        | KruskalEta + Spearman    (Run 19),Categorical('NBJFF10_MM_A_NBJFF10_MMAX_A'),KruskalEtaSquared,0.00014425548241692572,46.0,True
Ordinal        | KruskalEta + Spearman    (Run 19),Categorical('NBJFXY8_MM_A_NBJFXY8_MMAX_A'),KruskalEtaSquared,0.00013705223234188125,47.0,True
Ordinal        | KruskalEta + Spearman    (Run 19),Ordinal('DISTANCE_334'),KruskalEtaSquared,0.0001367942657160826,48.0,True
Ordinal        | KruskalEta + Spearman    (Run 19),Categorical('NBJRR30_MM_A_NBJRR30_MMAX_A'),KruskalEtaSquared,0.00013563261578586046,49.0,True
Ordinal        | KruskalEta + Spearman    (Run 19),Categorical('ADOSS'),KruskalEtaSquared,0.0,,False
Ordinal        | KruskalEta + Spearman    (Run 19),Categorical('CARACT1'),KruskalEtaSquared,3.349533104868061e-05,,False
Ordinal        | KruskalEta + Spearman    (Run 19),Categorical('CARACT3'),KruskalEtaSquared,,,False
Ordinal        | KruskalEta + Spearman    (Run 19),Categorical('INDEM1'),KruskalEtaSquared,1.3219802321711335e-05,,False
Ordinal        | KruskalEta + Spearman    (Run 19),Categorical('TYPBAT1'),KruskalEtaSquared,0.0,,False
Ordinal        | KruskalEta + Spearman    (Run 19),Categorical('FRCH1'),KruskalEtaSquared,0.0,,False
Ordinal        | KruskalEta + Spearman    (Run 19),Categorical('FRCH2'),KruskalEtaSquared,2.300918248287712e-05,,False
Ordinal        | KruskalEta + Spearman    (Run 19),Categorical('DEROG2'),KruskalEtaSquared,6.60513494589872e-05,,False
Ordinal        | KruskalEta + Spearman    (Run 19),Categorical('DEROG3'),KruskalEtaSquared,7.510438604167906e-05,,False
Ordinal        | KruskalEta + Spearman    (Run 19),Categorical('DEROG8'),KruskalEtaSquared,7.86174916412315e-05,,False
Ordinal        | KruskalEta + Spearman    (Run 19),Categorical('KAPITAL34'),KruskalEtaSquared,0.0,,False
Ordinal        | KruskalEta + Spearman    (Run 19),Categorical('KAPITAL35'),KruskalEtaSquared,8.523457306140457e-05,,False
Ordinal        | KruskalEta + Spearman    (Run 19),Categorical('RISK6'),KruskalEtaSquared,8.276584630420472e-05,,False
Ordinal        | KruskalEta + Spearman    (Run 19),Categorical('RISK8'),KruskalEtaSquared,3.378335489622637e-05,,False
Ordinal        | KruskalEta + Spearman    (Run 19),Categorical('RISK9'),KruskalEtaSquared,7.446206206563981e-05,,False
Ordinal        | KruskalEta + Spearman    (Run 19),Categorical('RISK12'),KruskalEtaSquared,9.149854604086501e-05,,False
Ordinal        | KruskalEta + Spearman    (Run 19),Categorical('RISK13'),KruskalEtaSquared,2.949252838073162e-05,,False
Ordinal        | KruskalEta + Spearman    (Run 19),Categorical('EQUIPEMENT2'),KruskalEtaSquared,0.0001045231031447457,,False
Ordinal        | KruskalEta + Spearman    (Run 19),Categorical('EQUIPEMENT5'),KruskalEtaSquared,,,False
Ordinal        | KruskalEta + Spearman    (Run 19),Categorical('ESPINSEE'),KruskalEtaSquared,,,False
Ordinal        | KruskalEta + Spearman    (Run 19),Categorical('ZONE_REGION'),KruskalEtaSquared,0.00011030919703360812,,False
Ordinal        | KruskalEta + Spearman    (Run 19),Categorical('LOG_AVA1_num'),KruskalEtaSquared,2.083682035912158e-05,,False
Ordinal        | KruskalEta + Spearman    (Run 19),Categorical('LOG_A1_A2_num'),KruskalEtaSquared,0.0,,False
Ordinal        | KruskalEta + Spearman    (Run 19),Categorical('LOG_A2_A3_num'),KruskalEtaSquared,2.2909650253068825e-05,,False
Ordinal        | KruskalEta + Spearman    (Run 19),Categorical('LOG_APA3_num'),KruskalEtaSquared,2.228613848580565e-05,,False
Ordinal        | KruskalEta + Spearman    (Run 19),Categorical('LOG_INC_num'),KruskalEtaSquared,0.0,,False
Ordinal        | KruskalEta + Spearman    (Run 19),Categorical('LOG_SOC_num'),KruskalEtaSquared,2.6264995909418133e-05,,False
Ordinal        | KruskalEta + Spearman    (Run 19),Categorical('LOG_TOT'),KruskalEtaSquared,1.395567224438581e-05,,False
Ordinal        | KruskalEta + Spearman    (Run 19),Categorical('LOG_A1_A2_num_LOG_TOT'),KruskalEtaSquared,1.6705768227059786e-05,,False
Ordinal        | KruskalEta + Spearman    (Run 19),Categorical('LOG_A2_A3_num_LOG_TOT'),KruskalEtaSquared,1.925441779580437e-05,,False
Ordinal        | KruskalEta + Spearman    (Run 19),Categorical('LOG_INC_num_LOG_TOT'),KruskalEtaSquared,1.395567224438581e-05,,False
Ordinal        | KruskalEta + Spearman    (Run 19),Categorical('LOG_SOC_num_LOG_TOT'),KruskalEtaSquared,2.866198415241324e-05,,False
Ordinal        | KruskalEta + Spearman    (Run 19),Categorical('MEN_PAUV_num'),KruskalEtaSquared,2.303083265442661e-06,,False
Ordinal        | KruskalEta + Spearman    (Run 19),Categorical('MEN_1IND_num'),KruskalEtaSquared,3.577463442727374e-05,,False
Ordinal        | KruskalEta + Spearman    (Run 19),Categorical('MEN_5IND_num'),KruskalEtaSquared,8.552661301466482e-06,,False
Ordinal        | KruskalEta + Spearman    (Run 19),Categorical('MEN_PROP_num'),KruskalEtaSquared,8.231177356034577e-06,,False
Ordinal        | KruskalEta + Spearman    (Run 19),Categorical('MEN_FMP_num'),KruskalEtaSquared,0.0,,False
Ordinal        | KruskalEta + Spearman    (Run 19),Categorical('MEN_COLL_num'),KruskalEtaSquared,9.588933039401079e-07,,False
Ordinal        | KruskalEta + Spearman    (Run 19),Categorical('MEN_MAIS_num'),KruskalEtaSquared,8.012340056627158e-07,,False
Ordinal        | KruskalEta + Spearman    (Run 19),Categorical('MEN_TOT'),KruskalEtaSquared,4.965197676281014e-05,,False
Ordinal        | KruskalEta + Spearman    (Run 19),Categorical('MEN_PAUV_MEN_TOT'),KruskalEtaSquared,4.241239742532224e-05,,False
Ordinal        | KruskalEta + Spearman    (Run 19),Categorical('MEN_PAUV_MEN'),KruskalEtaSquared,0.0,,False
Ordinal        | KruskalEta + Spearman    (Run 19),Categorical('MEN_1IND_MEN_TOT'),KruskalEtaSquared,0.00010210143700163645,,False
Ordinal        | KruskalEta + Spearman    (Run 19),Categorical('MEN_1IND_MEN'),KruskalEtaSquared,3.810692313795513e-05,,False
Ordinal        | KruskalEta + Spearman    (Run 19),Categorical('MEN_5IND_MEN_TOT'),KruskalEtaSquared,4.963840384890068e-05,,False
Ordinal        | KruskalEta + Spearman    (Run 19),Categorical('MEN_5IND_MEN'),KruskalEtaSquared,1.0796057807958832e-05,,False
Ordinal        | KruskalEta + Spearman    (Run 19),Categorical('MEN_PROP_MEN_TOT'),KruskalEtaSquared,8.600226441516844e-05,,False
Ordinal        | KruskalEta + Spearman    (Run 19),Categorical('MEN_PROP_MEN'),KruskalEtaSquared,1.016782951446214e-05,,False
Ordinal        | KruskalEta + Spearman    (Run 19),Categorical('MEN_FMP_MEN_TOT'),KruskalEtaSquared,6.938041848171363e-05,,False
Ordinal        | KruskalEta + Spearman    (Run 19),Categorical('MEN_FMP_MEN'),KruskalEtaSquared,0.0,,False
Ordinal        | KruskalEta + Spearman    (Run 19),Categorical('MEN_COLL_MEN_TOT'),KruskalEtaSquared,5.185407837771671e-05,,False
Ordinal        | KruskalEta + Spearman    (Run 19),Categorical('MEN_COLL_MEN'),KruskalEtaSquared,4.931840218012194e-06,,False
Ordinal        | KruskalEta + Spearman    (Run 19),Categorical('MEN_MAIS_MEN_TOT'),KruskalEtaSquared,5.185407837771671e-05,,False
Ordinal        | KruskalEta + Spearman    (Run 19),Categorical('MEN_MAIS_MEN'),KruskalEtaSquared,4.824826523411918e-06,,False
Ordinal        | KruskalEta + Spearman    (Run 19),Categorical('MEN_MEN_TOT'),KruskalEtaSquared,4.802181668570326e-05,,False
Ordinal        | KruskalEta + Spearman    (Run 19),Categorical('MEN_REGION'),KruskalEtaSquared,0.00011235393851434518,,False
Ordinal        | KruskalEta + Spearman    (Run 19),Categorical('IND_Y2_Y3_num'),KruskalEtaSquared,3.931604559565157e-06,,False
Ordinal        | KruskalEta + Spearman    (Run 19),Categorical('IND_Y3_Y4_num'),KruskalEtaSquared,2.1766177013960867e-05,,False
Ordinal        | KruskalEta + Spearman    (Run 19),Categorical('IND_Y5_Y6_num'),KruskalEtaSquared,2.2804296614949454e-05,,False
Ordinal        | KruskalEta + Spearman    (Run 19),Categorical('IND_Y8_Y9_num'),KruskalEtaSquared,4.3377649414219145e-05,,False
Ordinal        | KruskalEta + Spearman    (Run 19),Categorical('IND_Y9_num'),KruskalEtaSquared,3.085343309227903e-05,,False
Ordinal        | KruskalEta + Spearman    (Run 19),Categorical('IND_SNV_num'),KruskalEtaSquared,2.4132219683516306e-06,,False
Ordinal        | KruskalEta + Spearman    (Run 19),Categorical('IND_TOT'),KruskalEtaSquared,1.1013380411857703e-05,,False
Ordinal        | KruskalEta + Spearman    (Run 19),Categorical('IND_IND_TOT'),KruskalEtaSquared,8.677709598482582e-06,,False
Ordinal        | KruskalEta + Spearman    (Run 19),Categorical('IND_IND_SNV'),KruskalEtaSquared,1.7902623551618165e-06,,False
Ordinal        | KruskalEta + Spearman    (Run 19),Categorical('IND_0_Y1_IND_TOT'),KruskalEtaSquared,1.1021243536059332e-05,,False
Ordinal        | KruskalEta + Spearman    (Run 19),Categorical('IND_0_Y1_IND_SNV'),KruskalEtaSquared,2.420330460463184e-06,,False
Ordinal        | KruskalEta + Spearman    (Run 19),Categorical('IND_Y1_Y2_IND_TOT'),KruskalEtaSquared,1.1013380411857703e-05,,False
Ordinal        | KruskalEta + Spearman    (Run 19),Categorical('IND_Y1_Y2_IND_SNV'),KruskalEtaSquared,2.4132219683516306e-06,,False
Ordinal        | KruskalEta + Spearman    (Run 19),Categorical('IND_Y2_Y3_IND_TOT'),KruskalEtaSquared,8.516371158233052e-06,,False
Ordinal        | KruskalEta + Spearman    (Run 19),Categorical('IND_Y2_Y3_IND_SNV'),KruskalEtaSquared,2.011377864291635e-06,,False
Ordinal        | KruskalEta + Spearman    (Run 19),Categorical('IND_Y3_Y4_IND_TOT'),KruskalEtaSquared,3.239165931727055e-05,,False
Ordinal        | KruskalEta + Spearman    (Run 19),Categorical('IND_Y3_Y4_IND'),KruskalEtaSquared,2.317133905221701e-05,,False
Ordinal        | KruskalEta + Spearman    (Run 19),Categorical('IND_Y3_Y4_IND_SNV'),KruskalEtaSquared,2.743126388037497e-05,,False
Ordinal        | KruskalEta + Spearman    (Run 19),Categorical('IND_Y4_Y5_IND_TOT'),KruskalEtaSquared,1.3578731686453987e-05,,False
Ordinal        | KruskalEta + Spearman    (Run 19),Categorical('IND_Y4_Y5_IND'),KruskalEtaSquared,0.0,,False
Ordinal        | KruskalEta + Spearman    (Run 19),Categorical('IND_Y4_Y5_IND_SNV'),KruskalEtaSquared,3.975707557034934e-06,,False
Ordinal        | KruskalEta + Spearman    (Run 19),Categorical('IND_Y5_Y6_IND_TOT'),KruskalEtaSquared,2.020998147806317e-05,,False
Ordinal        | KruskalEta + Spearman    (Run 19),Categorical('IND_Y5_Y6_IND'),KruskalEtaSquared,2.4682946529804217e-05,,False
Ordinal        | KruskalEta + Spearman    (Run 19),Categorical('IND_Y5_Y6_IND_SNV'),KruskalEtaSquared,2.453347982608558e-05,,False
Ordinal        | KruskalEta + Spearman    (Run 19),Categorical('IND_Y6_Y7_IND_TOT'),KruskalEtaSquared,1.7902554538724814e-05,,False
Ordinal        | KruskalEta + Spearman    (Run 19),Categorical('IND_Y6_Y7_IND_SNV'),KruskalEtaSquared,3.2415789815280405e-05,,False
Ordinal        | KruskalEta + Spearman    (Run 19),Categorical('IND_Y7_Y8_IND_TOT'),KruskalEtaSquared,5.2590094264496534e-06,,False
Ordinal        | KruskalEta + Spearman    (Run 19),Categorical('IND_Y7_Y8_IND_SNV'),KruskalEtaSquared,1.0156917635681312e-05,,False
Ordinal        | KruskalEta + Spearman    (Run 19),Categorical('IND_Y8_Y9_IND_TOT'),KruskalEtaSquared,1.8335849065544045e-05,,False
Ordinal        | KruskalEta + Spearman    (Run 19),Categorical('IND_Y8_Y9_IND'),KruskalEtaSquared,3.88272780226521e-05,,False
Ordinal        | KruskalEta + Spearman    (Run 19),Categorical('IND_Y8_Y9_IND_SNV'),KruskalEtaSquared,3.940337838854129e-05,,False
Ordinal        | KruskalEta + Spearman    (Run 19),Categorical('IND_Y9_IND_TOT'),KruskalEtaSquared,3.413284917895062e-05,,False
Ordinal        | KruskalEta + Spearman    (Run 19),Categorical('IND_Y9_IND'),KruskalEtaSquared,3.054379361006168e-05,,False
Ordinal        | KruskalEta + Spearman    (Run 19),Categorical('IND_Y9_IND_SNV'),KruskalEtaSquared,3.236741574246251e-05,,False
Ordinal        | KruskalEta + Spearman    (Run 19),Categorical('IND_INC_IND_TOT'),KruskalEtaSquared,1.1013380411857703e-05,,False
Ordinal        | KruskalEta + Spearman    (Run 19),Categorical('IND_INC_IND_SNV'),KruskalEtaSquared,2.4132219683516306e-06,,False
Ordinal        | KruskalEta + Spearman    (Run 19),Categorical('IND_SNV_IND_TOT'),KruskalEtaSquared,4.5457923982198515e-05,,False
Ordinal        | KruskalEta + Spearman    (Run 19),Categorical('IND_SNV_IND'),KruskalEtaSquared,1.7902623551618165e-06,,False
Ordinal        | KruskalEta + Spearman    (Run 19),Categorical('ALTITUDE_1_num'),KruskalEtaSquared,0.00010360798439637614,,False
Ordinal        | KruskalEta + Spearman    (Run 19),Categorical('ALTITUDE_2_num'),KruskalEtaSquared,8.762922351181035e-05,,False
Ordinal        | KruskalEta + Spearman    (Run 19),Categorical('ALTITUDE_3_num'),KruskalEtaSquared,7.997817833170395e-05,,False
Ordinal        | KruskalEta + Spearman    (Run 19),Categorical('ALTITUDE_4_num'),KruskalEtaSquared,4.694549786388551e-05,,False
Ordinal        | KruskalEta + Spearman    (Run 19),Categorical('ALTITUDE_5_num'),KruskalEtaSquared,8.318323319976506e-05,,False
Ordinal        | KruskalEta + Spearman    (Run 19),Categorical('ALTITUDE_TOT'),KruskalEtaSquared,0.00012775435070269128,,False
Ordinal        | KruskalEta + Spearman    (Run 19),Categorical('ALTITUDE_1_ALT_TOT'),KruskalEtaSquared,0.00012775435070269128,,False
Ordinal        | KruskalEta + Spearman    (Run 19),Categorical('ALTITUDE_2_ALT_TOT'),KruskalEtaSquared,0.00012775435070269128,,False
Ordinal        | KruskalEta + Spearman    (Run 19),Categorical('ALTITUDE_3_ALT_TOT'),KruskalEtaSquared,0.00012775435070269128,,False
Ordinal        | KruskalEta + Spearman    (Run 19),Categorical('ALTITUDE_4_ALT_TOT'),KruskalEtaSquared,0.00012775435070269128,,False
Ordinal        | KruskalEta + Spearman    (Run 19),Categorical('ALTITUDE_5_ALT_TOT'),KruskalEtaSquared,0.00012775435070269128,,False
Ordinal        | KruskalEta + Spearman    (Run 19),Categorical('ALTITUDE_REGION'),KruskalEtaSquared,6.165137254025496e-05,,False
Ordinal        | KruskalEta + Spearman    (Run 19),Categorical('NBJTX25_MM_A_NBJTX25_MMAX_A'),KruskalEtaSquared,5.4061666549143635e-05,,False
Ordinal        | KruskalEta + Spearman    (Run 19),Categorical('NBJTXI27_MM_A_NBJTXI27_MMAX_A'),KruskalEtaSquared,6.945231518131438e-05,,False
Ordinal        | KruskalEta + Spearman    (Run 19),Categorical('NBJTXS32_MM_A_NBJTXS32_MMAX_A'),KruskalEtaSquared,7.576260232343533e-05,,False
Ordinal        | KruskalEta + Spearman    (Run 19),Categorical('NBJTXI20_MM_A_NBJTXI20_MMAX_A'),KruskalEtaSquared,9.27352564870029e-05,,False
Ordinal        | KruskalEta + Spearman    (Run 19),Categorical('NBJTX30_MM_A_NBJTX30_MMAX_A'),KruskalEtaSquared,9.777938983237339e-05,,False
Ordinal        | KruskalEta + Spearman    (Run 19),Categorical('NBJTX35_MM_A_NBJTX35_MMAX_A'),KruskalEtaSquared,2.2229109964444716e-05,,False
Ordinal        | KruskalEta + Spearman    (Run 19),Categorical('NBJTN10_MM_A_NBJTN10_MMAX_A'),KruskalEtaSquared,1.055048852991096e-05,,False
Ordinal        | KruskalEta + Spearman    (Run 19),Categorical('NBJTNI10_MM_A_NBJTNI10_MMAX_A'),KruskalEtaSquared,9.578246410540372e-05,,False
Ordinal        | KruskalEta + Spearman    (Run 19),Categorical('NBJTNS25_MM_A_NBJTNS25_MMAX_A'),KruskalEtaSquared,,,False
Ordinal        | KruskalEta + Spearman    (Run 19),Categorical('NBJTNI15_MM_A_NBJTNI15_MMAX_A'),KruskalEtaSquared,4.39473842298031e-05,,False
Ordinal        | KruskalEta + Spearman    (Run 19),Categorical('NBJTNI20_MM_A_NBJTNI20_MMAX_A'),KruskalEtaSquared,1.4537893889481888e-05,,False
Ordinal        | KruskalEta + Spearman    (Run 19),Categorical('NBJTNS20_MM_A_NBJTNS20_MMAX_A'),KruskalEtaSquared,5.505117153442166e-05,,False
Ordinal        | KruskalEta + Spearman    (Run 19),Categorical('NBJTMS24_MM_A_NBJTMS24_MMAX_A'),KruskalEtaSquared,4.737213961962309e-05,,False
Ordinal        | KruskalEta + Spearman    (Run 19),Categorical('TAMPLIAB_VOR_MM_A_TAMPLIAB_VOR_MMAX_A'),KruskalEtaSquared,0.00013421392961391175,,False
Ordinal        | KruskalEta + Spearman    (Run 19),Categorical('TAMPLIM_VOR_MM_A_TAMPLIM_VOR_MMAX_A'),KruskalEtaSquared,0.00012233823543897763,,False
Ordinal        | KruskalEta + Spearman    (Run 19),Categorical('TM_VOR_MM_A_TM_VOR_MMAX_A'),KruskalEtaSquared,4.330567378267202e-05,,False
Ordinal        | KruskalEta + Spearman    (Run 19),Categorical('TMM_VOR_MM_A_TMM_VOR_MMAX_A'),KruskalEtaSquared,2.8274939135767434e-05,,False
Ordinal        | KruskalEta + Spearman    (Run 19),Categorical('TMMAX_VOR_MM_A_TMMAX_VOR_MMAX_A'),KruskalEtaSquared,8.201276913554426e-05,,False
Ordinal        | KruskalEta + Spearman    (Run 19),Categorical('TMMIN_VOR_MM_A_TMMIN_VOR_MMAX_A'),KruskalEtaSquared,0.000107911163567379,,False
Ordinal        | KruskalEta + Spearman    (Run 19),Categorical('TNAB_VOR_MM_A_TNAB_VOR_MMAX_A'),KruskalEtaSquared,0.00011334849436417256,,False
Ordinal        | KruskalEta + Spearman    (Run 19),Categorical('TNMAX_VOR_MM_A_TNMAX_VOR_MMAX_A'),KruskalEtaSquared,6.006015296820963e-05,,False
Ordinal        | KruskalEta + Spearman    (Run 19),Categorical('TX_VOR_MM_A_TX_VOR_MMAX_A'),KruskalEtaSquared,9.552564609499724e-05,,False
Ordinal        | KruskalEta + Spearman    (Run 19),Categorical('TXMIN_VOR_MM_A_TXMIN_VOR_MMAX_A'),KruskalEtaSquared,5.347004041248924e-05,,False
Ordinal        | KruskalEta + Spearman    (Run 19),Categorical('NBJFF28_MM_A_NBJFF28_MMAX_A'),KruskalEtaSquared,9.859335003249422e-05,,False
Ordinal        | KruskalEta + Spearman    (Run 19),Categorical('NBJFXY10_MM_A_NBJFXY10_MMAX_A'),KruskalEtaSquared,0.0001124290985179355,,False
Ordinal        | KruskalEta + Spearman    (Run 19),Categorical('NBJFXY15_MM_A_NBJFXY15_MMAX_A'),KruskalEtaSquared,0.00011102807014681501,,False
Ordinal        | KruskalEta + Spearman    (Run 19),Categorical('FFM_VOR_MM_A_FFM_VOR_MMAX_A'),KruskalEtaSquared,4.6136182183884196e-05,,False
Ordinal        | KruskalEta + Spearman    (Run 19),Categorical('FXI3SAB_VOR_MM_A_FXI3SAB_VOR_MMAX_A'),KruskalEtaSquared,4.490583989255813e-05,,False
Ordinal        | KruskalEta + Spearman    (Run 19),Categorical('FXIAB_VOR_MM_A_FXIAB_VOR_MMAX_A'),KruskalEtaSquared,8.247693458515022e-05,,False
Ordinal        | KruskalEta + Spearman    (Run 19),Categorical('FXYAB_VOR_MM_A_FXYAB_VOR_MMAX_A'),KruskalEtaSquared,3.997579450286242e-05,,False
Ordinal        | KruskalEta + Spearman    (Run 19),Categorical('FFM_VOR_COM_MM_A_Y_FFM_VOR_COM_MMAX_A_Y'),KruskalEtaSquared,0.00011482034477625343,,False
Ordinal        | KruskalEta + Spearman    (Run 19),Categorical('FXI3SAB_VOR_COM_MM_A_Y_FXI3SAB_VOR_COM_MMAX_A_Y'),KruskalEtaSquared,8.703326993469353e-05,,False
Ordinal        | KruskalEta + Spearman    (Run 19),Categorical('NBJRR1_MM_A_NBJRR1_MMAX_A'),KruskalEtaSquared,7.73161340446964e-05,,False
Ordinal        | KruskalEta + Spearman    (Run 19),Categorical('NBJRR5_MM_A_NBJRR5_MMAX_A'),KruskalEtaSquared,9.491053395038671e-05,,False
Ordinal        | KruskalEta + Spearman    (Run 19),Categorical('NBJRR100_MM_A_NBJRR100_MMAX_A'),KruskalEtaSquared,3.0336537895031822e-05,,False
Ordinal        | KruskalEta + Spearman    (Run 19),Categorical('RR_VOR_MM_A_RR_VOR_MMAX_A'),KruskalEtaSquared,0.0001181114858321711,,False
Ordinal        | KruskalEta + Spearman    (Run 19),Categorical('nb_casernes_extinction_rate'),KruskalEtaSquared,2.66234610630337e-05,,False
Ordinal        | KruskalEta + Spearman    (Run 19),Categorical('VENT_x_CASERNES'),KruskalEtaSquared,0.00012940289226370227,,False
Ordinal        | KruskalEta + Spearman    (Run 19),Ordinal('NB_CASERNES'),KruskalEtaSquared,0.0,,False
Ordinal        | KruskalEta + Spearman    (Run 19),Ordinal('MEN_SURF'),KruskalEtaSquared,2.3081187526055063e-05,,False
Ordinal        | KruskalEta + Spearman    (Run 19),Ordinal('IND_SNV'),KruskalEtaSquared,2.4132219683516306e-06,,False
Ordinal        | KruskalEta + Spearman    (Run 19),Ordinal('IND_Y9'),KruskalEtaSquared,3.085343309227903e-05,,False
Ordinal        | KruskalEta + Spearman    (Run 19),Ordinal('LOG_SOC'),KruskalEtaSquared,2.6264995909418133e-05,,False
Ordinal        | KruskalEta + Spearman    (Run 19),Ordinal('LOG_APA3'),KruskalEtaSquared,2.228613848580565e-05,,False
Ordinal        | KruskalEta + Spearman    (Run 19),Ordinal('LOG_AVA1'),KruskalEtaSquared,2.338893190836409e-05,,False
Ordinal        | KruskalEta + Spearman    (Run 19),Ordinal('MEN_MAIS'),KruskalEtaSquared,1.436565553982829e-05,,False
Ordinal        | KruskalEta + Spearman    (Run 19),Ordinal('MEN_COLL'),KruskalEtaSquared,1.5640977592092292e-05,,False
Ordinal        | KruskalEta + Spearman    (Run 19),Ordinal('MEN_FMP'),KruskalEtaSquared,0.0,,False
Ordinal        | KruskalEta + Spearman    (Run 19),Ordinal('MEN_PROP'),KruskalEtaSquared,0.0,,False
Ordinal        | KruskalEta + Spearman    (Run 19),Ordinal('MEN_PAUV'),KruskalEtaSquared,2.303083265442661e-06,,False
Ordinal        | KruskalEta + Spearman    (Run 19),Ordinal('COEFASS'),KruskalEtaSquared,3.925155274126705e-05,,False
Ordinal        | KruskalEta + Spearman    (Run 19),Ordinal('DISTANCE_111'),KruskalEtaSquared,0.0,,False
Ordinal        | KruskalEta + Spearman    (Run 19),Ordinal('DISTANCE_112'),KruskalEtaSquared,9.185860921386318e-06,,False
Ordinal        | KruskalEta + Spearman    (Run 19),Ordinal('DISTANCE_121'),KruskalEtaSquared,6.232450545800146e-06,,False
Ordinal        | KruskalEta + Spearman    (Run 19),Ordinal('DISTANCE_122'),KruskalEtaSquared,4.402234307499009e-06,,False
Ordinal        | KruskalEta + Spearman    (Run 19),Ordinal('DISTANCE_123'),KruskalEtaSquared,5.9525185291227853e-05,,False
Ordinal        | KruskalEta + Spearman    (Run 19),Ordinal('DISTANCE_124'),KruskalEtaSquared,,,False
Ordinal        | KruskalEta + Spearman    (Run 19),Ordinal('DISTANCE_131'),KruskalEtaSquared,0.0,,False
Ordinal        | KruskalEta + Spearman    (Run 19),Ordinal('DISTANCE_132'),KruskalEtaSquared,9.234226216354774e-05,,False
Ordinal        | KruskalEta + Spearman    (Run 19),Ordinal('DISTANCE_133'),KruskalEtaSquared,8.656086549774834e-06,,False
Ordinal        | KruskalEta + Spearman    (Run 19),Ordinal('DISTANCE_141'),KruskalEtaSquared,5.507313398210545e-06,,False
Ordinal        | KruskalEta + Spearman    (Run 19),Ordinal('DISTANCE_142'),KruskalEtaSquared,,,False
Ordinal        | KruskalEta + Spearman    (Run 19),Ordinal('DISTANCE_211'),KruskalEtaSquared,6.930514692261116e-05,,False
Ordinal        | KruskalEta + Spearman    (Run 19),Ordinal('DISTANCE_221'),KruskalEtaSquared,7.832964850896779e-06,,False
Ordinal        | KruskalEta + Spearman    (Run 19),Ordinal('DISTANCE_222'),KruskalEtaSquared,5.656712615973347e-05,,False
Ordinal        | KruskalEta + Spearman    (Run 19),Ordinal('DISTANCE_223'),KruskalEtaSquared,0.00018868929077434798,,False
Ordinal        | KruskalEta + Spearman    (Run 19),Ordinal('DISTANCE_231'),KruskalEtaSquared,8.439971842045937e-06,,False
Ordinal        | KruskalEta + Spearman    (Run 19),Ordinal('DISTANCE_242'),KruskalEtaSquared,4.28063480854182e-05,,False
Ordinal        | KruskalEta + Spearman    (Run 19),Ordinal('DISTANCE_243'),KruskalEtaSquared,0.0,,False
Ordinal        | KruskalEta + Spearman    (Run 19),Ordinal('DISTANCE_244'),KruskalEtaSquared,,,False
Ordinal        | KruskalEta + Spearman    (Run 19),Ordinal('DISTANCE_311'),KruskalEtaSquared,0.00010880924069807457,,False
Ordinal        | KruskalEta + Spearman    (Run 19),Ordinal('DISTANCE_312'),KruskalEtaSquared,,,False
Ordinal        | KruskalEta + Spearman    (Run 19),Ordinal('DISTANCE_313'),KruskalEtaSquared,,,False
Ordinal        | KruskalEta + Spearman    (Run 19),Ordinal('DISTANCE_321'),KruskalEtaSquared,0.0001154132079991009,,False
Ordinal        | KruskalEta + Spearman    (Run 19),Ordinal('DISTANCE_322'),KruskalEtaSquared,0.0,,False
Ordinal        | KruskalEta + Spearman    (Run 19),Ordinal('DISTANCE_324'),KruskalEtaSquared,,,False
Ordinal        | KruskalEta + Spearman    (Run 19),Ordinal('DISTANCE_331'),KruskalEtaSquared,0.0,,False
Ordinal        | KruskalEta + Spearman    (Run 19),Ordinal('DISTANCE_332'),KruskalEtaSquared,5.752122975154305e-05,,False
Ordinal        | KruskalEta + Spearman    (Run 19),Ordinal('DISTANCE_333'),KruskalEtaSquared,0.0,,False
Ordinal        | KruskalEta + Spearman    (Run 19),Ordinal('DISTANCE_412'),KruskalEtaSquared,3.988647945024529e-06,,False
Ordinal        | KruskalEta + Spearman    (Run 19),Ordinal('DISTANCE_421'),KruskalEtaSquared,4.917930400993254e-06,,False
Ordinal        | KruskalEta + Spearman    (Run 19),Ordinal('DISTANCE_422'),KruskalEtaSquared,8.499474640589004e-05,,False
Ordinal        | KruskalEta + Spearman    (Run 19),Ordinal('DISTANCE_423'),KruskalEtaSquared,1.1626860555207853e-05,,False
Ordinal        | KruskalEta + Spearman    (Run 19),Ordinal('DISTANCE_511'),KruskalEtaSquared,2.715075195825916e-05,,False
Ordinal        | KruskalEta + Spearman    (Run 19),Ordinal('DISTANCE_512'),KruskalEtaSquared,1.4300743258008329e-05,,False
Ordinal        | KruskalEta + Spearman    (Run 19),Ordinal('DISTANCE_521'),KruskalEtaSquared,1.193934680509865e-05,,False
Ordinal        | KruskalEta + Spearman    (Run 19),Ordinal('DISTANCE_522'),KruskalEtaSquared,9.747772139749646e-07,,False
Ordinal        | KruskalEta + Spearman    (Run 19),Ordinal('DISTANCE_523'),KruskalEtaSquared,5.661336457848591e-06,,False
Ordinal        | KruskalEta + Spearman    (Run 19),Ordinal('PROPORTION_22'),KruskalEtaSquared,1.2391424587407124e-05,,False
Ordinal        | KruskalEta + Spearman    (Run 19),Ordinal('PROPORTION_23'),KruskalEtaSquared,1.7305361256029676e-05,,False
Ordinal        | KruskalEta + Spearman    (Run 19),Ordinal('PROPORTION_24'),KruskalEtaSquared,7.2719286087642e-05,,False
Ordinal        | KruskalEta + Spearman    (Run 19),Ordinal('PROPORTION_31'),KruskalEtaSquared,9.164307527474872e-05,,False
Ordinal        | KruskalEta + Spearman    (Run 19),Ordinal('PROPORTION_32'),KruskalEtaSquared,0.0,,False
Ordinal        | KruskalEta + Spearman    (Run 19),Ordinal('MEN_1IND'),KruskalEtaSquared,3.5725634979862874e-05,,False
Ordinal        | KruskalEta + Spearman    (Run 19),Ordinal('MEN_5IND'),KruskalEtaSquared,8.299906399011605e-06,,False
Ordinal        | KruskalEta + Spearman    (Run 19),Ordinal('LOG_A2_A3'),KruskalEtaSquared,2.268188280568751e-05,,False
Ordinal        | KruskalEta + Spearman    (Run 19),Ordinal('IND_Y3_Y4'),KruskalEtaSquared,2.1766177013960867e-05,,False
Ordinal        | KruskalEta + Spearman    (Run 19),Ordinal('IND_Y5_Y6'),KruskalEtaSquared,2.252858593265651e-05,,False
Ordinal        | KruskalEta + Spearman    (Run 19),Ordinal('IND_Y8_Y9'),KruskalEtaSquared,4.3377649414219145e-05,,False
Ordinal        | KruskalEta + Spearman    (Run 19),Ordinal('DISTANCE_1'),KruskalEtaSquared,1.2651170716021893e-05,,False
Ordinal        | KruskalEta + Spearman    (Run 19),Ordinal('DISTANCE_2'),KruskalEtaSquared,,,False
Ordinal        | KruskalEta + Spearman    (Run 19),Ordinal('ALTITUDE_1'),KruskalEtaSquared,0.00010360798439637614,,False
Ordinal        | KruskalEta + Spearman    (Run 19),Ordinal('ALTITUDE_2'),KruskalEtaSquared,8.762922351181035e-05,,False
Ordinal        | KruskalEta + Spearman    (Run 19),Ordinal('ALTITUDE_3'),KruskalEtaSquared,7.997817833170395e-05,,False
Ordinal        | KruskalEta + Spearman    (Run 19),Ordinal('ALTITUDE_4'),KruskalEtaSquared,4.694549786388551e-05,,False
Ordinal        | KruskalEta + Spearman    (Run 19),Ordinal('ALTITUDE_5'),KruskalEtaSquared,8.318323319976506e-05,,False
Ordinal        | KruskalEta + Spearman    (Run 19),Ordinal('NBJTX25_MM_A'),KruskalEtaSquared,9.327629025034963e-06,,False
Ordinal        | KruskalEta + Spearman    (Run 19),Ordinal('NBJTX25_MMAX_A'),KruskalEtaSquared,3.9619000579445564e-05,,False
Ordinal        | KruskalEta + Spearman    (Run 19),Ordinal('NBJTX25_MSOM_A'),KruskalEtaSquared,9.327629025034963e-06,,False
Ordinal        | KruskalEta + Spearman    (Run 19),Ordinal('NBJTX0_MM_A'),KruskalEtaSquared,4.695676769748226e-05,,False
Ordinal        | KruskalEta + Spearman    (Run 19),Ordinal('NBJTX0_MMAX_A'),KruskalEtaSquared,9.194592387567831e-05,,False
Ordinal        | KruskalEta + Spearman    (Run 19),Ordinal('NBJTX0_MSOM_A'),KruskalEtaSquared,4.695676769748226e-05,,False
Ordinal        | KruskalEta + Spearman    (Run 19),Ordinal('NBJTXI27_MM_A'),KruskalEtaSquared,4.051965226845534e-05,,False
Ordinal        | KruskalEta + Spearman    (Run 19),Ordinal('NBJTXI27_MMAX_A'),KruskalEtaSquared,2.690524119599638e-05,,False
Ordinal        | KruskalEta + Spearman    (Run 19),Ordinal('NBJTXI27_MSOM_A'),KruskalEtaSquared,4.051965226845534e-05,,False
Ordinal        | KruskalEta + Spearman    (Run 19),Ordinal('NBJTXS32_MM_A'),KruskalEtaSquared,3.364511624581535e-05,,False
Ordinal        | KruskalEta + Spearman    (Run 19),Ordinal('NBJTXS32_MMAX_A'),KruskalEtaSquared,2.6071759661158402e-05,,False
Ordinal        | KruskalEta + Spearman    (Run 19),Ordinal('NBJTXS32_MSOM_A'),KruskalEtaSquared,3.364511624581535e-05,,False
Ordinal        | KruskalEta + Spearman    (Run 19),Ordinal('NBJTXI20_MM_A'),KruskalEtaSquared,5.9429877444472023e-05,,False
Ordinal        | KruskalEta + Spearman    (Run 19),Ordinal('NBJTXI20_MMAX_A'),KruskalEtaSquared,1.1780788575801765e-05,,False
Ordinal        | KruskalEta + Spearman    (Run 19),Ordinal('NBJTXI20_MSOM_A'),KruskalEtaSquared,5.9429877444472023e-05,,False
Ordinal        | KruskalEta + Spearman    (Run 19),Ordinal('NBJTX30_MM_A'),KruskalEtaSquared,5.038299884710999e-05,,False
Ordinal        | KruskalEta + Spearman    (Run 19),Ordinal('NBJTX30_MMAX_A'),KruskalEtaSquared,5.202946887237589e-05,,False
Ordinal        | KruskalEta + Spearman    (Run 19),Ordinal('NBJTX30_MSOM_A'),KruskalEtaSquared,5.038299884710999e-05,,False
Ordinal        | KruskalEta + Spearman    (Run 19),Ordinal('NBJTX35_MM_A'),KruskalEtaSquared,9.417657124137852e-06,,False
Ordinal        | KruskalEta + Spearman    (Run 19),Ordinal('NBJTX35_MMAX_A'),KruskalEtaSquared,1.1684747912265396e-05,,False
Ordinal        | KruskalEta + Spearman    (Run 19),Ordinal('NBJTX35_MSOM_A'),KruskalEtaSquared,9.417657124137852e-06,,False
Ordinal        | KruskalEta + Spearman    (Run 19),Ordinal('NBJTN10_MM_A'),KruskalEtaSquared,2.194427939076503e-05,,False
Ordinal        | KruskalEta + Spearman    (Run 19),Ordinal('NBJTN10_MMAX_A'),KruskalEtaSquared,1.7785061810805914e-05,,False
Ordinal        | KruskalEta + Spearman    (Run 19),Ordinal('NBJTN10_MSOM_A'),KruskalEtaSquared,2.194427939076503e-05,,False
Ordinal        | KruskalEta + Spearman    (Run 19),Ordinal('NBJTNI10_MM_A'),KruskalEtaSquared,1.2985454362309502e-05,,False
Ordinal        | KruskalEta + Spearman    (Run 19),Ordinal('NBJTNI10_MMAX_A'),KruskalEtaSquared,0.0,,False
Ordinal        | KruskalEta + Spearman    (Run 19),Ordinal('NBJTNI10_MSOM_A'),KruskalEtaSquared,1.2985454362309502e-05,,False
Ordinal        | KruskalEta + Spearman    (Run 19),Ordinal('NBJTN5_MM_A'),KruskalEtaSquared,3.4833074709837604e-05,,False
Ordinal        | KruskalEta + Spearman    (Run 19),Ordinal('NBJTN5_MMAX_A'),KruskalEtaSquared,2.5758286207700423e-05,,False
Ordinal        | KruskalEta + Spearman    (Run 19),Ordinal('NBJTN5_MSOM_A'),KruskalEtaSquared,3.4833074709837604e-05,,False
Ordinal        | KruskalEta + Spearman    (Run 19),Ordinal('NBJTNS25_MM_A'),KruskalEtaSquared,,,False
Ordinal        | KruskalEta + Spearman    (Run 19),Ordinal('NBJTNS25_MMAX_A'),KruskalEtaSquared,,,False
Ordinal        | KruskalEta + Spearman    (Run 19),Ordinal('NBJTNS25_MSOM_A'),KruskalEtaSquared,,,False
Ordinal        | KruskalEta + Spearman    (Run 19),Ordinal('NBJTNI15_MM_A'),KruskalEtaSquared,2.329142391137681e-05,,False
Ordinal        | KruskalEta + Spearman    (Run 19),Ordinal('NBJTNI15_MMAX_A'),KruskalEtaSquared,,,False
Ordinal        | KruskalEta + Spearman    (Run 19),Ordinal('NBJTNI15_MSOM_A'),KruskalEtaSquared,2.329142391137681e-05,,False
Ordinal        | KruskalEta + Spearman    (Run 19),Ordinal('NBJTNI20_MM_A'),KruskalEtaSquared,1.4537893889481888e-05,,False
Ordinal        | KruskalEta + Spearman    (Run 19),Ordinal('NBJTNI20_MMAX_A'),KruskalEtaSquared,,,False
Ordinal        | KruskalEta + Spearman    (Run 19),Ordinal('NBJTNI20_MSOM_A'),KruskalEtaSquared,1.4537893889481888e-05,,False
Ordinal        | KruskalEta + Spearman    (Run 19),Ordinal('NBJTNS20_MM_A'),KruskalEtaSquared,3.5259852495153655e-05,,False
Ordinal        | KruskalEta + Spearman    (Run 19),Ordinal('NBJTNS20_MMAX_A'),KruskalEtaSquared,2.538463309320926e-06,,False
Ordinal        | KruskalEta + Spearman    (Run 19),Ordinal('NBJTNS20_MSOM_A'),KruskalEtaSquared,3.5259852495153655e-05,,False
Ordinal        | KruskalEta + Spearman    (Run 19),Ordinal('NBJTMS24_MM_A'),KruskalEtaSquared,1.9943889819388157e-05,,False
Ordinal        | KruskalEta + Spearman    (Run 19),Ordinal('NBJTMS24_MMAX_A'),KruskalEtaSquared,2.3612288259112523e-05,,False
Ordinal        | KruskalEta + Spearman    (Run 19),Ordinal('NBJTMS24_MSOM_A'),KruskalEtaSquared,1.9943889819388157e-05,,False
Ordinal        | KruskalEta + Spearman    (Run 19),Ordinal('TAMPLIAB_VOR_MM_A'),KruskalEtaSquared,8.344687726169603e-05,,False
Ordinal        | KruskalEta + Spearman    (Run 19),Ordinal('TAMPLIAB_VOR_MMAX_A'),KruskalEtaSquared,8.935938315194374e-06,,False
Ordinal        | KruskalEta + Spearman    (Run 19),Ordinal('TAMPLIM_VOR_MM_A'),KruskalEtaSquared,8.190169839401799e-05,,False
Ordinal        | KruskalEta + Spearman    (Run 19),Ordinal('TAMPLIM_VOR_MMAX_A'),KruskalEtaSquared,8.619841003553509e-06,,False
Ordinal        | KruskalEta + Spearman    (Run 19),Ordinal('TM_VOR_MM_A'),KruskalEtaSquared,4.476135890414142e-05,,False
Ordinal        | KruskalEta + Spearman    (Run 19),Ordinal('TM_VOR_MMAX_A'),KruskalEtaSquared,3.540319588062794e-05,,False
Ordinal        | KruskalEta + Spearman    (Run 19),Ordinal('TMM_VOR_MM_A'),KruskalEtaSquared,1.3688100421788742e-05,,False
Ordinal        | KruskalEta + Spearman    (Run 19),Ordinal('TMM_VOR_MMAX_A'),KruskalEtaSquared,1.460040582018508e-05,,False
Ordinal        | KruskalEta + Spearman    (Run 19),Ordinal('TMMAX_VOR_MM_A'),KruskalEtaSquared,4.902896680864494e-05,,False
Ordinal        | KruskalEta + Spearman    (Run 19),Ordinal('TMMAX_VOR_MMAX_A'),KruskalEtaSquared,2.7543257373867997e-05,,False
Ordinal        | KruskalEta + Spearman    (Run 19),Ordinal('TMMIN_VOR_MM_A'),KruskalEtaSquared,4.9685935856938774e-05,,False
Ordinal        | KruskalEta + Spearman    (Run 19),Ordinal('TMMIN_VOR_MMAX_A'),KruskalEtaSquared,1.6877750386688266e-07,,False
Ordinal        | KruskalEta + Spearman    (Run 19),Ordinal('TN_VOR_MM_A'),KruskalEtaSquared,3.1955544625192765e-05,,False
Ordinal        | KruskalEta + Spearman    (Run 19),Ordinal('TN_VOR_MMAX_A'),KruskalEtaSquared,2.767294915484714e-05,,False
Ordinal        | KruskalEta + Spearman    (Run 19),Ordinal('TNAB_VOR_MM_A'),KruskalEtaSquared,2.018342737948527e-05,,False
Ordinal        | KruskalEta + Spearman    (Run 19),Ordinal('TNAB_VOR_MMAX_A'),KruskalEtaSquared,3.181974485396964e-05,,False
Ordinal        | KruskalEta + Spearman    (Run 19),Ordinal('TNMAX_VOR_MM_A'),KruskalEtaSquared,1.8140156142171257e-05,,False
Ordinal        | KruskalEta + Spearman    (Run 19),Ordinal('TNMAX_VOR_MMAX_A'),KruskalEtaSquared,3.144308857902252e-05,,False
Ordinal        | KruskalEta + Spearman    (Run 19),Ordinal('TX_VOR_MM_A'),KruskalEtaSquared,4.5868717209043764e-05,,False
Ordinal        | KruskalEta + Spearman    (Run 19),Ordinal('TX_VOR_MMAX_A'),KruskalEtaSquared,1.268238988172014e-05,,False
Ordinal        | KruskalEta + Spearman    (Run 19),Ordinal('TXAB_VOR_MM_A'),KruskalEtaSquared,5.842757300648339e-05,,False
Ordinal        | KruskalEta + Spearman    (Run 19),Ordinal('TXAB_VOR_MMAX_A'),KruskalEtaSquared,3.0537553454822224e-05,,False
Ordinal        | KruskalEta + Spearman    (Run 19),Ordinal('TXMIN_VOR_MM_A'),KruskalEtaSquared,1.760872605891043e-05,,False
Ordinal        | KruskalEta + Spearman    (Run 19),Ordinal('TXMIN_VOR_MMAX_A'),KruskalEtaSquared,0.0,,False
Ordinal        | KruskalEta + Spearman    (Run 19),Ordinal('NBJFF10_MM_A'),KruskalEtaSquared,0.00011932604571761378,,False
Ordinal        | KruskalEta + Spearman    (Run 19),Ordinal('NBJFF10_MMAX_A'),KruskalEtaSquared,0.00010109755729923252,,False
Ordinal        | KruskalEta + Spearman    (Run 19),Ordinal('NBJFF10_MSOM_A'),KruskalEtaSquared,0.00011932604571761378,,False
Ordinal        | KruskalEta + Spearman    (Run 19),Ordinal('NBJFF16_MM_A'),KruskalEtaSquared,2.7953973367342566e-05,,False
Ordinal        | KruskalEta + Spearman    (Run 19),Ordinal('NBJFF16_MMAX_A'),KruskalEtaSquared,7.319727258146948e-05,,False
Ordinal        | KruskalEta + Spearman    (Run 19),Ordinal('NBJFF16_MSOM_A'),KruskalEtaSquared,2.7953973367342566e-05,,False
Ordinal        | KruskalEta + Spearman    (Run 19),Ordinal('NBJFF28_MM_A'),KruskalEtaSquared,5.3239970330445825e-05,,False
Ordinal        | KruskalEta + Spearman    (Run 19),Ordinal('NBJFF28_MMAX_A'),KruskalEtaSquared,0.0,,False
Ordinal        | KruskalEta + Spearman    (Run 19),Ordinal('NBJFF28_MSOM_A'),KruskalEtaSquared,5.3239970330445825e-05,,False
Ordinal        | KruskalEta + Spearman    (Run 19),Ordinal('NBJFXI3S10_MM_A'),KruskalEtaSquared,0.00012409917916662687,,False
Ordinal        | KruskalEta + Spearman    (Run 19),Ordinal('NBJFXI3S10_MMAX_A'),KruskalEtaSquared,0.00012025797059655091,,False
Ordinal        | KruskalEta + Spearman    (Run 19),Ordinal('NBJFXI3S10_MSOM_A'),KruskalEtaSquared,0.00012409917916662687,,False
Ordinal        | KruskalEta + Spearman    (Run 19),Ordinal('NBJFXI3S16_MM_A'),KruskalEtaSquared,2.1818006958480782e-05,,False
Ordinal        | KruskalEta + Spearman    (Run 19),Ordinal('NBJFXI3S16_MMAX_A'),KruskalEtaSquared,8.090297303923314e-05,,False
Ordinal        | KruskalEta + Spearman    (Run 19),Ordinal('NBJFXI3S16_MSOM_A'),KruskalEtaSquared,2.1818006958480782e-05,,False
Ordinal        | KruskalEta + Spearman    (Run 19),Ordinal('NBJFXI3S28_MM_A'),KruskalEtaSquared,0.00010530417715830804,,False
Ordinal        | KruskalEta + Spearman    (Run 19),Ordinal('NBJFXI3S28_MMAX_A'),KruskalEtaSquared,0.0,,False
Ordinal        | KruskalEta + Spearman    (Run 19),Ordinal('NBJFXI3S28_MSOM_A'),KruskalEtaSquared,0.00010530417715830804,,False
Ordinal        | KruskalEta + Spearman    (Run 19),Ordinal('NBJFXY8_MM_A'),KruskalEtaSquared,0.0001015215745571964,,False
Ordinal        | KruskalEta + Spearman    (Run 19),Ordinal('NBJFXY8_MMAX_A'),KruskalEtaSquared,0.00012756381950384464,,False
Ordinal        | KruskalEta + Spearman    (Run 19),Ordinal('NBJFXY8_MSOM_A'),KruskalEtaSquared,0.0001015215745571964,,False
Ordinal        | KruskalEta + Spearman    (Run 19),Ordinal('NBJFXY10_MM_A'),KruskalEtaSquared,8.093699364161681e-05,,False
Ordinal        | KruskalEta + Spearman    (Run 19),Ordinal('NBJFXY10_MMAX_A'),KruskalEtaSquared,8.278637204368468e-05,,False
Ordinal        | KruskalEta + Spearman    (Run 19),Ordinal('NBJFXY10_MSOM_A'),KruskalEtaSquared,8.093699364161681e-05,,False
Ordinal        | KruskalEta + Spearman    (Run 19),Ordinal('NBJFXY15_MM_A'),KruskalEtaSquared,0.0,,False
Ordinal        | KruskalEta + Spearman    (Run 19),Ordinal('NBJFXY15_MMAX_A'),KruskalEtaSquared,3.858339937232594e-05,,False
Ordinal        | KruskalEta + Spearman    (Run 19),Ordinal('NBJFXY15_MSOM_A'),KruskalEtaSquared,0.0,,False
Ordinal        | KruskalEta + Spearman    (Run 19),Ordinal('FFM_VOR_MM_A'),KruskalEtaSquared,2.6714061474062066e-05,,False
Ordinal        | KruskalEta + Spearman    (Run 19),Ordinal('FFM_VOR_MMAX_A'),KruskalEtaSquared,7.904609861275733e-05,,False
Ordinal        | KruskalEta + Spearman    (Run 19),Ordinal('FXI3SAB_VOR_MM_A'),KruskalEtaSquared,4.197024689408648e-05,,False
Ordinal        | KruskalEta + Spearman    (Run 19),Ordinal('FXI3SAB_VOR_MMAX_A'),KruskalEtaSquared,4.194773960560641e-05,,False
Ordinal        | KruskalEta + Spearman    (Run 19),Ordinal('FXIAB_VOR_MM_A'),KruskalEtaSquared,6.174388387925768e-06,,False
Ordinal        | KruskalEta + Spearman    (Run 19),Ordinal('FXIAB_VOR_MMAX_A'),KruskalEtaSquared,5.011095389045321e-05,,False
Ordinal        | KruskalEta + Spearman    (Run 19),Ordinal('FXYAB_VOR_MM_A'),KruskalEtaSquared,4.001524032979327e-05,,False
Ordinal        | KruskalEta + Spearman    (Run 19),Ordinal('FXYAB_VOR_MMAX_A'),KruskalEtaSquared,2.4166710881999573e-05,,False
Ordinal        | KruskalEta + Spearman    (Run 19),Ordinal('FFM_VOR_COM_MM_A_Y'),KruskalEtaSquared,7.969536550960185e-05,,False
Ordinal        | KruskalEta + Spearman    (Run 19),Ordinal('FFM_VOR_COM_MMAX_A_Y'),KruskalEtaSquared,0.00010502665211790088,,False
Ordinal        | KruskalEta + Spearman    (Run 19),Ordinal('FXI3SAB_VOR_COM_MM_A_Y'),KruskalEtaSquared,8.695159939074993e-05,,False
Ordinal        | KruskalEta + Spearman    (Run 19),Ordinal('FXI3SAB_VOR_COM_MMAX_A_Y'),KruskalEtaSquared,8.666017812841272e-05,,False
Ordinal        | KruskalEta + Spearman    (Run 19),Ordinal('NBJRR50_MM_A'),KruskalEtaSquared,7.950111315558779e-05,,False
Ordinal        | KruskalEta + Spearman    (Run 19),Ordinal('NBJRR50_MMAX_A'),KruskalEtaSquared,0.00015612650914810402,,False
Ordinal        | KruskalEta + Spearman    (Run 19),Ordinal('NBJRR50_MSOM_A'),KruskalEtaSquared,7.950111315558779e-05,,False
Ordinal        | KruskalEta + Spearman    (Run 19),Ordinal('NBJRR1_MM_A'),KruskalEtaSquared,2.5369363795699878e-05,,False
Ordinal        | KruskalEta + Spearman    (Run 19),Ordinal('NBJRR1_MMAX_A'),KruskalEtaSquared,4.853097079657479e-05,,False
Ordinal        | KruskalEta + Spearman    (Run 19),Ordinal('NBJRR1_MSOM_A'),KruskalEtaSquared,2.5369363795699878e-05,,False
Ordinal        | KruskalEta + Spearman    (Run 19),Ordinal('NBJRR5_MM_A'),KruskalEtaSquared,5.025584850791734e-05,,False
Ordinal        | KruskalEta + Spearman    (Run 19),Ordinal('NBJRR5_MMAX_A'),KruskalEtaSquared,7.833711333841175e-05,,False
Ordinal        | KruskalEta + Spearman    (Run 19),Ordinal('NBJRR5_MSOM_A'),KruskalEtaSquared,5.025584850791734e-05,,False
Ordinal        | KruskalEta + Spearman    (Run 19),Ordinal('NBJRR10_MM_A'),KruskalEtaSquared,0.00012915879833839971,,False
Ordinal        | KruskalEta + Spearman    (Run 19),Ordinal('NBJRR10_MMAX_A'),KruskalEtaSquared,0.00016063754808422255,,False
Ordinal        | KruskalEta + Spearman    (Run 19),Ordinal('NBJRR10_MSOM_A'),KruskalEtaSquared,0.00012915879833839971,,False
Ordinal        | KruskalEta + Spearman    (Run 19),Ordinal('NBJRR30_MM_A'),KruskalEtaSquared,0.00011468541886486546,,False
Ordinal        | KruskalEta + Spearman    (Run 19),Ordinal('NBJRR30_MMAX_A'),KruskalEtaSquared,7.107650776280294e-05,,False
Ordinal        | KruskalEta + Spearman    (Run 19),Ordinal('NBJRR30_MSOM_A'),KruskalEtaSquared,0.00011468541886486546,,False
Ordinal        | KruskalEta + Spearman    (Run 19),Ordinal('NBJRR100_MM_A'),KruskalEtaSquared,6.9825776879096455e-06,,False
Ordinal        | KruskalEta + Spearman    (Run 19),Ordinal('NBJRR100_MMAX_A'),KruskalEtaSquared,1.9895774132130634e-05,,False
Ordinal        | KruskalEta + Spearman    (Run 19),Ordinal('NBJRR100_MSOM_A'),KruskalEtaSquared,6.9825776879096455e-06,,False
Ordinal        | KruskalEta + Spearman    (Run 19),Ordinal('RR_VOR_MM_A'),KruskalEtaSquared,0.00010839658088773662,,False
Ordinal        | KruskalEta + Spearman    (Run 19),Ordinal('RR_VOR_MMAX_A'),KruskalEtaSquared,9.486564234755046e-05,,False
Ordinal        | KruskalEta + Spearman    (Run 19),Ordinal('RRAB_VOR_MM_A'),KruskalEtaSquared,8.406151151411299e-05,,False
Ordinal        | KruskalEta + Spearman    (Run 19),Ordinal('RRAB_VOR_MMAX_A'),KruskalEtaSquared,0.0001277629748580602,,False
Ordinal        | KruskalEta + Spearman    (Run 19),Ordinal('SURFACE4'),KruskalEtaSquared,0.0022595657728712868,,False
Ordinal        | KruskalEta + Spearman    (Run 19),Ordinal('total_surface_2023'),KruskalEtaSquared,1.1062778077593053e-05,,False
Ordinal        | KruskalEta + Spearman    (Run 19),Ordinal('total_surface_5y'),KruskalEtaSquared,6.432692645592179e-05,,False
Ordinal        | KruskalEta + Spearman    (Run 19),Ordinal('surface_over_forest'),KruskalEtaSquared,1.4641288163864236e-05,,False
Ordinal        | KruskalEta + Spearman    (Run 19),Ordinal('fire_extinction_rates'),KruskalEtaSquared,3.1788002444180412e-06,,False
Ordinal        | KruskalEps + Spearman,Numerical('KAPITAL32'),Spearman,0.057794295991674204,0.0,True
Ordinal        | KruskalEps + Spearman,Numerical('KAPITAL_MAX'),Spearman,0.05390645960765981,1.0,True
Ordinal        | KruskalEps + Spearman,Numerical('SURFACE10'),Spearman,0.051294172740968966,2.0,True
Ordinal        | KruskalEps + Spearman,Numerical('SURFACE1'),Spearman,0.0507355883023415,3.0,True
Ordinal        | KruskalEps + Spearman,Numerical('SURFACE7'),Spearman,0.049353491615279924,4.0,True
Ordinal        | KruskalEps + Spearman,Numerical('KAPITAL21'),Spearman,0.044652646465502176,5.0,True
Ordinal        | KruskalEps + Spearman,Numerical('NBBAT4'),Spearman,0.043988847401256796,6.0,True
Ordinal        | KruskalEps + Spearman,Numerical('NBSINSTRT'),Spearman,0.04015079697559569,7.0,True
Ordinal        | KruskalEps + Spearman,Numerical('KAPITAL23'),Spearman,0.03762246761832179,8.0,True
Ordinal        | KruskalEps + Spearman,Numerical('EQUIPEMENT6'),Spearman,0.0344741558646093,9.0,True
Ordinal        | KruskalEps + Spearman,Numerical('NBSINCONJ'),Spearman,0.03230802276808535,10.0,True
Ordinal        | KruskalEps + Spearman,Numerical('SURFACE17'),Spearman,0.030987930790487176,11.0,True
Ordinal        | KruskalEps + Spearman,Numerical('KAPITAL8'),Spearman,0.030062288986530603,12.0,True
Ordinal        | KruskalEps + Spearman,Numerical('KAPITAL14'),Spearman,0.02835173903551461,13.0,True
Ordinal        | KruskalEps + Spearman,Numerical('TAILLE3'),Spearman,0.02830057171212935,14.0,True
Ordinal        | KruskalEps + Spearman,Numerical('KAPITAL24'),Spearman,0.02556681364512317,15.0,True
Ordinal        | KruskalEps + Spearman,Numerical('KAPITAL27'),Spearman,0.02500207271745845,16.0,True
Ordinal        | KruskalEps + Spearman,Numerical('KAPITAL3'),Spearman,0.024520466908998437,17.0,True
Ordinal        | KruskalEps + Spearman,Numerical('CA3_CA_TOT'),Spearman,-0.022975265290498113,18.0,True
Ordinal        | KruskalEps + Spearman,Numerical('KAPITAL10'),Spearman,0.0229151057314936,19.0,True
Ordinal        | KruskalEps + Spearman,Numerical('EQUIPEMENT1'),Spearman,0.017630906647694247,20.0,True
Ordinal        | KruskalEps + Spearman,Numerical('NBBAT2'),Spearman,0.01761295890047364,21.0,True
Ordinal        | KruskalEps + Spearman,Numerical('SURFACE13'),Spearman,-0.013912192228734865,22.0,True
Ordinal        | KruskalEps + Spearman,Numerical('CARACT5'),Spearman,0.013316359232258924,23.0,True
Ordinal        | KruskalEps + Spearman,Numerical('RISK5'),Spearman,-0.013228278159781568,24.0,True
Ordinal        | KruskalEps + Spearman,Numerical('NBBAT8'),Spearman,0.012061600356037521,25.0,True
Ordinal        | KruskalEps + Spearman,Numerical('ZONE_VENT'),Spearman,0.0120321192438622,26.0,True
Ordinal        | KruskalEps + Spearman,Numerical('CA3_CA_MEAN'),Spearman,0.01186019464470179,27.0,True
Ordinal        | KruskalEps + Spearman,Numerical('KAPITAL20'),Spearman,0.01141782181570217,28.0,True
Ordinal        | KruskalEps + Spearman,Numerical('KAPITAL25'),Spearman,-0.011079405892343616,29.0,True
Ordinal        | KruskalEps + Spearman,Numerical('KAPITAL17'),Spearman,0.010718349534360964,30.0,True
Ordinal        | KruskalEps + Spearman,Numerical('RISK2'),Spearman,-0.010304615422397367,31.0,True
Ordinal        | KruskalEps + Spearman,Numerical('NBBAT6'),Spearman,0.009880595693690044,32.0,True
Ordinal        | KruskalEps + Spearman,Numerical('NBBAT9'),Spearman,0.009545151189662194,33.0,True
Ordinal        | KruskalEps + Spearman,Numerical('KAPITAL1'),Spearman,0.009407062437937319,34.0,True
Ordinal        | KruskalEps + Spearman,Numerical('DEROG10'),Spearman,0.009202384500004407,35.0,True
Ordinal        | KruskalEps + Spearman,Numerical('RISK1'),Spearman,-0.009069743033081008,36.0,True
Ordinal        | KruskalEps + Spearman,Numerical('DEROG8_formatted'),Spearman,-0.009048522743860463,37.0,True
Ordinal        | KruskalEps + Spearman,Numerical('DUREE_REQANEUF'),Spearman,0.00898335962342504,38.0,True
Ordinal        | KruskalEps + Spearman,Numerical('NBBAT7'),Spearman,0.008949511781837203,39.0,True
Ordinal        | KruskalEps + Spearman,Numerical('DEROG11'),Spearman,0.008691299290058751,40.0,True
Ordinal        | KruskalEps + Spearman,Numerical('EQUIPEMENT4'),Spearman,0.008145124798938705,41.0,True
Ordinal        | KruskalEps + Spearman,Numerical('DEROG7'),Spearman,0.008092311081812837,42.0,True
Ordinal        | KruskalEps + Spearman,Numerical('DEROG6'),Spearman,0.00804681884719879,43.0,True
Ordinal        | KruskalEps + Spearman,Numerical('CA3'),Spearman,0.007993881567494702,44.0,True
Ordinal        | KruskalEps + Spearman,Numerical('DEROG1'),Spearman,0.007399408324613113,45.0,True
Ordinal        | KruskalEps + Spearman,Numerical('TYPBAT2'),Spearman,0.007385687494037683,46.0,True
Ordinal        | KruskalEps + Spearman,Numerical('RISK4'),Spearman,-0.006985832610871467,47.0,True
Ordinal        | KruskalEps + Spearman,Numerical('KAPITAL28'),Spearman,0.006172994353956617,48.0,True
Ordinal        | KruskalEps + Spearman,Numerical('KAPITAL19'),Spearman,0.006132568406315256,49.0,True
Ordinal        | KruskalEps + Spearman,Numerical('ANCIENNETE'),Spearman,0.006071833590328286,,False
Ordinal        | KruskalEps + Spearman,Numerical('CARACT2'),Spearman,-0.000762254958681598,,False
Ordinal        | KruskalEps + Spearman,Numerical('DEROG9'),Spearman,0.0007106982546722803,,False
Ordinal        | KruskalEps + Spearman,Numerical('DEROG15'),Spearman,0.0008351674732711172,,False
Ordinal        | KruskalEps + Spearman,Numerical('CA1'),Spearman,0.004829725208300876,,False
Ordinal        | KruskalEps + Spearman,Numerical('CA2'),Spearman,,,False
Ordinal        | KruskalEps + Spearman,Numerical('KAPITAL2'),Spearman,-0.0005115069860960191,,False
Ordinal        | KruskalEps + Spearman,Numerical('KAPITAL4'),Spearman,0.0022572175952233703,,False
Ordinal        | KruskalEps + Spearman,Numerical('KAPITAL5'),Spearman,0.0028325790309520053,,False
Ordinal        | KruskalEps + Spearman,Numerical('KAPITAL6'),Spearman,0.04270720387997206,,False
Ordinal        | KruskalEps + Spearman,Numerical('KAPITAL7'),Spearman,0.03672311866422844,,False
Ordinal        | KruskalEps + Spearman,Numerical('KAPITAL9'),Spearman,0.025132534420836395,,False
Ordinal        | KruskalEps + Spearman,Numerical('KAPITAL11'),Spearman,0.006098224604886885,,False
Ordinal        | KruskalEps + Spearman,Numerical('KAPITAL12'),Spearman,0.051509824766022776,,False
Ordinal        | KruskalEps + Spearman,Numerical('KAPITAL13'),Spearman,0.009397589642549576,,False
Ordinal        | KruskalEps + Spearman,Numerical('KAPITAL15'),Spearman,0.005650889024100261,,False
Ordinal        | KruskalEps + Spearman,Numerical('KAPITAL16'),Spearman,0.0050943285082576135,,False
Ordinal        | KruskalEps + Spearman,Numerical('KAPITAL18'),Spearman,0.0053894812532769894,,False
Ordinal        | KruskalEps + Spearman,Numerical('KAPITAL22'),Spearman,-0.0019646935021945737,,False
Ordinal        | KruskalEps + Spearman,Numerical('KAPITAL26'),Spearman,0.005405349907632178,,False
Ordinal        | KruskalEps + Spearman,Numerical('KAPITAL29'),Spearman,-0.0015614783012742864,,False
Ordinal        | KruskalEps + Spearman,Numerical('KAPITAL30'),Spearman,0.0037011031135262837,,False
Ordinal        | KruskalEps + Spearman,Numerical('KAPITAL31'),Spearman,-0.00026982420879465973,,False
Ordinal        | KruskalEps + Spearman,Numerical('KAPITAL33'),Spearman,-0.0011582491879806864,,False
Ordinal        | KruskalEps + Spearman,Numerical('KAPITAL36'),Spearman,-0.0005115069860960191,,False
Ordinal        | KruskalEps + Spearman,Numerical('KAPITAL38'),Spearman,0.0022572175952233703,,False
Ordinal        | KruskalEps + Spearman,Numerical('KAPITAL39'),Spearman,0.0028325790309520053,,False
Ordinal        | KruskalEps + Spearman,Numerical('SURFACE2'),Spearman,0.05073397151086815,,False
Ordinal        | KruskalEps + Spearman,Numerical('SURFACE3'),Spearman,0.04959340203857522,,False
Ordinal        | KruskalEps + Spearman,Numerical('SURFACE5'),Spearman,0.00274820446224167,,False
Ordinal        | KruskalEps + Spearman,Numerical('SURFACE8'),Spearman,0.016315060354228535,,False
Ordinal        | KruskalEps + Spearman,Numerical('SURFACE9'),Spearman,0.004909152687878156,,False
Ordinal        | KruskalEps + Spearman,Numerical('SURFACE11'),Spearman,0.04747483825628264,,False
Ordinal        | KruskalEps + Spearman,Numerical('SURFACE12'),Spearman,0.0020198235215083344,,False
Ordinal        | KruskalEps + Spearman,Numerical('SURFACE14'),Spearman,0.004044123773567702,,False
Ordinal        | KruskalEps + Spearman,Numerical('SURFACE15'),Spearman,-0.0007080372910130241,,False
Ordinal        | KruskalEps + Spearman,Numerical('SURFACE16'),Spearman,0.005816789917527187,,False
Ordinal        | KruskalEps + Spearman,Numerical('SURFACE18'),Spearman,0.003380797482004953,,False
Ordinal        | KruskalEps + Spearman,Numerical('SURFACE19'),Spearman,-0.0008216507082209551,,False
Ordinal        | KruskalEps + Spearman,Numerical('SURFACE20'),Spearman,-0.0005523951578485078,,False
Ordinal        | KruskalEps + Spearman,Numerical('SURFACE21'),Spearman,0.005981276861777351,,False
Ordinal        | KruskalEps + Spearman,Numerical('NBBAT1'),Spearman,0.04396181422449213,,False
Ordinal        | KruskalEps + Spearman,Numerical('NBBAT3'),Spearman,-0.0014890468464614157,,False
Ordinal        | KruskalEps + Spearman,Numerical('NBBAT5'),Spearman,0.0027630263642800836,,False
Ordinal        | KruskalEps + Spearman,Numerical('NBBAT10'),Spearman,0.01761295401268336,,False
Ordinal        | KruskalEps + Spearman,Numerical('NBBAT11'),Spearman,-0.0007203026929008671,,False
Ordinal        | KruskalEps + Spearman,Numerical('NBBAT13'),Spearman,0.0423036442036564,,False
Ordinal        | KruskalEps + Spearman,Numerical('NBBAT14'),Spearman,0.0029202153353220343,,False
Ordinal        | KruskalEps + Spearman,Numerical('TAILLE4'),Spearman,-0.0009450087806358899,,False
Ordinal        | KruskalEps + Spearman,Numerical('RISK3'),Spearman,-0.009800537659461424,,False
Ordinal        | KruskalEps + Spearman,Numerical('RISK7'),Spearman,-0.009000341196502407,,False
Ordinal        | KruskalEps + Spearman,Numerical('EQUIPEMENT3'),Spearman,-4.7061992585983575e-05,,False
Ordinal        | KruskalEps + Spearman,Numerical('EQUIPEMENT7'),Spearman,0.034306917415765636,,False
Ordinal        | KruskalEps + Spearman,Numerical('CA_TOT'),Spearman,0.0002937134311212488,,False
Ordinal        | KruskalEps + Spearman,Numerical('CA_MEAN'),Spearman,-0.0016934485628051785,,False
Ordinal        | KruskalEps + Spearman,Numerical('CA1_CA_TOT'),Spearman,-0.007261453063649908,,False
Ordinal        | KruskalEps + Spearman,Numerical('CA1_CA_MEAN'),Spearman,-0.003184276652544332,,False
Ordinal        | KruskalEps + Spearman,Numerical('CA2_CA_TOT'),Spearman,,,False
Ordinal        | KruskalEps + Spearman,Numerical('CA2_CA_MEAN'),Spearman,,,False
Ordinal        | KruskalEps + Spearman,Numerical('Unknown'),Spearman,0.0011472547564545651,,False
Ordinal        | KruskalEps + Spearman,Numerical('Involontaire (travaux)'),Spearman,-0.0027194813183148265,,False
Ordinal        | KruskalEps + Spearman,Numerical('Involontaire (particulier)'),Spearman,-0.0016768620579047367,,False
Ordinal        | KruskalEps + Spearman,Numerical('Accidentelle'),Spearman,0.0012936378599617522,,False
Ordinal        | KruskalEps + Spearman,Numerical('Malveillance'),Spearman,-0.0013609501753159676,,False
Ordinal        | KruskalEps + Spearman,Numerical('Naturelle'),Spearman,-0.0011001534694552312,,False
Ordinal        | KruskalEps + Spearman,Numerical('KAPITAL_SUM'),Spearman,0.05281130316524231,,False
Ordinal        | KruskalEps + Spearman,Numerical('DEROG13_formatted'),Spearman,0.0029187593526934005,,False
Ordinal        | KruskalEps + Spearman,Numerical('DEROG3_formatted'),Spearman,-0.008852269184000734,,False
Ordinal        | KruskalEps + Spearman,Numerical('DEROG16_formatted'),Spearman,-0.0011587291280928523,,False
Ordinal        | KruskalEps + Spearman,Ordinal('SURFACE6'),KruskalEpsilonSquared,0.002262816938395493,0.0,True
Ordinal        | KruskalEps + Spearman,Ordinal('TAILLE1'),KruskalEpsilonSquared,0.002031083479917661,1.0,True
Ordinal        | KruskalEps + Spearman,Ordinal('TAILLE2'),KruskalEpsilonSquared,0.0019506001004595812,2.0,True
Ordinal        | KruskalEps + Spearman,Categorical('VOCATION'),KruskalEpsilonSquared,0.001847045958293447,3.0,True
Ordinal        | KruskalEps + Spearman,Categorical('KAPITAL40'),KruskalEpsilonSquared,0.0018239052632331363,4.0,True
Ordinal        | KruskalEps + Spearman,Categorical('TYPERS'),KruskalEpsilonSquared,0.0016124872159745407,5.0,True
Ordinal        | KruskalEps + Spearman,Categorical('KAPITAL41'),KruskalEpsilonSquared,0.0013485874444384405,6.0,True
Ordinal        | KruskalEps + Spearman,Categorical('KAPITAL42'),KruskalEpsilonSquared,0.0009037412191111812,7.0,True
Ordinal        | KruskalEps + Spearman,Categorical('DEROG12'),KruskalEpsilonSquared,0.0008449642909488972,8.0,True
Ordinal        | KruskalEps + Spearman,Categorical('RISK11'),KruskalEpsilonSquared,0.0008168486349573947,9.0,True
Ordinal        | KruskalEps + Spearman,Categorical('KAPITAL43'),KruskalEpsilonSquared,0.0006316442864235035,10.0,True
Ordinal        | KruskalEps + Spearman,Categorical('KAPITAL37'),KruskalEpsilonSquared,0.0006012532974309612,11.0,True
Ordinal        | KruskalEps + Spearman,Ordinal('HAUTEUR_MAX'),KruskalEpsilonSquared,0.0005123822802986129,12.0,True
Ordinal        | KruskalEps + Spearman,Categorical('ACTIVIT2'),KruskalEpsilonSquared,0.0004978307484593004,13.0,True
Ordinal        | KruskalEps + Spearman,Categorical('DEROG4'),KruskalEpsilonSquared,0.0004419544208121078,14.0,True
Ordinal        | KruskalEps + Spearman,Ordinal('BDTOPO_BAT_MAX_HAUTEUR_MAX'),KruskalEpsilonSquared,0.0004197531354244119,15.0,True
Ordinal        | KruskalEps + Spearman,Categorical('ZONE'),KruskalEpsilonSquared,0.0003912152307546979,16.0,True
Ordinal        | KruskalEps + Spearman,Categorical('RISK10'),KruskalEpsilonSquared,0.00037436460414788626,17.0,True
Ordinal        | KruskalEps + Spearman,Categorical('DEROG5'),KruskalEpsilonSquared,0.0003250447805187723,18.0,True
Ordinal        | KruskalEps + Spearman,Categorical('AN_EXERC'),KruskalEpsilonSquared,0.0002906579765237761,19.0,True
Ordinal        | KruskalEps + Spearman,Categorical('total_surface_crossed'),KruskalEpsilonSquared,0.00028813685831284656,20.0,True
Ordinal        | KruskalEps + Spearman,Ordinal('HAUTEUR'),KruskalEpsilonSquared,0.00024625847080576326,21.0,True
Ordinal        | KruskalEps + Spearman,Categorical('NBJFXI3S10_MM_A_NBJFXI3S10_MMAX_A'),KruskalEpsilonSquared,0.00024534515394510965,22.0,True
Ordinal        | KruskalEps + Spearman,Categorical('INDEM2'),KruskalEpsilonSquared,0.00024373494064855482,23.0,True
Ordinal        | KruskalEps + Spearman,Ordinal('BDTOPO_BAT_MAX_HAUTEUR'),KruskalEpsilonSquared,0.00023652525640212072,24.0,True
Ordinal        | KruskalEps + Spearman,Categorical('TXAB_VOR_MM_A_TXAB_VOR_MMAX_A'),KruskalEpsilonSquared,0.0002337873229163605,25.0,True
Ordinal        | KruskalEps + Spearman,Categorical('zone_vent_extinction_rate'),KruskalEpsilonSquared,0.00022811226964581247,26.0,True
Ordinal        | KruskalEps + Spearman,Ordinal('DISTANCE_213'),KruskalEpsilonSquared,0.00020502329443802328,27.0,True
Ordinal        | KruskalEps + Spearman,Categorical('NBJFXI3S16_MM_A_NBJFXI3S16_MMAX_A'),KruskalEpsilonSquared,0.00019971784251396766,28.0,True
Ordinal        | KruskalEps + Spearman,Categorical('NBJTX0_MM_A_NBJTX0_MMAX_A'),KruskalEpsilonSquared,0.0001967276037429514,29.0,True
Ordinal        | KruskalEps + Spearman,Ordinal('PROPORTION_21'),KruskalEpsilonSquared,0.0001959940641609746,30.0,True
Ordinal        | KruskalEps + Spearman,Categorical('NBJRR50_MM_A_NBJRR50_MMAX_A'),KruskalEpsilonSquared,0.00018666991353750195,31.0,True
Ordinal        | KruskalEps + Spearman,Categorical('NBJTN5_MM_A_NBJTN5_MMAX_A'),KruskalEpsilonSquared,0.0001864895436066531,32.0,True
Ordinal        | KruskalEps + Spearman,Categorical('TN_VOR_MM_A_TN_VOR_MMAX_A'),KruskalEpsilonSquared,0.00018141289629933948,33.0,True
Ordinal        | KruskalEps + Spearman,Categorical('IND_REGION'),KruskalEpsilonSquared,0.00018108623396795374,34.0,True
Ordinal        | KruskalEps + Spearman,Ordinal('DISTANCE_411'),KruskalEpsilonSquared,0.00018086604628670704,35.0,True
Ordinal        | KruskalEps + Spearman,Categorical('NBJRR10_MM_A_NBJRR10_MMAX_A'),KruskalEpsilonSquared,0.00017934200469513591,36.0,True
Ordinal        | KruskalEps + Spearman,Ordinal('DISTANCE_323'),KruskalEpsilonSquared,0.00017932159912575576,37.0,True
Ordinal        | KruskalEps + Spearman,Ordinal('CARACT4'),KruskalEpsilonSquared,0.00017628526339331327,38.0,True
Ordinal        | KruskalEps + Spearman,Categorical('NBJFXI3S28_MM_A_NBJFXI3S28_MMAX_A'),KruskalEpsilonSquared,0.00017551076630868378,39.0,True
Ordinal        | KruskalEps + Spearman,Ordinal('DISTANCE_212'),KruskalEpsilonSquared,0.0001748009528652988,40.0,True
Ordinal        | KruskalEps + Spearman,Categorical('LOG_REGION'),KruskalEpsilonSquared,0.00017448095028100061,41.0,True
Ordinal        | KruskalEps + Spearman,Categorical('IND_SNV_REGION'),KruskalEpsilonSquared,0.00016958877235777965,42.0,True
Ordinal        | KruskalEps + Spearman,Categorical('NBJFF16_MM_A_NBJFF16_MMAX_A'),KruskalEpsilonSquared,0.00016612553723340567,43.0,True
Ordinal        | KruskalEps + Spearman,Ordinal('DISTANCE_335'),KruskalEpsilonSquared,0.00016133318126253988,44.0,True
Ordinal        | KruskalEps + Spearman,Categorical('RRAB_VOR_MM_A_RRAB_VOR_MMAX_A'),KruskalEpsilonSquared,0.0001576142459203448,45.0,True
Ordinal        | KruskalEps + Spearman,Categorical('NBJFF10_MM_A_NBJFF10_MMAX_A'),KruskalEpsilonSquared,0.00015178820358705857,46.0,True
Ordinal        | KruskalEps + Spearman,Categorical('NBJFXY8_MM_A_NBJFXY8_MMAX_A'),KruskalEpsilonSquared,0.00014458500777991687,47.0,True
Ordinal        | KruskalEps + Spearman,Ordinal('DISTANCE_334'),KruskalEpsilonSquared,0.00014432704309758925,48.0,True
Ordinal        | KruskalEps + Spearman,Categorical('NBJRR30_MM_A_NBJRR30_MMAX_A'),KruskalEpsilonSquared,0.0001431654019190146,49.0,True
Ordinal        | KruskalEps + Spearman,Categorical('ADOSS'),KruskalEpsilonSquared,2.81166393147005e-09,,False
Ordinal        | KruskalEps + Spearman,Categorical('CARACT1'),KruskalEpsilonSquared,3.679341712062401e-05,,False
Ordinal        | KruskalEps + Spearman,Categorical('CARACT3'),KruskalEpsilonSquared,,,False
Ordinal        | KruskalEps + Spearman,Categorical('INDEM1'),KruskalEpsilonSquared,1.6478287628021732e-05,,False
Ordinal        | KruskalEps + Spearman,Categorical('TYPBAT1'),KruskalEpsilonSquared,3.5496914593509746e-05,,False
Ordinal        | KruskalEps + Spearman,Categorical('FRCH1'),KruskalEpsilonSquared,5.590098706793974e-07,,False
Ordinal        | KruskalEps + Spearman,Categorical('FRCH2'),KruskalEpsilonSquared,2.6509350462664992e-05,,False
Ordinal        | KruskalEps + Spearman,Categorical('DEROG2'),KruskalEpsilonSquared,6.930966261220172e-05,,False
Ordinal        | KruskalEps + Spearman,Categorical('DEROG3'),KruskalEpsilonSquared,7.836266969531691e-05,,False
Ordinal        | KruskalEps + Spearman,Categorical('DEROG8'),KruskalEpsilonSquared,8.187576384731504e-05,,False
Ordinal        | KruskalEps + Spearman,Categorical('KAPITAL34'),KruskalEpsilonSquared,1.3605882896618314e-06,,False
Ordinal        | KruskalEps + Spearman,Categorical('KAPITAL35'),KruskalEpsilonSquared,8.849282370554048e-05,,False
Ordinal        | KruskalEps + Spearman,Categorical('RISK6'),KruskalEpsilonSquared,8.626580512081864e-05,,False
Ordinal        | KruskalEps + Spearman,Categorical('RISK8'),KruskalEpsilonSquared,3.7283485163733226e-05,,False
Ordinal        | KruskalEps + Spearman,Categorical('RISK9'),KruskalEpsilonSquared,7.79620499475622e-05,,False
Ordinal        | KruskalEps + Spearman,Categorical('RISK12'),KruskalEpsilonSquared,9.499847429085963e-05,,False
Ordinal        | KruskalEps + Spearman,Categorical('RISK13'),KruskalEpsilonSquared,3.4991131735372405e-05,,False
Ordinal        | KruskalEps + Spearman,Categorical('EQUIPEMENT2'),KruskalEpsilonSquared,0.00010874829330619381,,False
Ordinal        | KruskalEps + Spearman,Categorical('EQUIPEMENT5'),KruskalEpsilonSquared,,,False
Ordinal        | KruskalEps + Spearman,Categorical('ESPINSEE'),KruskalEpsilonSquared,,,False
Ordinal        | KruskalEps + Spearman,Categorical('ZONE_REGION'),KruskalEpsilonSquared,0.00011356736597137012,,False
Ordinal        | KruskalEps + Spearman,Categorical('LOG_AVA1_num'),KruskalEpsilonSquared,2.426144171886035e-05,,False
Ordinal        | KruskalEps + Spearman,Categorical('LOG_A1_A2_num'),KruskalEpsilonSquared,2.5380634509065645e-07,,False
Ordinal        | KruskalEps + Spearman,Categorical('LOG_A2_A3_num'),KruskalEpsilonSquared,2.6334264514002145e-05,,False
Ordinal        | KruskalEps + Spearman,Categorical('LOG_APA3_num'),KruskalEpsilonSquared,2.5710754882075183e-05,,False
Ordinal        | KruskalEps + Spearman,Categorical('LOG_INC_num'),KruskalEpsilonSquared,3.867862728940212e-07,,False
Ordinal        | KruskalEps + Spearman,Categorical('LOG_SOC_num'),KruskalEpsilonSquared,2.9689598679323614e-05,,False
Ordinal        | KruskalEps + Spearman,Categorical('LOG_TOT'),KruskalEpsilonSquared,1.7380317169942426e-05,,False
Ordinal        | KruskalEps + Spearman,Categorical('LOG_A1_A2_num_LOG_TOT'),KruskalEpsilonSquared,2.0130403734382713e-05,,False
Ordinal        | KruskalEps + Spearman,Categorical('LOG_A2_A3_num_LOG_TOT'),KruskalEpsilonSquared,2.2679044574785673e-05,,False
Ordinal        | KruskalEps + Spearman,Categorical('LOG_INC_num_LOG_TOT'),KruskalEpsilonSquared,1.7380317169942426e-05,,False
Ordinal        | KruskalEps + Spearman,Categorical('LOG_SOC_num_LOG_TOT'),KruskalEpsilonSquared,3.208657871337054e-05,,False
Ordinal        | KruskalEps + Spearman,Categorical('MEN_PAUV_num'),KruskalEpsilonSquared,5.727768097535917e-06,,False
Ordinal        | KruskalEps + Spearman,Categorical('MEN_1IND_num'),KruskalEpsilonSquared,3.9199204629589425e-05,,False
Ordinal        | KruskalEps + Spearman,Categorical('MEN_5IND_num'),KruskalEpsilonSquared,1.1977324730675339e-05,,False
Ordinal        | KruskalEps + Spearman,Categorical('MEN_PROP_num'),KruskalEpsilonSquared,1.1655923987161136e-05,,False
Ordinal        | KruskalEps + Spearman,Categorical('MEN_FMP_num'),KruskalEpsilonSquared,1.0477208681274063e-06,,False
Ordinal        | KruskalEps + Spearman,Categorical('MEN_COLL_num'),KruskalEpsilonSquared,4.383582739470939e-06,,False
Ordinal        | KruskalEps + Spearman,Categorical('MEN_MAIS_num'),KruskalEpsilonSquared,4.311382550936628e-06,,False
Ordinal        | KruskalEps + Spearman,Categorical('MEN_TOT'),KruskalEpsilonSquared,5.316195383458304e-05,,False
Ordinal        | KruskalEps + Spearman,Categorical('MEN_PAUV_MEN_TOT'),KruskalEpsilonSquared,4.5922399909114374e-05,,False
Ordinal        | KruskalEps + Spearman,Categorical('MEN_PAUV_MEN'),KruskalEpsilonSquared,1.5369045315334917e-06,,False
Ordinal        | KruskalEps + Spearman,Categorical('MEN_1IND_MEN_TOT'),KruskalEpsilonSquared,0.00010561122996786528,,False
Ordinal        | KruskalEps + Spearman,Categorical('MEN_1IND_MEN'),KruskalEpsilonSquared,4.153148535289864e-05,,False
Ordinal        | KruskalEps + Spearman,Categorical('MEN_5IND_MEN_TOT'),KruskalEpsilonSquared,5.314838096831656e-05,,False
Ordinal        | KruskalEps + Spearman,Categorical('MEN_5IND_MEN'),KruskalEpsilonSquared,1.4220713554224005e-05,,False
Ordinal        | KruskalEps + Spearman,Categorical('MEN_PROP_MEN_TOT'),KruskalEpsilonSquared,8.951211389192977e-05,,False
Ordinal        | KruskalEps + Spearman,Categorical('MEN_PROP_MEN'),KruskalEpsilonSquared,1.359256951299115e-05,,False
Ordinal        | KruskalEps + Spearman,Categorical('MEN_FMP_MEN_TOT'),KruskalEpsilonSquared,8.342004976953928e-05,,False
Ordinal        | KruskalEps + Spearman,Categorical('MEN_FMP_MEN'),KruskalEpsilonSquared,9.258794216868289e-07,,False
Ordinal        | KruskalEps + Spearman,Categorical('MEN_COLL_MEN_TOT'),KruskalEpsilonSquared,5.536404771977964e-05,,False
Ordinal        | KruskalEps + Spearman,Categorical('MEN_COLL_MEN'),KruskalEpsilonSquared,8.356516047420654e-06,,False
Ordinal        | KruskalEps + Spearman,Categorical('MEN_MAIS_MEN_TOT'),KruskalEpsilonSquared,5.536404771977964e-05,,False
Ordinal        | KruskalEps + Spearman,Categorical('MEN_MAIS_MEN'),KruskalEpsilonSquared,8.33496094526709e-06,,False
Ordinal        | KruskalEps + Spearman,Categorical('MEN_MEN_TOT'),KruskalEpsilonSquared,5.153179947958477e-05,,False
Ordinal        | KruskalEps + Spearman,Categorical('MEN_REGION'),KruskalEpsilonSquared,0.00012639296642793206,,False
Ordinal        | KruskalEps + Spearman,Categorical('IND_Y2_Y3_num'),KruskalEpsilonSquared,7.356283814473394e-06,,False
Ordinal        | KruskalEps + Spearman,Categorical('IND_Y3_Y4_num'),KruskalEpsilonSquared,2.5190795190938664e-05,,False
Ordinal        | KruskalEps + Spearman,Categorical('IND_Y5_Y6_num'),KruskalEpsilonSquared,2.9653525858423773e-05,,False
Ordinal        | KruskalEps + Spearman,Categorical('IND_Y8_Y9_num'),KruskalEpsilonSquared,4.680219357854475e-05,,False
Ordinal        | KruskalEps + Spearman,Categorical('IND_Y9_num'),KruskalEpsilonSquared,3.4278020148197095e-05,,False
Ordinal        | KruskalEps + Spearman,Categorical('IND_SNV_num'),KruskalEpsilonSquared,5.8379064232536725e-06,,False
Ordinal        | KruskalEps + Spearman,Categorical('IND_TOT'),KruskalEpsilonSquared,1.7862690415861773e-05,,False
Ordinal        | KruskalEps + Spearman,Categorical('IND_IND_TOT'),KruskalEpsilonSquared,1.552703560039631e-05,,False
Ordinal        | KruskalEps + Spearman,Categorical('IND_IND_SNV'),KruskalEpsilonSquared,5.214948943509111e-06,,False
Ordinal        | KruskalEps + Spearman,Categorical('IND_0_Y1_IND_TOT'),KruskalEpsilonSquared,1.7870553486205832e-05,,False
Ordinal        | KruskalEps + Spearman,Categorical('IND_0_Y1_IND_SNV'),KruskalEpsilonSquared,5.845014891020825e-06,,False
Ordinal        | KruskalEps + Spearman,Categorical('IND_Y1_Y2_IND_TOT'),KruskalEpsilonSquared,1.7862690415861773e-05,,False
Ordinal        | KruskalEps + Spearman,Categorical('IND_Y1_Y2_IND_SNV'),KruskalEpsilonSquared,5.8379064232536725e-06,,False
Ordinal        | KruskalEps + Spearman,Categorical('IND_Y2_Y3_IND_TOT'),KruskalEpsilonSquared,1.5365698265215945e-05,,False
Ordinal        | KruskalEps + Spearman,Categorical('IND_Y2_Y3_IND_SNV'),KruskalEpsilonSquared,5.436063695386254e-06,,False
Ordinal        | KruskalEps + Spearman,Categorical('IND_Y3_Y4_IND_TOT'),KruskalEpsilonSquared,4.266540468116828e-05,,False
Ordinal        | KruskalEps + Spearman,Categorical('IND_Y3_Y4_IND'),KruskalEpsilonSquared,2.6595952416946604e-05,,False
Ordinal        | KruskalEps + Spearman,Categorical('IND_Y3_Y4_IND_SNV'),KruskalEpsilonSquared,3.4280461431967076e-05,,False
Ordinal        | KruskalEps + Spearman,Categorical('IND_Y4_Y5_IND_TOT'),KruskalEpsilonSquared,2.042802411937839e-05,,False
Ordinal        | KruskalEps + Spearman,Categorical('IND_Y4_Y5_IND'),KruskalEpsilonSquared,2.176144297612857e-06,,False
Ordinal        | KruskalEps + Spearman,Categorical('IND_Y4_Y5_IND_SNV'),KruskalEpsilonSquared,7.400386660903957e-06,,False
Ordinal        | KruskalEps + Spearman,Categorical('IND_Y5_Y6_IND_TOT'),KruskalEpsilonSquared,2.7059228491001808e-05,,False
Ordinal        | KruskalEps + Spearman,Categorical('IND_Y5_Y6_IND'),KruskalEpsilonSquared,3.153216290568116e-05,,False
Ordinal        | KruskalEps + Spearman,Categorical('IND_Y5_Y6_IND_SNV'),KruskalEpsilonSquared,3.82319146253496e-05,,False
Ordinal        | KruskalEps + Spearman,Categorical('IND_Y6_Y7_IND_TOT'),KruskalEpsilonSquared,2.132718594742237e-05,,False
Ordinal        | KruskalEps + Spearman,Categorical('IND_Y6_Y7_IND_SNV'),KruskalEpsilonSquared,3.584037152060678e-05,,False
Ordinal        | KruskalEps + Spearman,Categorical('IND_Y7_Y8_IND_TOT'),KruskalEpsilonSquared,8.683684135404108e-06,,False
Ordinal        | KruskalEps + Spearman,Categorical('IND_Y7_Y8_IND_SNV'),KruskalEpsilonSquared,1.358157557080518e-05,,False
Ordinal        | KruskalEps + Spearman,Categorical('IND_Y8_Y9_IND_TOT'),KruskalEpsilonSquared,2.1760478990340994e-05,,False
Ordinal        | KruskalEps + Spearman,Categorical('IND_Y8_Y9_IND'),KruskalEpsilonSquared,4.225183777060149e-05,,False
Ordinal        | KruskalEps + Spearman,Categorical('IND_Y8_Y9_IND_SNV'),KruskalEpsilonSquared,4.2827936163523955e-05,,False
Ordinal        | KruskalEps + Spearman,Categorical('IND_Y9_IND_TOT'),KruskalEpsilonSquared,4.440657665372763e-05,,False
Ordinal        | KruskalEps + Spearman,Categorical('IND_Y9_IND'),KruskalEpsilonSquared,3.396838172639983e-05,,False
Ordinal        | KruskalEps + Spearman,Categorical('IND_Y9_IND_SNV'),KruskalEpsilonSquared,3.5791997613455214e-05,,False
Ordinal        | KruskalEps + Spearman,Categorical('IND_INC_IND_TOT'),KruskalEpsilonSquared,1.7862690415861773e-05,,False
Ordinal        | KruskalEps + Spearman,Categorical('IND_INC_IND_SNV'),KruskalEpsilonSquared,5.8379064232536725e-06,,False
Ordinal        | KruskalEps + Spearman,Categorical('IND_SNV_IND_TOT'),KruskalEpsilonSquared,4.8882461022222965e-05,,False
Ordinal        | KruskalEps + Spearman,Categorical('IND_SNV_IND'),KruskalEpsilonSquared,5.214948943509111e-06,,False
Ordinal        | KruskalEps + Spearman,Categorical('ALTITUDE_1_num'),KruskalEpsilonSquared,0.00011114101179695326,,False
Ordinal        | KruskalEps + Spearman,Categorical('ALTITUDE_2_num'),KruskalEpsilonSquared,9.105352231072299e-05,,False
Ordinal        | KruskalEps + Spearman,Categorical('ALTITUDE_3_num'),KruskalEpsilonSquared,8.340250333237746e-05,,False
Ordinal        | KruskalEps + Spearman,Categorical('ALTITUDE_4_num'),KruskalEpsilonSquared,5.036993598824002e-05,,False
Ordinal        | KruskalEps + Spearman,Categorical('ALTITUDE_5_num'),KruskalEpsilonSquared,8.660754722441122e-05,,False
Ordinal        | KruskalEps + Spearman,Categorical('ALTITUDE_TOT'),KruskalEpsilonSquared,0.0001357008815641997,,False
Ordinal        | KruskalEps + Spearman,Categorical('ALTITUDE_1_ALT_TOT'),KruskalEpsilonSquared,0.0001357008815641997,,False
Ordinal        | KruskalEps + Spearman,Categorical('ALTITUDE_2_ALT_TOT'),KruskalEpsilonSquared,0.0001357008815641997,,False
Ordinal        | KruskalEps + Spearman,Categorical('ALTITUDE_3_ALT_TOT'),KruskalEpsilonSquared,0.0001357008815641997,,False
Ordinal        | KruskalEps + Spearman,Categorical('ALTITUDE_4_ALT_TOT'),KruskalEpsilonSquared,0.0001357008815641997,,False
Ordinal        | KruskalEps + Spearman,Categorical('ALTITUDE_5_ALT_TOT'),KruskalEpsilonSquared,0.0001357008815641997,,False
Ordinal        | KruskalEps + Spearman,Categorical('ALTITUDE_REGION'),KruskalEpsilonSquared,6.959842875823597e-05,,False
Ordinal        | KruskalEps + Spearman,Categorical('NBJTX25_MM_A_NBJTX25_MMAX_A'),KruskalEpsilonSquared,6.15950672221647e-05,,False
Ordinal        | KruskalEps + Spearman,Categorical('NBJTXI27_MM_A_NBJTXI27_MMAX_A'),KruskalEpsilonSquared,7.698559990414422e-05,,False
Ordinal        | KruskalEps + Spearman,Categorical('NBJTXS32_MM_A_NBJTXS32_MMAX_A'),KruskalEpsilonSquared,9.082907668811198e-05,,False
Ordinal        | KruskalEps + Spearman,Categorical('NBJTXI20_MM_A_NBJTXI20_MMAX_A'),KruskalEpsilonSquared,0.00010026836580062412,,False
Ordinal        | KruskalEps + Spearman,Categorical('NBJTX30_MM_A_NBJTX30_MMAX_A'),KruskalEpsilonSquared,0.00010531246114446265,,False
Ordinal        | KruskalEps + Spearman,Categorical('NBJTX35_MM_A_NBJTX35_MMAX_A'),KruskalEpsilonSquared,2.9762750457834067e-05,,False
Ordinal        | KruskalEps + Spearman,Categorical('NBJTN10_MM_A_NBJTN10_MMAX_A'),KruskalEpsilonSquared,1.8084217007791475e-05,,False
Ordinal        | KruskalEps + Spearman,Categorical('NBJTNI10_MM_A_NBJTNI10_MMAX_A'),KruskalEpsilonSquared,0.00010331555046194792,,False
Ordinal        | KruskalEps + Spearman,Categorical('NBJTNS25_MM_A_NBJTNS25_MMAX_A'),KruskalEpsilonSquared,,,False
Ordinal        | KruskalEps + Spearman,Categorical('NBJTNI15_MM_A_NBJTNI15_MMAX_A'),KruskalEpsilonSquared,5.148086110188485e-05,,False
Ordinal        | KruskalEps + Spearman,Categorical('NBJTNI20_MM_A_NBJTNI20_MMAX_A'),KruskalEpsilonSquared,2.207159232701615e-05,,False
Ordinal        | KruskalEps + Spearman,Categorical('NBJTNS20_MM_A_NBJTNS20_MMAX_A'),KruskalEpsilonSquared,6.258456475270219e-05,,False
Ordinal        | KruskalEps + Spearman,Categorical('NBJTMS24_MM_A_NBJTMS24_MMAX_A'),KruskalEpsilonSquared,5.490559069025541e-05,,False
Ordinal        | KruskalEps + Spearman,Categorical('TAMPLIAB_VOR_MM_A_TAMPLIAB_VOR_MMAX_A'),KruskalEpsilonSquared,0.00014174672643517506,,False
Ordinal        | KruskalEps + Spearman,Categorical('TAMPLIM_VOR_MM_A_TAMPLIM_VOR_MMAX_A'),KruskalEpsilonSquared,0.0001298711217294403,,False
Ordinal        | KruskalEps + Spearman,Categorical('TM_VOR_MM_A_TM_VOR_MMAX_A'),KruskalEpsilonSquared,5.083915548927703e-05,,False
Ordinal        | KruskalEps + Spearman,Categorical('TMM_VOR_MM_A_TMM_VOR_MMAX_A'),KruskalEpsilonSquared,3.580853408104083e-05,,False
Ordinal        | KruskalEps + Spearman,Categorical('TMMAX_VOR_MM_A_TMMAX_VOR_MMAX_A'),KruskalEpsilonSquared,0.00011214552951467154,,False
Ordinal        | KruskalEps + Spearman,Categorical('TMMIN_VOR_MM_A_TMMIN_VOR_MMAX_A'),KruskalEpsilonSquared,0.00013804314349238545,,False
Ordinal        | KruskalEps + Spearman,Categorical('TNAB_VOR_MM_A_TNAB_VOR_MMAX_A'),KruskalEpsilonSquared,0.00012088144838161811,,False
Ordinal        | KruskalEps + Spearman,Categorical('TNMAX_VOR_MM_A_TNMAX_VOR_MMAX_A'),KruskalEpsilonSquared,6.759350844978594e-05,,False
Ordinal        | KruskalEps + Spearman,Categorical('TX_VOR_MM_A_TX_VOR_MMAX_A'),KruskalEpsilonSquared,0.00011812491096908255,,False
Ordinal        | KruskalEps + Spearman,Categorical('TXMIN_VOR_MM_A_TXMIN_VOR_MMAX_A'),KruskalEpsilonSquared,6.1003445542708005e-05,,False
Ordinal        | KruskalEps + Spearman,Categorical('NBJFF28_MM_A_NBJFF28_MMAX_A'),KruskalEpsilonSquared,0.00012119254557210248,,False
Ordinal        | KruskalEps + Spearman,Categorical('NBJFXY10_MM_A_NBJFXY10_MMAX_A'),KruskalEpsilonSquared,0.0001199620594619328,,False
Ordinal        | KruskalEps + Spearman,Categorical('NBJFXY15_MM_A_NBJFXY15_MMAX_A'),KruskalEpsilonSquared,0.00011856104164589102,,False
Ordinal        | KruskalEps + Spearman,Categorical('FFM_VOR_MM_A_FFM_VOR_MMAX_A'),KruskalEpsilonSquared,5.366964256598248e-05,,False
Ordinal        | KruskalEps + Spearman,Categorical('FXI3SAB_VOR_MM_A_FXI3SAB_VOR_MMAX_A'),KruskalEpsilonSquared,5.2439309543818966e-05,,False
Ordinal        | KruskalEps + Spearman,Categorical('FXIAB_VOR_MM_A_FXIAB_VOR_MMAX_A'),KruskalEpsilonSquared,9.001012118299868e-05,,False
Ordinal        | KruskalEps + Spearman,Categorical('FXYAB_VOR_MM_A_FXYAB_VOR_MMAX_A'),KruskalEpsilonSquared,4.750930129613848e-05,,False
Ordinal        | KruskalEps + Spearman,Categorical('FFM_VOR_COM_MM_A_Y_FFM_VOR_COM_MMAX_A_Y'),KruskalEpsilonSquared,0.00011824469118063718,,False
Ordinal        | KruskalEps + Spearman,Categorical('FXI3SAB_VOR_COM_MM_A_Y_FXI3SAB_VOR_COM_MMAX_A_Y'),KruskalEpsilonSquared,9.04577115025738e-05,,False
Ordinal        | KruskalEps + Spearman,Categorical('NBJRR1_MM_A_NBJRR1_MMAX_A'),KruskalEpsilonSquared,8.484935952302505e-05,,False
Ordinal        | KruskalEps + Spearman,Categorical('NBJRR5_MM_A_NBJRR5_MMAX_A'),KruskalEpsilonSquared,0.00010244362687588526,,False
Ordinal        | KruskalEps + Spearman,Categorical('NBJRR100_MM_A_NBJRR100_MMAX_A'),KruskalEpsilonSquared,3.787011730861607e-05,,False
Ordinal        | KruskalEps + Spearman,Categorical('RR_VOR_MM_A_RR_VOR_MMAX_A'),KruskalEpsilonSquared,0.0001256444039661536,,False
Ordinal        | KruskalEps + Spearman,Categorical('nb_casernes_extinction_rate'),KruskalEpsilonSquared,3.0047968782212948e-05,,False
Ordinal        | KruskalEps + Spearman,Categorical('VENT_x_CASERNES'),KruskalEpsilonSquared,0.00013282704800455513,,False
Ordinal        | KruskalEps + Spearman,Ordinal('NB_CASERNES'),KruskalEpsilonSquared,1.351782241971288e-06,,False
Ordinal        | KruskalEps + Spearman,Ordinal('MEN_SURF'),KruskalEpsilonSquared,2.9930414872996807e-05,,False
Ordinal        | KruskalEps + Spearman,Ordinal('IND_SNV'),KruskalEpsilonSquared,5.8379064232536725e-06,,False
Ordinal        | KruskalEps + Spearman,Ordinal('IND_Y9'),KruskalEpsilonSquared,3.4278020148197095e-05,,False
Ordinal        | KruskalEps + Spearman,Ordinal('LOG_SOC'),KruskalEpsilonSquared,2.9689598679323614e-05,,False
Ordinal        | KruskalEps + Spearman,Ordinal('LOG_APA3'),KruskalEpsilonSquared,2.5710754882075183e-05,,False
Ordinal        | KruskalEps + Spearman,Ordinal('LOG_AVA1'),KruskalEpsilonSquared,2.6813544527905014e-05,,False
Ordinal        | KruskalEps + Spearman,Ordinal('MEN_MAIS'),KruskalEpsilonSquared,1.787575647192954e-05,,False
Ordinal        | KruskalEps + Spearman,Ordinal('MEN_COLL'),KruskalEpsilonSquared,1.9065616745995953e-05,,False
Ordinal        | KruskalEps + Spearman,Ordinal('MEN_FMP'),KruskalEpsilonSquared,9.852462818761465e-07,,False
Ordinal        | KruskalEps + Spearman,Ordinal('MEN_PROP'),KruskalEpsilonSquared,3.390761335096868e-06,,False
Ordinal        | KruskalEps + Spearman,Ordinal('MEN_PAUV'),KruskalEpsilonSquared,5.727768097535917e-06,,False
Ordinal        | KruskalEps + Spearman,Ordinal('COEFASS'),KruskalEpsilonSquared,4.2509953222379836e-05,,False
Ordinal        | KruskalEps + Spearman,Ordinal('DISTANCE_111'),KruskalEpsilonSquared,2.2486555404964073e-07,,False
Ordinal        | KruskalEps + Spearman,Ordinal('DISTANCE_112'),KruskalEpsilonSquared,1.6719599680109176e-05,,False
Ordinal        | KruskalEps + Spearman,Ordinal('DISTANCE_121'),KruskalEpsilonSquared,1.3766211554949611e-05,,False
Ordinal        | KruskalEps + Spearman,Ordinal('DISTANCE_122'),KruskalEpsilonSquared,1.1936009105146144e-05,,False
Ordinal        | KruskalEps + Spearman,Ordinal('DISTANCE_123'),KruskalEpsilonSquared,6.705854480314791e-05,,False
Ordinal        | KruskalEps + Spearman,Ordinal('DISTANCE_124'),KruskalEpsilonSquared,,,False
Ordinal        | KruskalEps + Spearman,Ordinal('DISTANCE_131'),KruskalEpsilonSquared,1.5601239318314376e-06,,False
Ordinal        | KruskalEps + Spearman,Ordinal('DISTANCE_132'),KruskalEpsilonSquared,9.987537443791273e-05,,False
Ordinal        | KruskalEps + Spearman,Ordinal('DISTANCE_133'),KruskalEpsilonSquared,1.6189829299716074e-05,,False
Ordinal        | KruskalEps + Spearman,Ordinal('DISTANCE_141'),KruskalEpsilonSquared,1.3041079870404027e-05,,False
Ordinal        | KruskalEps + Spearman,Ordinal('DISTANCE_142'),KruskalEpsilonSquared,,,False
Ordinal        | KruskalEps + Spearman,Ordinal('DISTANCE_211'),KruskalEpsilonSquared,7.68384327541784e-05,,False
Ordinal        | KruskalEps + Spearman,Ordinal('DISTANCE_221'),KruskalEpsilonSquared,1.5366713802078827e-05,,False
Ordinal        | KruskalEps + Spearman,Ordinal('DISTANCE_222'),KruskalEpsilonSquared,6.410050795710296e-05,,False
Ordinal        | KruskalEps + Spearman,Ordinal('DISTANCE_223'),KruskalEpsilonSquared,0.0001962216771887016,,False
Ordinal        | KruskalEps + Spearman,Ordinal('DISTANCE_231'),KruskalEpsilonSquared,1.597371622015388e-05,,False
Ordinal        | KruskalEps + Spearman,Ordinal('DISTANCE_242'),KruskalEpsilonSquared,5.033983355384713e-05,,False
Ordinal        | KruskalEps + Spearman,Ordinal('DISTANCE_243'),KruskalEpsilonSquared,1.046411829303077e-06,,False
Ordinal        | KruskalEps + Spearman,Ordinal('DISTANCE_244'),KruskalEpsilonSquared,,,False
Ordinal        | KruskalEps + Spearman,Ordinal('DISTANCE_311'),KruskalEpsilonSquared,0.00011643425645123587,,False
Ordinal        | KruskalEps + Spearman,Ordinal('DISTANCE_312'),KruskalEpsilonSquared,,,False
Ordinal        | KruskalEps + Spearman,Ordinal('DISTANCE_313'),KruskalEpsilonSquared,,,False
Ordinal        | KruskalEps + Spearman,Ordinal('DISTANCE_321'),KruskalEpsilonSquared,0.00012294614646139043,,False
Ordinal        | KruskalEps + Spearman,Ordinal('DISTANCE_322'),KruskalEpsilonSquared,5.687515601887906e-06,,False
Ordinal        | KruskalEps + Spearman,Ordinal('DISTANCE_324'),KruskalEpsilonSquared,,,False
Ordinal        | KruskalEps + Spearman,Ordinal('DISTANCE_331'),KruskalEpsilonSquared,1.4196628909312143e-07,,False
Ordinal        | KruskalEps + Spearman,Ordinal('DISTANCE_332'),KruskalEpsilonSquared,6.50546043608793e-05,,False
Ordinal        | KruskalEps + Spearman,Ordinal('DISTANCE_333'),KruskalEpsilonSquared,7.577681909951359e-07,,False
Ordinal        | KruskalEps + Spearman,Ordinal('DISTANCE_412'),KruskalEpsilonSquared,1.1522425858551896e-05,,False
Ordinal        | KruskalEps + Spearman,Ordinal('DISTANCE_421'),KruskalEpsilonSquared,1.2451701313485053e-05,,False
Ordinal        | KruskalEps + Spearman,Ordinal('DISTANCE_422'),KruskalEpsilonSquared,9.252791403502775e-05,,False
Ordinal        | KruskalEps + Spearman,Ordinal('DISTANCE_423'),KruskalEpsilonSquared,1.9160580923908234e-05,,False
Ordinal        | KruskalEps + Spearman,Ordinal('DISTANCE_511'),KruskalEpsilonSquared,3.468435537294287e-05,,False
Ordinal        | KruskalEps + Spearman,Ordinal('DISTANCE_512'),KruskalEpsilonSquared,2.183444348218991e-05,,False
Ordinal        | KruskalEps + Spearman,Ordinal('DISTANCE_521'),KruskalEpsilonSquared,1.947306481958763e-05,,False
Ordinal        | KruskalEps + Spearman,Ordinal('DISTANCE_522'),KruskalEpsilonSquared,8.508577833425645e-06,,False
Ordinal        | KruskalEps + Spearman,Ordinal('DISTANCE_523'),KruskalEpsilonSquared,1.319510176966192e-05,,False
Ordinal        | KruskalEps + Spearman,Ordinal('PROPORTION_22'),KruskalEpsilonSquared,1.5815981045602747e-05,,False
Ordinal        | KruskalEps + Spearman,Ordinal('PROPORTION_23'),KruskalEpsilonSquared,2.0729900885963218e-05,,False
Ordinal        | KruskalEps + Spearman,Ordinal('PROPORTION_24'),KruskalEpsilonSquared,7.614363594710985e-05,,False
Ordinal        | KruskalEps + Spearman,Ordinal('PROPORTION_31'),KruskalEpsilonSquared,9.506736032782906e-05,,False
Ordinal        | KruskalEps + Spearman,Ordinal('PROPORTION_32'),KruskalEpsilonSquared,1.0646641324088923e-06,,False
Ordinal        | KruskalEps + Spearman,Ordinal('MEN_1IND'),KruskalEpsilonSquared,3.915020534998661e-05,,False
Ordinal        | KruskalEps + Spearman,Ordinal('MEN_5IND'),KruskalEpsilonSquared,1.1724570693828337e-05,,False
Ordinal        | KruskalEps + Spearman,Ordinal('LOG_A2_A3'),KruskalEpsilonSquared,2.6106497846654347e-05,,False
Ordinal        | KruskalEps + Spearman,Ordinal('IND_Y3_Y4'),KruskalEpsilonSquared,2.5190795190938664e-05,,False
Ordinal        | KruskalEps + Spearman,Ordinal('IND_Y5_Y6'),KruskalEpsilonSquared,2.937781706457956e-05,,False
Ordinal        | KruskalEps + Spearman,Ordinal('IND_Y8_Y9'),KruskalEpsilonSquared,4.680219357854475e-05,,False
Ordinal        | KruskalEps + Spearman,Ordinal('DISTANCE_1'),KruskalEpsilonSquared,2.0184883367766226e-05,,False
Ordinal        | KruskalEps + Spearman,Ordinal('DISTANCE_2'),KruskalEpsilonSquared,,,False
Ordinal        | KruskalEps + Spearman,Ordinal('ALTITUDE_1'),KruskalEpsilonSquared,0.00011114101179695326,,False
Ordinal        | KruskalEps + Spearman,Ordinal('ALTITUDE_2'),KruskalEpsilonSquared,9.105352231072299e-05,,False
Ordinal        | KruskalEps + Spearman,Ordinal('ALTITUDE_3'),KruskalEpsilonSquared,8.340250333237746e-05,,False
Ordinal        | KruskalEps + Spearman,Ordinal('ALTITUDE_4'),KruskalEpsilonSquared,5.036993598824002e-05,,False
Ordinal        | KruskalEps + Spearman,Ordinal('ALTITUDE_5'),KruskalEpsilonSquared,8.660754722441122e-05,,False
Ordinal        | KruskalEps + Spearman,Ordinal('NBJTX25_MM_A'),KruskalEpsilonSquared,1.6861366715704153e-05,,False
Ordinal        | KruskalEps + Spearman,Ordinal('NBJTX25_MMAX_A'),KruskalEpsilonSquared,4.7152510060738524e-05,,False
Ordinal        | KruskalEps + Spearman,Ordinal('NBJTX25_MSOM_A'),KruskalEpsilonSquared,1.6861366715704153e-05,,False
Ordinal        | KruskalEps + Spearman,Ordinal('NBJTX0_MM_A'),KruskalEpsilonSquared,5.449022189744687e-05,,False
Ordinal        | KruskalEps + Spearman,Ordinal('NBJTX0_MMAX_A'),KruskalEpsilonSquared,9.947903913597984e-05,,False
Ordinal        | KruskalEps + Spearman,Ordinal('NBJTX0_MSOM_A'),KruskalEpsilonSquared,5.449022189744687e-05,,False
Ordinal        | KruskalEps + Spearman,Ordinal('NBJTXI27_MM_A'),KruskalEpsilonSquared,4.8053154964411436e-05,,False
Ordinal        | KruskalEps + Spearman,Ordinal('NBJTXI27_MMAX_A'),KruskalEpsilonSquared,3.443884646031102e-05,,False
Ordinal        | KruskalEps + Spearman,Ordinal('NBJTXI27_MSOM_A'),KruskalEpsilonSquared,4.8053154964411436e-05,,False
Ordinal        | KruskalEps + Spearman,Ordinal('NBJTXS32_MM_A'),KruskalEpsilonSquared,4.1178670733205675e-05,,False
Ordinal        | KruskalEps + Spearman,Ordinal('NBJTXS32_MMAX_A'),KruskalEpsilonSquared,3.3605371204762865e-05,,False
Ordinal        | KruskalEps + Spearman,Ordinal('NBJTXS32_MSOM_A'),KruskalEpsilonSquared,4.1178670733205675e-05,,False
Ordinal        | KruskalEps + Spearman,Ordinal('NBJTXI20_MM_A'),KruskalEpsilonSquared,6.69632376744231e-05,,False
Ordinal        | KruskalEps + Spearman,Ordinal('NBJTXI20_MMAX_A'),KruskalEpsilonSquared,1.9314507784837997e-05,,False
Ordinal        | KruskalEps + Spearman,Ordinal('NBJTXI20_MSOM_A'),KruskalEpsilonSquared,6.69632376744231e-05,,False
Ordinal        | KruskalEps + Spearman,Ordinal('NBJTX30_MM_A'),KruskalEpsilonSquared,5.791642723450708e-05,,False
Ordinal        | KruskalEps + Spearman,Ordinal('NBJTX30_MMAX_A'),KruskalEpsilonSquared,5.956288485558399e-05,,False
Ordinal        | KruskalEps + Spearman,Ordinal('NBJTX30_MSOM_A'),KruskalEpsilonSquared,5.791642723450708e-05,,False
Ordinal        | KruskalEps + Spearman,Ordinal('NBJTX35_MM_A'),KruskalEpsilonSquared,1.6951394136552633e-05,,False
Ordinal        | KruskalEps + Spearman,Ordinal('NBJTX35_MMAX_A'),KruskalEpsilonSquared,1.9218467844853544e-05,,False
Ordinal        | KruskalEps + Spearman,Ordinal('NBJTX35_MSOM_A'),KruskalEpsilonSquared,1.6951394136552633e-05,,False
Ordinal        | KruskalEps + Spearman,Ordinal('NBJTN10_MM_A'),KruskalEpsilonSquared,2.9477922030013225e-05,,False
Ordinal        | KruskalEps + Spearman,Ordinal('NBJTN10_MMAX_A'),KruskalEpsilonSquared,2.5318735784800635e-05,,False
Ordinal        | KruskalEps + Spearman,Ordinal('NBJTN10_MSOM_A'),KruskalEpsilonSquared,2.9477922030013225e-05,,False
Ordinal        | KruskalEps + Spearman,Ordinal('NBJTNI10_MM_A'),KruskalEpsilonSquared,2.051916449562504e-05,,False
Ordinal        | KruskalEps + Spearman,Ordinal('NBJTNI10_MMAX_A'),KruskalEpsilonSquared,2.734914346970402e-06,,False
Ordinal        | KruskalEps + Spearman,Ordinal('NBJTNI10_MSOM_A'),KruskalEpsilonSquared,2.051916449562504e-05,,False
Ordinal        | KruskalEps + Spearman,Ordinal('NBJTN5_MM_A'),KruskalEpsilonSquared,4.2366620247376985e-05,,False
Ordinal        | KruskalEps + Spearman,Ordinal('NBJTN5_MMAX_A'),KruskalEpsilonSquared,3.329190011295369e-05,,False
Ordinal        | KruskalEps + Spearman,Ordinal('NBJTN5_MSOM_A'),KruskalEpsilonSquared,4.2366620247376985e-05,,False
Ordinal        | KruskalEps + Spearman,Ordinal('NBJTNS25_MM_A'),KruskalEpsilonSquared,,,False
Ordinal        | KruskalEps + Spearman,Ordinal('NBJTNS25_MMAX_A'),KruskalEpsilonSquared,,,False
Ordinal        | KruskalEps + Spearman,Ordinal('NBJTNS25_MSOM_A'),KruskalEpsilonSquared,,,False
Ordinal        | KruskalEps + Spearman,Ordinal('NBJTNI15_MM_A'),KruskalEpsilonSquared,3.082505640149689e-05,,False
Ordinal        | KruskalEps + Spearman,Ordinal('NBJTNI15_MMAX_A'),KruskalEpsilonSquared,,,False
Ordinal        | KruskalEps + Spearman,Ordinal('NBJTNI15_MSOM_A'),KruskalEpsilonSquared,3.082505640149689e-05,,False
Ordinal        | KruskalEps + Spearman,Ordinal('NBJTNI20_MM_A'),KruskalEpsilonSquared,2.207159232701615e-05,,False
Ordinal        | KruskalEps + Spearman,Ordinal('NBJTNI20_MMAX_A'),KruskalEpsilonSquared,,,False
Ordinal        | KruskalEps + Spearman,Ordinal('NBJTNI20_MSOM_A'),KruskalEpsilonSquared,2.207159232701615e-05,,False
Ordinal        | KruskalEps + Spearman,Ordinal('NBJTNS20_MM_A'),KruskalEpsilonSquared,4.2793394817431165e-05,,False
Ordinal        | KruskalEps + Spearman,Ordinal('NBJTNS20_MMAX_A'),KruskalEpsilonSquared,1.007225214826085e-05,,False
Ordinal        | KruskalEps + Spearman,Ordinal('NBJTNS20_MSOM_A'),KruskalEpsilonSquared,4.2793394817431165e-05,,False
Ordinal        | KruskalEps + Spearman,Ordinal('NBJTMS24_MM_A'),KruskalEpsilonSquared,2.7477547529187233e-05,,False
Ordinal        | KruskalEps + Spearman,Ordinal('NBJTMS24_MMAX_A'),KruskalEpsilonSquared,3.114591833190222e-05,,False
Ordinal        | KruskalEps + Spearman,Ordinal('NBJTMS24_MSOM_A'),KruskalEpsilonSquared,2.7477547529187233e-05,,False
Ordinal        | KruskalEps + Spearman,Ordinal('TAMPLIAB_VOR_MM_A'),KruskalEpsilonSquared,9.098005655218263e-05,,False
Ordinal        | KruskalEps + Spearman,Ordinal('TAMPLIAB_VOR_MMAX_A'),KruskalEpsilonSquared,1.6469678956786153e-05,,False
Ordinal        | KruskalEps + Spearman,Ordinal('TAMPLIM_VOR_MM_A'),KruskalEpsilonSquared,8.943488932558543e-05,,False
Ordinal        | KruskalEps + Spearman,Ordinal('TAMPLIM_VOR_MMAX_A'),KruskalEpsilonSquared,1.615358402656173e-05,,False
Ordinal        | KruskalEps + Spearman,Ordinal('TM_VOR_MM_A'),KruskalEpsilonSquared,5.229482964389428e-05,,False
Ordinal        | KruskalEps + Spearman,Ordinal('TM_VOR_MMAX_A'),KruskalEpsilonSquared,4.293673712298391e-05,,False
Ordinal        | KruskalEps + Spearman,Ordinal('TMM_VOR_MM_A'),KruskalEpsilonSquared,2.875551010121886e-05,,False
Ordinal        | KruskalEps + Spearman,Ordinal('TMM_VOR_MMAX_A'),KruskalEpsilonSquared,2.9667801753347844e-05,,False
Ordinal        | KruskalEps + Spearman,Ordinal('TMMAX_VOR_MM_A'),KruskalEpsilonSquared,5.6562405397059385e-05,,False
Ordinal        | KruskalEps + Spearman,Ordinal('TMMAX_VOR_MMAX_A'),KruskalEpsilonSquared,3.5076857831491274e-05,,False
Ordinal        | KruskalEps + Spearman,Ordinal('TMMIN_VOR_MM_A'),KruskalEpsilonSquared,5.721936949587457e-05,,False
Ordinal        | KruskalEps + Spearman,Ordinal('TMMIN_VOR_MMAX_A'),KruskalEpsilonSquared,7.702584195564598e-06,,False
Ordinal        | KruskalEps + Spearman,Ordinal('TN_VOR_MM_A'),KruskalEpsilonSquared,3.9489111841491215e-05,,False
Ordinal        | KruskalEps + Spearman,Ordinal('TN_VOR_MMAX_A'),KruskalEpsilonSquared,3.520654863539745e-05,,False
Ordinal        | KruskalEps + Spearman,Ordinal('TNAB_VOR_MM_A'),KruskalEpsilonSquared,2.771708328465437e-05,,False
Ordinal        | KruskalEps + Spearman,Ordinal('TNAB_VOR_MMAX_A'),KruskalEpsilonSquared,3.935331309335749e-05,,False
Ordinal        | KruskalEps + Spearman,Ordinal('TNMAX_VOR_MM_A'),KruskalEpsilonSquared,2.5673827440953476e-05,,False
Ordinal        | KruskalEps + Spearman,Ordinal('TNMAX_VOR_MMAX_A'),KruskalEpsilonSquared,3.897665965606641e-05,,False
Ordinal        | KruskalEps + Spearman,Ordinal('TX_VOR_MM_A'),KruskalEpsilonSquared,5.340217960617181e-05,,False
Ordinal        | KruskalEps + Spearman,Ordinal('TX_VOR_MMAX_A'),KruskalEpsilonSquared,2.021610229826527e-05,,False
Ordinal        | KruskalEps + Spearman,Ordinal('TXAB_VOR_MM_A'),KruskalEpsilonSquared,6.596094078760362e-05,,False
Ordinal        | KruskalEps + Spearman,Ordinal('TXAB_VOR_MMAX_A'),KruskalEpsilonSquared,3.8071131353993846e-05,,False
Ordinal        | KruskalEps + Spearman,Ordinal('TXMIN_VOR_MM_A'),KruskalEpsilonSquared,2.5142401361384843e-05,,False
Ordinal        | KruskalEps + Spearman,Ordinal('TXMIN_VOR_MMAX_A'),KruskalEpsilonSquared,1.4343066693729077e-06,,False
Ordinal        | KruskalEps + Spearman,Ordinal('NBJFF10_MM_A'),KruskalEpsilonSquared,0.00012685895470133533,,False
Ordinal        | KruskalEps + Spearman,Ordinal('NBJFF10_MMAX_A'),KruskalEpsilonSquared,0.00010863060361288528,,False
Ordinal        | KruskalEps + Spearman,Ordinal('NBJFF10_MSOM_A'),KruskalEpsilonSquared,0.00012685895470133533,,False
Ordinal        | KruskalEps + Spearman,Ordinal('NBJFF16_MM_A'),KruskalEpsilonSquared,3.548757073071042e-05,,False
Ordinal        | KruskalEps + Spearman,Ordinal('NBJFF16_MMAX_A'),KruskalEpsilonSquared,8.073052909050942e-05,,False
Ordinal        | KruskalEps + Spearman,Ordinal('NBJFF16_MSOM_A'),KruskalEpsilonSquared,3.548757073071042e-05,,False
Ordinal        | KruskalEps + Spearman,Ordinal('NBJFF28_MM_A'),KruskalEpsilonSquared,6.0773377193968404e-05,,False
Ordinal        | KruskalEps + Spearman,Ordinal('NBJFF28_MMAX_A'),KruskalEpsilonSquared,2.2278956606343686e-06,,False
Ordinal        | KruskalEps + Spearman,Ordinal('NBJFF28_MSOM_A'),KruskalEpsilonSquared,6.0773377193968404e-05,,False
Ordinal        | KruskalEps + Spearman,Ordinal('NBJFXI3S10_MM_A'),KruskalEpsilonSquared,0.00013163205219047765,,False
Ordinal        | KruskalEps + Spearman,Ordinal('NBJFXI3S10_MMAX_A'),KruskalEpsilonSquared,0.00012779087255932942,,False
Ordinal        | KruskalEps + Spearman,Ordinal('NBJFXI3S10_MSOM_A'),KruskalEpsilonSquared,0.00013163205219047765,,False
Ordinal        | KruskalEps + Spearman,Ordinal('NBJFXI3S16_MM_A'),KruskalEpsilonSquared,2.9351650549041232e-05,,False
Ordinal        | KruskalEps + Spearman,Ordinal('NBJFXI3S16_MMAX_A'),KruskalEpsilonSquared,8.843617149500562e-05,,False
Ordinal        | KruskalEps + Spearman,Ordinal('NBJFXI3S16_MSOM_A'),KruskalEpsilonSquared,2.9351650549041232e-05,,False
Ordinal        | KruskalEps + Spearman,Ordinal('NBJFXI3S28_MM_A'),KruskalEpsilonSquared,0.00011283719178009462,,False
Ordinal        | KruskalEps + Spearman,Ordinal('NBJFXI3S28_MMAX_A'),KruskalEpsilonSquared,4.102318270160395e-06,,False
Ordinal        | KruskalEps + Spearman,Ordinal('NBJFXI3S28_MSOM_A'),KruskalEpsilonSquared,0.00011283719178009462,,False
Ordinal        | KruskalEps + Spearman,Ordinal('NBJFXY8_MM_A'),KruskalEpsilonSquared,0.00010905461767638458,,False
Ordinal        | KruskalEps + Spearman,Ordinal('NBJFXY8_MMAX_A'),KruskalEpsilonSquared,0.00013509666642576046,,False
Ordinal        | KruskalEps + Spearman,Ordinal('NBJFXY8_MSOM_A'),KruskalEpsilonSquared,0.00010905461767638458,,False
Ordinal        | KruskalEps + Spearman,Ordinal('NBJFXY10_MM_A'),KruskalEpsilonSquared,8.847019184108462e-05,,False
Ordinal        | KruskalEps + Spearman,Ordinal('NBJFXY10_MMAX_A'),KruskalEpsilonSquared,9.031955631029075e-05,,False
Ordinal        | KruskalEps + Spearman,Ordinal('NBJFXY10_MSOM_A'),KruskalEpsilonSquared,8.847019184108462e-05,,False
Ordinal        | KruskalEps + Spearman,Ordinal('NBJFXY15_MM_A'),KruskalEpsilonSquared,6.00085691697895e-06,,False
Ordinal        | KruskalEps + Spearman,Ordinal('NBJFXY15_MMAX_A'),KruskalEpsilonSquared,4.611691665563952e-05,,False
Ordinal        | KruskalEps + Spearman,Ordinal('NBJFXY15_MSOM_A'),KruskalEpsilonSquared,6.00085691697895e-06,,False
Ordinal        | KruskalEps + Spearman,Ordinal('FFM_VOR_MM_A'),KruskalEpsilonSquared,3.424766817868802e-05,,False
Ordinal        | KruskalEps + Spearman,Ordinal('FFM_VOR_MMAX_A'),KruskalEpsilonSquared,8.657931105786516e-05,,False
Ordinal        | KruskalEps + Spearman,Ordinal('FXI3SAB_VOR_MM_A'),KruskalEpsilonSquared,4.9503738661541225e-05,,False
Ordinal        | KruskalEps + Spearman,Ordinal('FXI3SAB_VOR_MMAX_A'),KruskalEpsilonSquared,4.948123154262675e-05,,False
Ordinal        | KruskalEps + Spearman,Ordinal('FXIAB_VOR_MM_A'),KruskalEpsilonSquared,1.370814983450438e-05,,False
Ordinal        | KruskalEps + Spearman,Ordinal('FXIAB_VOR_MMAX_A'),KruskalEpsilonSquared,5.764438432738477e-05,,False
Ordinal        | KruskalEps + Spearman,Ordinal('FXYAB_VOR_MM_A'),KruskalEpsilonSquared,4.754874682589204e-05,,False
Ordinal        | KruskalEps + Spearman,Ordinal('FXYAB_VOR_MMAX_A'),KruskalEpsilonSquared,3.17003367778757e-05,,False
Ordinal        | KruskalEps + Spearman,Ordinal('FFM_VOR_COM_MM_A_Y'),KruskalEpsilonSquared,8.311983220789425e-05,,False
Ordinal        | KruskalEps + Spearman,Ordinal('FFM_VOR_COM_MMAX_A_Y'),KruskalEpsilonSquared,0.00010845103206313204,,False
Ordinal        | KruskalEps + Spearman,Ordinal('FXI3SAB_VOR_COM_MM_A_Y'),KruskalEpsilonSquared,9.037604123833054e-05,,False
Ordinal        | KruskalEps + Spearman,Ordinal('FXI3SAB_VOR_COM_MMAX_A_Y'),KruskalEpsilonSquared,9.00846209740353e-05,,False
Ordinal        | KruskalEps + Spearman,Ordinal('NBJRR50_MM_A'),KruskalEpsilonSquared,8.703432217270344e-05,,False
Ordinal        | KruskalEps + Spearman,Ordinal('NBJRR50_MMAX_A'),KruskalEpsilonSquared,0.00016365914088420114,,False
Ordinal        | KruskalEps + Spearman,Ordinal('NBJRR50_MSOM_A'),KruskalEpsilonSquared,8.703432217270344e-05,,False
Ordinal        | KruskalEps + Spearman,Ordinal('NBJRR1_MM_A'),KruskalEpsilonSquared,3.290298063101991e-05,,False
Ordinal        | KruskalEps + Spearman,Ordinal('NBJRR1_MMAX_A'),KruskalEpsilonSquared,5.606441313679556e-05,,False
Ordinal        | KruskalEps + Spearman,Ordinal('NBJRR1_MSOM_A'),KruskalEpsilonSquared,3.290298063101991e-05,,False
Ordinal        | KruskalEps + Spearman,Ordinal('NBJRR5_MM_A'),KruskalEpsilonSquared,5.778927785324067e-05,,False
Ordinal        | KruskalEps + Spearman,Ordinal('NBJRR5_MMAX_A'),KruskalEpsilonSquared,8.587033112487848e-05,,False
Ordinal        | KruskalEps + Spearman,Ordinal('NBJRR5_MSOM_A'),KruskalEpsilonSquared,5.778927785324067e-05,,False
Ordinal        | KruskalEps + Spearman,Ordinal('NBJRR10_MM_A'),KruskalEpsilonSquared,0.00013669163324405128,,False
Ordinal        | KruskalEps + Spearman,Ordinal('NBJRR10_MMAX_A'),KruskalEpsilonSquared,0.0001681701458350186,,False
Ordinal        | KruskalEps + Spearman,Ordinal('NBJRR10_MSOM_A'),KruskalEpsilonSquared,0.00013669163324405128,,False
Ordinal        | KruskalEps + Spearman,Ordinal('NBJRR30_MM_A'),KruskalEpsilonSquared,0.00012221836281017855,,False
Ordinal        | KruskalEps + Spearman,Ordinal('NBJRR30_MMAX_A'),KruskalEpsilonSquared,7.860978024927776e-05,,False
Ordinal        | KruskalEps + Spearman,Ordinal('NBJRR30_MSOM_A'),KruskalEpsilonSquared,0.00012221836281017855,,False
Ordinal        | KruskalEps + Spearman,Ordinal('NBJRR100_MM_A'),KruskalEpsilonSquared,1.4516333045745274e-05,,False
Ordinal        | KruskalEps + Spearman,Ordinal('NBJRR100_MMAX_A'),KruskalEpsilonSquared,2.742943220442406e-05,,False
Ordinal        | KruskalEps + Spearman,Ordinal('NBJRR100_MSOM_A'),KruskalEpsilonSquared,1.4516333045745274e-05,,False
Ordinal        | KruskalEps + Spearman,Ordinal('RR_VOR_MM_A'),KruskalEpsilonSquared,0.00011592957221194736,,False
Ordinal        | KruskalEps + Spearman,Ordinal('RR_VOR_MMAX_A'),KruskalEpsilonSquared,0.00010239873561125372,,False
Ordinal        | KruskalEps + Spearman,Ordinal('RRAB_VOR_MM_A'),KruskalEpsilonSquared,9.159468617406316e-05,,False
Ordinal        | KruskalEps + Spearman,Ordinal('RRAB_VOR_MMAX_A'),KruskalEpsilonSquared,0.0001352958202795778,,False
Ordinal        | KruskalEps + Spearman,Ordinal('SURFACE4'),KruskalEpsilonSquared,0.002262816938395493,,False
Ordinal        | KruskalEps + Spearman,Ordinal('total_surface_2023'),KruskalEpsilonSquared,1.4321270412628173e-05,,False
Ordinal        | KruskalEps + Spearman,Ordinal('total_surface_5y'),KruskalEpsilonSquared,6.75852452282176e-05,,False
Ordinal        | KruskalEps + Spearman,Ordinal('surface_over_forest'),KruskalEpsilonSquared,1.789976883822267e-05,,False
Ordinal        | KruskalEps + Spearman,Ordinal('fire_extinction_rates'),KruskalEpsilonSquared,6.437318269618704e-06,,False
Ordinal        | KruskalEta + Pearson,Numerical('KAPITAL32'),Pearson,0.0571741442252846,0.0,True
Ordinal        | KruskalEta + Pearson,Numerical('SURFACE7'),Pearson,0.055010499131515594,1.0,True
Ordinal        | KruskalEta + Pearson,Numerical('SURFACE10'),Pearson,0.0533143590039491,2.0,True
Ordinal        | KruskalEta + Pearson,Numerical('KAPITAL_MAX'),Pearson,0.053242130088282644,3.0,True
Ordinal        | KruskalEta + Pearson,Numerical('SURFACE11'),Pearson,0.05322733498949681,4.0,True
Ordinal        | KruskalEta + Pearson,Numerical('NBBAT1'),Pearson,0.047523225530202946,5.0,True
Ordinal        | KruskalEta + Pearson,Numerical('KAPITAL21'),Pearson,0.04357169966722371,6.0,True
Ordinal        | KruskalEta + Pearson,Numerical('NBSINSTRT'),Pearson,0.04148023257397609,7.0,True
Ordinal        | KruskalEta + Pearson,Numerical('KAPITAL23'),Pearson,0.04050048860413604,8.0,True
Ordinal        | KruskalEta + Pearson,Numerical('EQUIPEMENT6'),Pearson,0.03725056785971212,9.0,True
Ordinal        | KruskalEta + Pearson,Numerical('KAPITAL10'),Pearson,0.0319036872679038,10.0,True
Ordinal        | KruskalEta + Pearson,Numerical('SURFACE17'),Pearson,0.02997849370192884,11.0,True
Ordinal        | KruskalEta + Pearson,Numerical('KAPITAL8'),Pearson,0.029635668802169196,12.0,True
Ordinal        | KruskalEta + Pearson,Numerical('KAPITAL24'),Pearson,0.02786791906167379,13.0,True
Ordinal        | KruskalEta + Pearson,Numerical('NBSINCONJ'),Pearson,0.027491127984413458,14.0,True
Ordinal        | KruskalEta + Pearson,Numerical('KAPITAL27'),Pearson,0.026023927035328777,15.0,True
Ordinal        | KruskalEta + Pearson,Numerical('KAPITAL3'),Pearson,0.02430873930969395,16.0,True
Ordinal        | KruskalEta + Pearson,Numerical('KAPITAL14'),Pearson,0.024267640039774066,17.0,True
Ordinal        | KruskalEta + Pearson,Numerical('TAILLE3'),Pearson,0.019752546235331035,18.0,True
Ordinal        | KruskalEta + Pearson,Numerical('KAPITAL25'),Pearson,-0.019202143521469546,19.0,True
Ordinal        | KruskalEta + Pearson,Numerical('NBBAT2'),Pearson,0.01898980000793807,20.0,True
Ordinal        | KruskalEta + Pearson,Numerical('CA3_CA_TOT'),Pearson,-0.018896409659877926,21.0,True
Ordinal        | KruskalEta + Pearson,Numerical('EQUIPEMENT1'),Pearson,0.01740517196397469,22.0,True
Ordinal        | KruskalEta + Pearson,Numerical('NBBAT8'),Pearson,0.015476369736851238,23.0,True
Ordinal        | KruskalEta + Pearson,Numerical('NBBAT9'),Pearson,0.014094984663559301,24.0,True
Ordinal        | KruskalEta + Pearson,Numerical('KAPITAL20'),Pearson,0.012856631432090586,25.0,True
Ordinal        | KruskalEta + Pearson,Numerical('CARACT5'),Pearson,0.012049297968420676,26.0,True
Ordinal        | KruskalEta + Pearson,Numerical('ZONE_VENT'),Pearson,0.011886979438915717,27.0,True
Ordinal        | KruskalEta + Pearson,Numerical('NBBAT6'),Pearson,0.011157343644214819,28.0,True
Ordinal        | KruskalEta + Pearson,Numerical('SURFACE14'),Pearson,0.010750560596400852,29.0,True
Ordinal        | KruskalEta + Pearson,Numerical('SURFACE13'),Pearson,-0.010406604606600992,30.0,True
Ordinal        | KruskalEta + Pearson,Numerical('RISK2'),Pearson,-0.00999646741662434,31.0,True
Ordinal        | KruskalEta + Pearson,Numerical('RISK5'),Pearson,-0.00998413732195781,32.0,True
Ordinal        | KruskalEta + Pearson,Numerical('RISK1'),Pearson,-0.009969042423235616,33.0,True
Ordinal        | KruskalEta + Pearson,Numerical('RISK4'),Pearson,-0.009965457529446121,34.0,True
Ordinal        | KruskalEta + Pearson,Numerical('KAPITAL17'),Pearson,0.009770483780679884,35.0,True
Ordinal        | KruskalEta + Pearson,Numerical('DEROG1'),Pearson,0.009678893247865769,36.0,True
Ordinal        | KruskalEta + Pearson,Numerical('DEROG11'),Pearson,0.009324498404343523,37.0,True
Ordinal        | KruskalEta + Pearson,Numerical('KAPITAL1'),Pearson,0.009247665197232417,38.0,True
Ordinal        | KruskalEta + Pearson,Numerical('DEROG10'),Pearson,0.00918691761913487,39.0,True
Ordinal        | KruskalEta + Pearson,Numerical('DEROG8_formatted'),Pearson,-0.009000785941886594,40.0,True
Ordinal        | KruskalEta + Pearson,Numerical('SURFACE21'),Pearson,0.008615481440415285,41.0,True
Ordinal        | KruskalEta + Pearson,Numerical('NBBAT7'),Pearson,0.008082536019046927,42.0,True
Ordinal        | KruskalEta + Pearson,Numerical('DEROG6'),Pearson,0.007974867540699372,43.0,True
Ordinal        | KruskalEta + Pearson,Numerical('EQUIPEMENT4'),Pearson,0.007910065750279013,44.0,True
Ordinal        | KruskalEta + Pearson,Numerical('CA3_CA_MEAN'),Pearson,0.007584728263149997,45.0,True
Ordinal        | KruskalEta + Pearson,Numerical('DEROG7'),Pearson,0.007567877436386106,46.0,True
Ordinal        | KruskalEta + Pearson,Numerical('TYPBAT2'),Pearson,0.007332346407375174,47.0,True
Ordinal        | KruskalEta + Pearson,Numerical('DUREE_REQANEUF'),Pearson,0.006742844365298326,48.0,True
Ordinal        | KruskalEta + Pearson,Numerical('ANCIENNETE'),Pearson,0.006385951023573553,49.0,True
Ordinal        | KruskalEta + Pearson,Numerical('CARACT2'),Pearson,-0.001256212398380183,,False
Ordinal        | KruskalEta + Pearson,Numerical('DEROG9'),Pearson,0.0009677078576223946,,False
Ordinal        | KruskalEta + Pearson,Numerical('DEROG15'),Pearson,0.0008219624301730977,,False
Ordinal        | KruskalEta + Pearson,Numerical('CA1'),Pearson,0.005757166155447537,,False
Ordinal        | KruskalEta + Pearson,Numerical('CA2'),Pearson,,,False
Ordinal        | KruskalEta + Pearson,Numerical('CA3'),Pearson,0.005080742168217133,,False
Ordinal        | KruskalEta + Pearson,Numerical('KAPITAL2'),Pearson,-0.0006176102163728362,,False
Ordinal        | KruskalEta + Pearson,Numerical('KAPITAL4'),Pearson,0.0020888001996713277,,False
Ordinal        | KruskalEta + Pearson,Numerical('KAPITAL5'),Pearson,0.0025137116251833388,,False
Ordinal        | KruskalEta + Pearson,Numerical('KAPITAL6'),Pearson,0.04256924116638516,,False
Ordinal        | KruskalEta + Pearson,Numerical('KAPITAL7'),Pearson,0.03669673547280108,,False
Ordinal        | KruskalEta + Pearson,Numerical('KAPITAL9'),Pearson,0.025012782305900757,,False
Ordinal        | KruskalEta + Pearson,Numerical('KAPITAL11'),Pearson,0.018970781123108963,,False
Ordinal        | KruskalEta + Pearson,Numerical('KAPITAL12'),Pearson,0.049292847253931724,,False
Ordinal        | KruskalEta + Pearson,Numerical('KAPITAL13'),Pearson,0.008794082735550742,,False
Ordinal        | KruskalEta + Pearson,Numerical('KAPITAL15'),Pearson,0.004364445808386515,,False
Ordinal        | KruskalEta + Pearson,Numerical('KAPITAL16'),Pearson,0.0034209798554797662,,False
Ordinal        | KruskalEta + Pearson,Numerical('KAPITAL18'),Pearson,0.006227985231519618,,False
Ordinal        | KruskalEta + Pearson,Numerical('KAPITAL19'),Pearson,0.004429437188641626,,False
Ordinal        | KruskalEta + Pearson,Numerical('KAPITAL22'),Pearson,-0.0015163769164137913,,False
Ordinal        | KruskalEta + Pearson,Numerical('KAPITAL26'),Pearson,0.005831644316955525,,False
Ordinal        | KruskalEta + Pearson,Numerical('KAPITAL28'),Pearson,0.004530754468597243,,False
Ordinal        | KruskalEta + Pearson,Numerical('KAPITAL29'),Pearson,-0.0008963686142469799,,False
Ordinal        | KruskalEta + Pearson,Numerical('KAPITAL30'),Pearson,0.0031678475380706177,,False
Ordinal        | KruskalEta + Pearson,Numerical('KAPITAL31'),Pearson,0.00044966764506498694,,False
Ordinal        | KruskalEta + Pearson,Numerical('KAPITAL33'),Pearson,0.0007993945306279536,,False
Ordinal        | KruskalEta + Pearson,Numerical('KAPITAL36'),Pearson,-0.0006176102163728362,,False
Ordinal        | KruskalEta + Pearson,Numerical('KAPITAL38'),Pearson,0.0020888001996713277,,False
Ordinal        | KruskalEta + Pearson,Numerical('KAPITAL39'),Pearson,0.0025137116251833388,,False
Ordinal        | KruskalEta + Pearson,Numerical('SURFACE1'),Pearson,0.05303533735072332,,False
Ordinal        | KruskalEta + Pearson,Numerical('SURFACE2'),Pearson,0.053036206306782546,,False
Ordinal        | KruskalEta + Pearson,Numerical('SURFACE3'),Pearson,0.05298906809728289,,False
Ordinal        | KruskalEta + Pearson,Numerical('SURFACE5'),Pearson,0.004122570547274558,,False
Ordinal        | KruskalEta + Pearson,Numerical('SURFACE8'),Pearson,0.01703363845053666,,False
Ordinal        | KruskalEta + Pearson,Numerical('SURFACE9'),Pearson,0.0048753464772006315,,False
Ordinal        | KruskalEta + Pearson,Numerical('SURFACE12'),Pearson,0.0023744893614831004,,False
Ordinal        | KruskalEta + Pearson,Numerical('SURFACE15'),Pearson,-0.0006478915158249216,,False
Ordinal        | KruskalEta + Pearson,Numerical('SURFACE16'),Pearson,0.005942842815236341,,False
Ordinal        | KruskalEta + Pearson,Numerical('SURFACE18'),Pearson,0.0041923195371803374,,False
Ordinal        | KruskalEta + Pearson,Numerical('SURFACE19'),Pearson,0.0002383088109968708,,False
Ordinal        | KruskalEta + Pearson,Numerical('SURFACE20'),Pearson,-0.0003769001976322045,,False
Ordinal        | KruskalEta + Pearson,Numerical('NBBAT3'),Pearson,-0.0011427746494728466,,False
Ordinal        | KruskalEta + Pearson,Numerical('NBBAT4'),Pearson,0.04751460881216633,,False
Ordinal        | KruskalEta + Pearson,Numerical('NBBAT5'),Pearson,0.0038498496659802434,,False
Ordinal        | KruskalEta + Pearson,Numerical('NBBAT10'),Pearson,0.018704759791986988,,False
Ordinal        | KruskalEta + Pearson,Numerical('NBBAT11'),Pearson,-6.901191435295108e-05,,False
Ordinal        | KruskalEta + Pearson,Numerical('NBBAT13'),Pearson,0.04607036164075194,,False
Ordinal        | KruskalEta + Pearson,Numerical('NBBAT14'),Pearson,0.002710903216919442,,False
Ordinal        | KruskalEta + Pearson,Numerical('TAILLE4'),Pearson,-0.0008039854686273289,,False
Ordinal        | KruskalEta + Pearson,Numerical('RISK3'),Pearson,-0.009975355469830166,,False
Ordinal        | KruskalEta + Pearson,Numerical('RISK7'),Pearson,-0.009654825884436087,,False
Ordinal        | KruskalEta + Pearson,Numerical('EQUIPEMENT3'),Pearson,-0.0006684093626617389,,False
Ordinal        | KruskalEta + Pearson,Numerical('EQUIPEMENT7'),Pearson,0.03670110233264957,,False
Ordinal        | KruskalEta + Pearson,Numerical('CA_TOT'),Pearson,-0.0020378562181215167,,False
Ordinal        | KruskalEta + Pearson,Numerical('CA_MEAN'),Pearson,-0.003755377170947539,,False
Ordinal        | KruskalEta + Pearson,Numerical('CA1_CA_TOT'),Pearson,-0.004496946051450475,,False
Ordinal        | KruskalEta + Pearson,Numerical('CA1_CA_MEAN'),Pearson,-0.0008580370176859464,,False
Ordinal        | KruskalEta + Pearson,Numerical('CA2_CA_TOT'),Pearson,,,False
Ordinal        | KruskalEta + Pearson,Numerical('CA2_CA_MEAN'),Pearson,,,False
Ordinal        | KruskalEta + Pearson,Numerical('Unknown'),Pearson,-0.002742913187530576,,False
Ordinal        | KruskalEta + Pearson,Numerical('Involontaire (travaux)'),Pearson,-0.00256965147060771,,False
Ordinal        | KruskalEta + Pearson,Numerical('Involontaire (particulier)'),Pearson,-0.0029918864517753377,,False
Ordinal        | KruskalEta + Pearson,Numerical('Accidentelle'),Pearson,-0.0042597490774336855,,False
Ordinal        | KruskalEta + Pearson,Numerical('Malveillance'),Pearson,-0.0041112733494484376,,False
Ordinal        | KruskalEta + Pearson,Numerical('Naturelle'),Pearson,-0.003924795263696822,,False
Ordinal        | KruskalEta + Pearson,Numerical('KAPITAL_SUM'),Pearson,0.04647895380250631,,False
Ordinal        | KruskalEta + Pearson,Numerical('DEROG13_formatted'),Pearson,0.0016888259873371482,,False
Ordinal        | KruskalEta + Pearson,Numerical('DEROG3_formatted'),Pearson,-0.008816589800010722,,False
Ordinal        | KruskalEta + Pearson,Numerical('DEROG16_formatted'),Pearson,-0.001284269043312942,,False
Ordinal        | KruskalEta + Pearson,Ordinal('SURFACE6'),KruskalEtaSquared,0.0022595657728712868,0.0,True
Ordinal        | KruskalEta + Pearson,Ordinal('TAILLE1'),KruskalEtaSquared,0.0020278315592809426,1.0,True
Ordinal        | KruskalEta + Pearson,Ordinal('TAILLE2'),KruskalEtaSquared,0.0019473479175646316,2.0,True
Ordinal        | KruskalEta + Pearson,Categorical('VOCATION'),KruskalEtaSquared,0.0018437934379632863,3.0,True
Ordinal        | KruskalEta + Pearson,Categorical('KAPITAL40'),KruskalEtaSquared,0.001820652667498118,4.0,True
Ordinal        | KruskalEta + Pearson,Categorical('TYPERS'),KruskalEtaSquared,0.00160923393132557,5.0,True
Ordinal        | KruskalEta + Pearson,Categorical('KAPITAL41'),KruskalEtaSquared,0.001345333299861772,6.0,True
Ordinal        | KruskalEta + Pearson,Categorical('KAPITAL42'),KruskalEtaSquared,0.0009004856249857377,7.0,True
Ordinal        | KruskalEta + Pearson,Categorical('RISK11'),KruskalEtaSquared,0.0008135927576890767,8.0,True
Ordinal        | KruskalEta + Pearson,Categorical('DEROG12'),KruskalEtaSquared,0.0008087761331905106,9.0,True
Ordinal        | KruskalEta + Pearson,Categorical('KAPITAL43'),KruskalEtaSquared,0.0006283878056595925,10.0,True
Ordinal        | KruskalEta + Pearson,Categorical('KAPITAL37'),KruskalEtaSquared,0.0005979967176368273,11.0,True
Ordinal        | KruskalEta + Pearson,Ordinal('HAUTEUR_MAX'),KruskalEtaSquared,0.0005038433002241173,12.0,True
Ordinal        | KruskalEta + Pearson,Categorical('ACTIVIT2'),KruskalEtaSquared,0.0004880599343805129,13.0,True
Ordinal        | KruskalEta + Pearson,Categorical('DEROG4'),KruskalEtaSquared,0.0004386973219363716,14.0,True
Ordinal        | KruskalEta + Pearson,Ordinal('BDTOPO_BAT_MAX_HAUTEUR_MAX'),KruskalEtaSquared,0.00041121336398601316,15.0,True
Ordinal        | KruskalEta + Pearson,Categorical('ZONE'),KruskalEtaSquared,0.00038795796654333194,16.0,True
Ordinal        | KruskalEta + Pearson,Categorical('RISK10'),KruskalEtaSquared,0.00036921987696997234,17.0,True
Ordinal        | KruskalEta + Pearson,Categorical('DEROG5'),KruskalEtaSquared,0.00032178730068841354,18.0,True
Ordinal        | KruskalEta + Pearson,Categorical('AN_EXERC'),KruskalEtaSquared,0.0002874003846426754,19.0,True
Ordinal        | KruskalEta + Pearson,Categorical('total_surface_crossed'),KruskalEtaSquared,0.00028487925821658384,20.0,True
Ordinal        | KruskalEta + Pearson,Categorical('INDEM2'),KruskalEtaSquared,0.00024022617443828162,21.0,True
Ordinal        | KruskalEta + Pearson,Categorical('NBJFXI3S10_MM_A_NBJFXI3S10_MMAX_A'),KruskalEtaSquared,0.0002378131376203846,22.0,True
Ordinal        | KruskalEta + Pearson,Ordinal('HAUTEUR'),KruskalEtaSquared,0.000229175817531849,23.0,True
Ordinal        | KruskalEta + Pearson,Ordinal('BDTOPO_BAT_MAX_HAUTEUR'),KruskalEtaSquared,0.00022798391958244024,24.0,True
Ordinal        | KruskalEta + Pearson,Categorical('TXAB_VOR_MM_A_TXAB_VOR_MMAX_A'),KruskalEtaSquared,0.00022625521951650002,25.0,True
Ordinal        | KruskalEta + Pearson,Categorical('zone_vent_extinction_rate'),KruskalEtaSquared,0.00021508095950181162,26.0,True
Ordinal        | KruskalEta + Pearson,Ordinal('DISTANCE_213'),KruskalEtaSquared,0.00019749097433386338,27.0,True
Ordinal        | KruskalEta + Pearson,Ordinal('PROPORTION_21'),KruskalEtaSquared,0.00019256594531244544,28.0,True
Ordinal        | KruskalEta + Pearson,Categorical('NBJFXI3S16_MM_A_NBJFXI3S16_MMAX_A'),KruskalEtaSquared,0.00019218548243925068,29.0,True
Ordinal        | KruskalEta + Pearson,Categorical('NBJTX0_MM_A_NBJTX0_MMAX_A'),KruskalEtaSquared,0.00018919522114018,30.0,True
Ordinal        | KruskalEta + Pearson,Categorical('NBJRR50_MM_A_NBJRR50_MMAX_A'),KruskalEtaSquared,0.00017913745516145313,31.0,True
Ordinal        | KruskalEta + Pearson,Ordinal('DISTANCE_411'),KruskalEtaSquared,0.0001733335441851075,32.0,True
Ordinal        | KruskalEta + Pearson,Ordinal('CARACT4'),KruskalEtaSquared,0.0001730272988242661,33.0,True
Ordinal        | KruskalEta + Pearson,Categorical('NBJRR10_MM_A_NBJRR10_MMAX_A'),KruskalEtaSquared,0.0001718094911116132,34.0,True
Ordinal        | KruskalEta + Pearson,Ordinal('DISTANCE_323'),KruskalEtaSquared,0.00017178908538850024,35.0,True
Ordinal        | KruskalEta + Pearson,Categorical('NBJFXI3S28_MM_A_NBJFXI3S28_MMAX_A'),KruskalEtaSquared,0.00016797822386112934,36.0,True
Ordinal        | KruskalEta + Pearson,Categorical('IND_REGION'),KruskalEtaSquared,0.0001673897561240872,37.0,True
Ordinal        | KruskalEta + Pearson,Ordinal('DISTANCE_212'),KruskalEtaSquared,0.00016726840507010591,38.0,True
Ordinal        | KruskalEta + Pearson,Categorical('IND_SNV_REGION'),KruskalEtaSquared,0.00016616464870119655,39.0,True
Ordinal        | KruskalEta + Pearson,Categorical('LOG_REGION'),KruskalEtaSquared,0.0001607843819516267,40.0,True
Ordinal        | KruskalEta + Pearson,Categorical('TN_VOR_MM_A_TN_VOR_MMAX_A'),KruskalEtaSquared,0.00015881506185616752,41.0,True
Ordinal        | KruskalEta + Pearson,Categorical('NBJFF16_MM_A_NBJFF16_MMAX_A'),KruskalEtaSquared,0.00015859292407880497,42.0,True
Ordinal        | KruskalEta + Pearson,Categorical('NBJTN5_MM_A_NBJTN5_MMAX_A'),KruskalEtaSquared,0.0001563590236691436,43.0,True
Ordinal        | KruskalEta + Pearson,Ordinal('DISTANCE_335'),KruskalEtaSquared,0.0001538005320029776,44.0,True
Ordinal        | KruskalEta + Pearson,Categorical('RRAB_VOR_MM_A_RRAB_VOR_MMAX_A'),KruskalEtaSquared,0.00015008156864282677,45.0,True
Ordinal        | KruskalEta + Pearson,Categorical('NBJFF10_MM_A_NBJFF10_MMAX_A'),KruskalEtaSquared,0.00014425548241692572,46.0,True
Ordinal        | KruskalEta + Pearson,Categorical('NBJFXY8_MM_A_NBJFXY8_MMAX_A'),KruskalEtaSquared,0.00013705223234188125,47.0,True
Ordinal        | KruskalEta + Pearson,Ordinal('DISTANCE_334'),KruskalEtaSquared,0.0001367942657160826,48.0,True
Ordinal        | KruskalEta + Pearson,Categorical('NBJRR30_MM_A_NBJRR30_MMAX_A'),KruskalEtaSquared,0.00013563261578586046,49.0,True
Ordinal        | KruskalEta + Pearson,Categorical('ADOSS'),KruskalEtaSquared,0.0,,False
Ordinal        | KruskalEta + Pearson,Categorical('CARACT1'),KruskalEtaSquared,3.349533104868061e-05,,False
Ordinal        | KruskalEta + Pearson,Categorical('CARACT3'),KruskalEtaSquared,,,False
Ordinal        | KruskalEta + Pearson,Categorical('INDEM1'),KruskalEtaSquared,1.3219802321711335e-05,,False
Ordinal        | KruskalEta + Pearson,Categorical('TYPBAT1'),KruskalEtaSquared,0.0,,False
Ordinal        | KruskalEta + Pearson,Categorical('FRCH1'),KruskalEtaSquared,0.0,,False
Ordinal        | KruskalEta + Pearson,Categorical('FRCH2'),KruskalEtaSquared,2.300918248287712e-05,,False
Ordinal        | KruskalEta + Pearson,Categorical('DEROG2'),KruskalEtaSquared,6.60513494589872e-05,,False
Ordinal        | KruskalEta + Pearson,Categorical('DEROG3'),KruskalEtaSquared,7.510438604167906e-05,,False
Ordinal        | KruskalEta + Pearson,Categorical('DEROG8'),KruskalEtaSquared,7.86174916412315e-05,,False
Ordinal        | KruskalEta + Pearson,Categorical('KAPITAL34'),KruskalEtaSquared,0.0,,False
Ordinal        | KruskalEta + Pearson,Categorical('KAPITAL35'),KruskalEtaSquared,8.523457306140457e-05,,False
Ordinal        | KruskalEta + Pearson,Categorical('RISK6'),KruskalEtaSquared,8.276584630420472e-05,,False
Ordinal        | KruskalEta + Pearson,Categorical('RISK8'),KruskalEtaSquared,3.378335489622637e-05,,False
Ordinal        | KruskalEta + Pearson,Categorical('RISK9'),KruskalEtaSquared,7.446206206563981e-05,,False
Ordinal        | KruskalEta + Pearson,Categorical('RISK12'),KruskalEtaSquared,9.149854604086501e-05,,False
Ordinal        | KruskalEta + Pearson,Categorical('RISK13'),KruskalEtaSquared,2.949252838073162e-05,,False
Ordinal        | KruskalEta + Pearson,Categorical('EQUIPEMENT2'),KruskalEtaSquared,0.0001045231031447457,,False
Ordinal        | KruskalEta + Pearson,Categorical('EQUIPEMENT5'),KruskalEtaSquared,,,False
Ordinal        | KruskalEta + Pearson,Categorical('ESPINSEE'),KruskalEtaSquared,,,False
Ordinal        | KruskalEta + Pearson,Categorical('ZONE_REGION'),KruskalEtaSquared,0.00011030919703360812,,False
Ordinal        | KruskalEta + Pearson,Categorical('LOG_AVA1_num'),KruskalEtaSquared,2.083682035912158e-05,,False
Ordinal        | KruskalEta + Pearson,Categorical('LOG_A1_A2_num'),KruskalEtaSquared,0.0,,False
Ordinal        | KruskalEta + Pearson,Categorical('LOG_A2_A3_num'),KruskalEtaSquared,2.2909650253068825e-05,,False
Ordinal        | KruskalEta + Pearson,Categorical('LOG_APA3_num'),KruskalEtaSquared,2.228613848580565e-05,,False
Ordinal        | KruskalEta + Pearson,Categorical('LOG_INC_num'),KruskalEtaSquared,0.0,,False
Ordinal        | KruskalEta + Pearson,Categorical('LOG_SOC_num'),KruskalEtaSquared,2.6264995909418133e-05,,False
Ordinal        | KruskalEta + Pearson,Categorical('LOG_TOT'),KruskalEtaSquared,1.395567224438581e-05,,False
Ordinal        | KruskalEta + Pearson,Categorical('LOG_A1_A2_num_LOG_TOT'),KruskalEtaSquared,1.6705768227059786e-05,,False
Ordinal        | KruskalEta + Pearson,Categorical('LOG_A2_A3_num_LOG_TOT'),KruskalEtaSquared,1.925441779580437e-05,,False
Ordinal        | KruskalEta + Pearson,Categorical('LOG_INC_num_LOG_TOT'),KruskalEtaSquared,1.395567224438581e-05,,False
Ordinal        | KruskalEta + Pearson,Categorical('LOG_SOC_num_LOG_TOT'),KruskalEtaSquared,2.866198415241324e-05,,False
Ordinal        | KruskalEta + Pearson,Categorical('MEN_PAUV_num'),KruskalEtaSquared,2.303083265442661e-06,,False
Ordinal        | KruskalEta + Pearson,Categorical('MEN_1IND_num'),KruskalEtaSquared,3.577463442727374e-05,,False
Ordinal        | KruskalEta + Pearson,Categorical('MEN_5IND_num'),KruskalEtaSquared,8.552661301466482e-06,,False
Ordinal        | KruskalEta + Pearson,Categorical('MEN_PROP_num'),KruskalEtaSquared,8.231177356034577e-06,,False
Ordinal        | KruskalEta + Pearson,Categorical('MEN_FMP_num'),KruskalEtaSquared,0.0,,False
Ordinal        | KruskalEta + Pearson,Categorical('MEN_COLL_num'),KruskalEtaSquared,9.588933039401079e-07,,False
Ordinal        | KruskalEta + Pearson,Categorical('MEN_MAIS_num'),KruskalEtaSquared,8.012340056627158e-07,,False
Ordinal        | KruskalEta + Pearson,Categorical('MEN_TOT'),KruskalEtaSquared,4.965197676281014e-05,,False
Ordinal        | KruskalEta + Pearson,Categorical('MEN_PAUV_MEN_TOT'),KruskalEtaSquared,4.241239742532224e-05,,False
Ordinal        | KruskalEta + Pearson,Categorical('MEN_PAUV_MEN'),KruskalEtaSquared,0.0,,False
Ordinal        | KruskalEta + Pearson,Categorical('MEN_1IND_MEN_TOT'),KruskalEtaSquared,0.00010210143700163645,,False
Ordinal        | KruskalEta + Pearson,Categorical('MEN_1IND_MEN'),KruskalEtaSquared,3.810692313795513e-05,,False
Ordinal        | KruskalEta + Pearson,Categorical('MEN_5IND_MEN_TOT'),KruskalEtaSquared,4.963840384890068e-05,,False
Ordinal        | KruskalEta + Pearson,Categorical('MEN_5IND_MEN'),KruskalEtaSquared,1.0796057807958832e-05,,False
Ordinal        | KruskalEta + Pearson,Categorical('MEN_PROP_MEN_TOT'),KruskalEtaSquared,8.600226441516844e-05,,False
Ordinal        | KruskalEta + Pearson,Categorical('MEN_PROP_MEN'),KruskalEtaSquared,1.016782951446214e-05,,False
Ordinal        | KruskalEta + Pearson,Categorical('MEN_FMP_MEN_TOT'),KruskalEtaSquared,6.938041848171363e-05,,False
Ordinal        | KruskalEta + Pearson,Categorical('MEN_FMP_MEN'),KruskalEtaSquared,0.0,,False
Ordinal        | KruskalEta + Pearson,Categorical('MEN_COLL_MEN_TOT'),KruskalEtaSquared,5.185407837771671e-05,,False
Ordinal        | KruskalEta + Pearson,Categorical('MEN_COLL_MEN'),KruskalEtaSquared,4.931840218012194e-06,,False
Ordinal        | KruskalEta + Pearson,Categorical('MEN_MAIS_MEN_TOT'),KruskalEtaSquared,5.185407837771671e-05,,False
Ordinal        | KruskalEta + Pearson,Categorical('MEN_MAIS_MEN'),KruskalEtaSquared,4.824826523411918e-06,,False
Ordinal        | KruskalEta + Pearson,Categorical('MEN_MEN_TOT'),KruskalEtaSquared,4.802181668570326e-05,,False
Ordinal        | KruskalEta + Pearson,Categorical('MEN_REGION'),KruskalEtaSquared,0.00011235393851434518,,False
Ordinal        | KruskalEta + Pearson,Categorical('IND_Y2_Y3_num'),KruskalEtaSquared,3.931604559565157e-06,,False
Ordinal        | KruskalEta + Pearson,Categorical('IND_Y3_Y4_num'),KruskalEtaSquared,2.1766177013960867e-05,,False
Ordinal        | KruskalEta + Pearson,Categorical('IND_Y5_Y6_num'),KruskalEtaSquared,2.2804296614949454e-05,,False
Ordinal        | KruskalEta + Pearson,Categorical('IND_Y8_Y9_num'),KruskalEtaSquared,4.3377649414219145e-05,,False
Ordinal        | KruskalEta + Pearson,Categorical('IND_Y9_num'),KruskalEtaSquared,3.085343309227903e-05,,False
Ordinal        | KruskalEta + Pearson,Categorical('IND_SNV_num'),KruskalEtaSquared,2.4132219683516306e-06,,False
Ordinal        | KruskalEta + Pearson,Categorical('IND_TOT'),KruskalEtaSquared,1.1013380411857703e-05,,False
Ordinal        | KruskalEta + Pearson,Categorical('IND_IND_TOT'),KruskalEtaSquared,8.677709598482582e-06,,False
Ordinal        | KruskalEta + Pearson,Categorical('IND_IND_SNV'),KruskalEtaSquared,1.7902623551618165e-06,,False
Ordinal        | KruskalEta + Pearson,Categorical('IND_0_Y1_IND_TOT'),KruskalEtaSquared,1.1021243536059332e-05,,False
Ordinal        | KruskalEta + Pearson,Categorical('IND_0_Y1_IND_SNV'),KruskalEtaSquared,2.420330460463184e-06,,False
Ordinal        | KruskalEta + Pearson,Categorical('IND_Y1_Y2_IND_TOT'),KruskalEtaSquared,1.1013380411857703e-05,,False
Ordinal        | KruskalEta + Pearson,Categorical('IND_Y1_Y2_IND_SNV'),KruskalEtaSquared,2.4132219683516306e-06,,False
Ordinal        | KruskalEta + Pearson,Categorical('IND_Y2_Y3_IND_TOT'),KruskalEtaSquared,8.516371158233052e-06,,False
Ordinal        | KruskalEta + Pearson,Categorical('IND_Y2_Y3_IND_SNV'),KruskalEtaSquared,2.011377864291635e-06,,False
Ordinal        | KruskalEta + Pearson,Categorical('IND_Y3_Y4_IND_TOT'),KruskalEtaSquared,3.239165931727055e-05,,False
Ordinal        | KruskalEta + Pearson,Categorical('IND_Y3_Y4_IND'),KruskalEtaSquared,2.317133905221701e-05,,False
Ordinal        | KruskalEta + Pearson,Categorical('IND_Y3_Y4_IND_SNV'),KruskalEtaSquared,2.743126388037497e-05,,False
Ordinal        | KruskalEta + Pearson,Categorical('IND_Y4_Y5_IND_TOT'),KruskalEtaSquared,1.3578731686453987e-05,,False
Ordinal        | KruskalEta + Pearson,Categorical('IND_Y4_Y5_IND'),KruskalEtaSquared,0.0,,False
Ordinal        | KruskalEta + Pearson,Categorical('IND_Y4_Y5_IND_SNV'),KruskalEtaSquared,3.975707557034934e-06,,False
Ordinal        | KruskalEta + Pearson,Categorical('IND_Y5_Y6_IND_TOT'),KruskalEtaSquared,2.020998147806317e-05,,False
Ordinal        | KruskalEta + Pearson,Categorical('IND_Y5_Y6_IND'),KruskalEtaSquared,2.4682946529804217e-05,,False
Ordinal        | KruskalEta + Pearson,Categorical('IND_Y5_Y6_IND_SNV'),KruskalEtaSquared,2.453347982608558e-05,,False
Ordinal        | KruskalEta + Pearson,Categorical('IND_Y6_Y7_IND_TOT'),KruskalEtaSquared,1.7902554538724814e-05,,False
Ordinal        | KruskalEta + Pearson,Categorical('IND_Y6_Y7_IND_SNV'),KruskalEtaSquared,3.2415789815280405e-05,,False
Ordinal        | KruskalEta + Pearson,Categorical('IND_Y7_Y8_IND_TOT'),KruskalEtaSquared,5.2590094264496534e-06,,False
Ordinal        | KruskalEta + Pearson,Categorical('IND_Y7_Y8_IND_SNV'),KruskalEtaSquared,1.0156917635681312e-05,,False
Ordinal        | KruskalEta + Pearson,Categorical('IND_Y8_Y9_IND_TOT'),KruskalEtaSquared,1.8335849065544045e-05,,False
Ordinal        | KruskalEta + Pearson,Categorical('IND_Y8_Y9_IND'),KruskalEtaSquared,3.88272780226521e-05,,False
Ordinal        | KruskalEta + Pearson,Categorical('IND_Y8_Y9_IND_SNV'),KruskalEtaSquared,3.940337838854129e-05,,False
Ordinal        | KruskalEta + Pearson,Categorical('IND_Y9_IND_TOT'),KruskalEtaSquared,3.413284917895062e-05,,False
Ordinal        | KruskalEta + Pearson,Categorical('IND_Y9_IND'),KruskalEtaSquared,3.054379361006168e-05,,False
Ordinal        | KruskalEta + Pearson,Categorical('IND_Y9_IND_SNV'),KruskalEtaSquared,3.236741574246251e-05,,False
Ordinal        | KruskalEta + Pearson,Categorical('IND_INC_IND_TOT'),KruskalEtaSquared,1.1013380411857703e-05,,False
Ordinal        | KruskalEta + Pearson,Categorical('IND_INC_IND_SNV'),KruskalEtaSquared,2.4132219683516306e-06,,False
Ordinal        | KruskalEta + Pearson,Categorical('IND_SNV_IND_TOT'),KruskalEtaSquared,4.5457923982198515e-05,,False
Ordinal        | KruskalEta + Pearson,Categorical('IND_SNV_IND'),KruskalEtaSquared,1.7902623551618165e-06,,False
Ordinal        | KruskalEta + Pearson,Categorical('ALTITUDE_1_num'),KruskalEtaSquared,0.00010360798439637614,,False
Ordinal        | KruskalEta + Pearson,Categorical('ALTITUDE_2_num'),KruskalEtaSquared,8.762922351181035e-05,,False
Ordinal        | KruskalEta + Pearson,Categorical('ALTITUDE_3_num'),KruskalEtaSquared,7.997817833170395e-05,,False
Ordinal        | KruskalEta + Pearson,Categorical('ALTITUDE_4_num'),KruskalEtaSquared,4.694549786388551e-05,,False
Ordinal        | KruskalEta + Pearson,Categorical('ALTITUDE_5_num'),KruskalEtaSquared,8.318323319976506e-05,,False
Ordinal        | KruskalEta + Pearson,Categorical('ALTITUDE_TOT'),KruskalEtaSquared,0.00012775435070269128,,False
Ordinal        | KruskalEta + Pearson,Categorical('ALTITUDE_1_ALT_TOT'),KruskalEtaSquared,0.00012775435070269128,,False
Ordinal        | KruskalEta + Pearson,Categorical('ALTITUDE_2_ALT_TOT'),KruskalEtaSquared,0.00012775435070269128,,False
Ordinal        | KruskalEta + Pearson,Categorical('ALTITUDE_3_ALT_TOT'),KruskalEtaSquared,0.00012775435070269128,,False
Ordinal        | KruskalEta + Pearson,Categorical('ALTITUDE_4_ALT_TOT'),KruskalEtaSquared,0.00012775435070269128,,False
Ordinal        | KruskalEta + Pearson,Categorical('ALTITUDE_5_ALT_TOT'),KruskalEtaSquared,0.00012775435070269128,,False
Ordinal        | KruskalEta + Pearson,Categorical('ALTITUDE_REGION'),KruskalEtaSquared,6.165137254025496e-05,,False
Ordinal        | KruskalEta + Pearson,Categorical('NBJTX25_MM_A_NBJTX25_MMAX_A'),KruskalEtaSquared,5.4061666549143635e-05,,False
Ordinal        | KruskalEta + Pearson,Categorical('NBJTXI27_MM_A_NBJTXI27_MMAX_A'),KruskalEtaSquared,6.945231518131438e-05,,False
Ordinal        | KruskalEta + Pearson,Categorical('NBJTXS32_MM_A_NBJTXS32_MMAX_A'),KruskalEtaSquared,7.576260232343533e-05,,False
Ordinal        | KruskalEta + Pearson,Categorical('NBJTXI20_MM_A_NBJTXI20_MMAX_A'),KruskalEtaSquared,9.27352564870029e-05,,False
Ordinal        | KruskalEta + Pearson,Categorical('NBJTX30_MM_A_NBJTX30_MMAX_A'),KruskalEtaSquared,9.777938983237339e-05,,False
Ordinal        | KruskalEta + Pearson,Categorical('NBJTX35_MM_A_NBJTX35_MMAX_A'),KruskalEtaSquared,2.2229109964444716e-05,,False
Ordinal        | KruskalEta + Pearson,Categorical('NBJTN10_MM_A_NBJTN10_MMAX_A'),KruskalEtaSquared,1.055048852991096e-05,,False
Ordinal        | KruskalEta + Pearson,Categorical('NBJTNI10_MM_A_NBJTNI10_MMAX_A'),KruskalEtaSquared,9.578246410540372e-05,,False
Ordinal        | KruskalEta + Pearson,Categorical('NBJTNS25_MM_A_NBJTNS25_MMAX_A'),KruskalEtaSquared,,,False
Ordinal        | KruskalEta + Pearson,Categorical('NBJTNI15_MM_A_NBJTNI15_MMAX_A'),KruskalEtaSquared,4.39473842298031e-05,,False
Ordinal        | KruskalEta + Pearson,Categorical('NBJTNI20_MM_A_NBJTNI20_MMAX_A'),KruskalEtaSquared,1.4537893889481888e-05,,False
Ordinal        | KruskalEta + Pearson,Categorical('NBJTNS20_MM_A_NBJTNS20_MMAX_A'),KruskalEtaSquared,5.505117153442166e-05,,False
Ordinal        | KruskalEta + Pearson,Categorical('NBJTMS24_MM_A_NBJTMS24_MMAX_A'),KruskalEtaSquared,4.737213961962309e-05,,False
Ordinal        | KruskalEta + Pearson,Categorical('TAMPLIAB_VOR_MM_A_TAMPLIAB_VOR_MMAX_A'),KruskalEtaSquared,0.00013421392961391175,,False
Ordinal        | KruskalEta + Pearson,Categorical('TAMPLIM_VOR_MM_A_TAMPLIM_VOR_MMAX_A'),KruskalEtaSquared,0.00012233823543897763,,False
Ordinal        | KruskalEta + Pearson,Categorical('TM_VOR_MM_A_TM_VOR_MMAX_A'),KruskalEtaSquared,4.330567378267202e-05,,False
Ordinal        | KruskalEta + Pearson,Categorical('TMM_VOR_MM_A_TMM_VOR_MMAX_A'),KruskalEtaSquared,2.8274939135767434e-05,,False
Ordinal        | KruskalEta + Pearson,Categorical('TMMAX_VOR_MM_A_TMMAX_VOR_MMAX_A'),KruskalEtaSquared,8.201276913554426e-05,,False
Ordinal        | KruskalEta + Pearson,Categorical('TMMIN_VOR_MM_A_TMMIN_VOR_MMAX_A'),KruskalEtaSquared,0.000107911163567379,,False
Ordinal        | KruskalEta + Pearson,Categorical('TNAB_VOR_MM_A_TNAB_VOR_MMAX_A'),KruskalEtaSquared,0.00011334849436417256,,False
Ordinal        | KruskalEta + Pearson,Categorical('TNMAX_VOR_MM_A_TNMAX_VOR_MMAX_A'),KruskalEtaSquared,6.006015296820963e-05,,False
Ordinal        | KruskalEta + Pearson,Categorical('TX_VOR_MM_A_TX_VOR_MMAX_A'),KruskalEtaSquared,9.552564609499724e-05,,False
Ordinal        | KruskalEta + Pearson,Categorical('TXMIN_VOR_MM_A_TXMIN_VOR_MMAX_A'),KruskalEtaSquared,5.347004041248924e-05,,False
Ordinal        | KruskalEta + Pearson,Categorical('NBJFF28_MM_A_NBJFF28_MMAX_A'),KruskalEtaSquared,9.859335003249422e-05,,False
Ordinal        | KruskalEta + Pearson,Categorical('NBJFXY10_MM_A_NBJFXY10_MMAX_A'),KruskalEtaSquared,0.0001124290985179355,,False
Ordinal        | KruskalEta + Pearson,Categorical('NBJFXY15_MM_A_NBJFXY15_MMAX_A'),KruskalEtaSquared,0.00011102807014681501,,False
Ordinal        | KruskalEta + Pearson,Categorical('FFM_VOR_MM_A_FFM_VOR_MMAX_A'),KruskalEtaSquared,4.6136182183884196e-05,,False
Ordinal        | KruskalEta + Pearson,Categorical('FXI3SAB_VOR_MM_A_FXI3SAB_VOR_MMAX_A'),KruskalEtaSquared,4.490583989255813e-05,,False
Ordinal        | KruskalEta + Pearson,Categorical('FXIAB_VOR_MM_A_FXIAB_VOR_MMAX_A'),KruskalEtaSquared,8.247693458515022e-05,,False
Ordinal        | KruskalEta + Pearson,Categorical('FXYAB_VOR_MM_A_FXYAB_VOR_MMAX_A'),KruskalEtaSquared,3.997579450286242e-05,,False
Ordinal        | KruskalEta + Pearson,Categorical('FFM_VOR_COM_MM_A_Y_FFM_VOR_COM_MMAX_A_Y'),KruskalEtaSquared,0.00011482034477625343,,False
Ordinal        | KruskalEta + Pearson,Categorical('FXI3SAB_VOR_COM_MM_A_Y_FXI3SAB_VOR_COM_MMAX_A_Y'),KruskalEtaSquared,8.703326993469353e-05,,False
Ordinal        | KruskalEta + Pearson,Categorical('NBJRR1_MM_A_NBJRR1_MMAX_A'),KruskalEtaSquared,7.73161340446964e-05,,False
Ordinal        | KruskalEta + Pearson,Categorical('NBJRR5_MM_A_NBJRR5_MMAX_A'),KruskalEtaSquared,9.491053395038671e-05,,False
Ordinal        | KruskalEta + Pearson,Categorical('NBJRR100_MM_A_NBJRR100_MMAX_A'),KruskalEtaSquared,3.0336537895031822e-05,,False
Ordinal        | KruskalEta + Pearson,Categorical('RR_VOR_MM_A_RR_VOR_MMAX_A'),KruskalEtaSquared,0.0001181114858321711,,False
Ordinal        | KruskalEta + Pearson,Categorical('nb_casernes_extinction_rate'),KruskalEtaSquared,2.66234610630337e-05,,False
Ordinal        | KruskalEta + Pearson,Categorical('VENT_x_CASERNES'),KruskalEtaSquared,0.00012940289226370227,,False
Ordinal        | KruskalEta + Pearson,Ordinal('NB_CASERNES'),KruskalEtaSquared,0.0,,False
Ordinal        | KruskalEta + Pearson,Ordinal('MEN_SURF'),KruskalEtaSquared,2.3081187526055063e-05,,False
Ordinal        | KruskalEta + Pearson,Ordinal('IND_SNV'),KruskalEtaSquared,2.4132219683516306e-06,,False
Ordinal        | KruskalEta + Pearson,Ordinal('IND_Y9'),KruskalEtaSquared,3.085343309227903e-05,,False
Ordinal        | KruskalEta + Pearson,Ordinal('LOG_SOC'),KruskalEtaSquared,2.6264995909418133e-05,,False
Ordinal        | KruskalEta + Pearson,Ordinal('LOG_APA3'),KruskalEtaSquared,2.228613848580565e-05,,False
Ordinal        | KruskalEta + Pearson,Ordinal('LOG_AVA1'),KruskalEtaSquared,2.338893190836409e-05,,False
Ordinal        | KruskalEta + Pearson,Ordinal('MEN_MAIS'),KruskalEtaSquared,1.436565553982829e-05,,False
Ordinal        | KruskalEta + Pearson,Ordinal('MEN_COLL'),KruskalEtaSquared,1.5640977592092292e-05,,False
Ordinal        | KruskalEta + Pearson,Ordinal('MEN_FMP'),KruskalEtaSquared,0.0,,False
Ordinal        | KruskalEta + Pearson,Ordinal('MEN_PROP'),KruskalEtaSquared,0.0,,False
Ordinal        | KruskalEta + Pearson,Ordinal('MEN_PAUV'),KruskalEtaSquared,2.303083265442661e-06,,False
Ordinal        | KruskalEta + Pearson,Ordinal('COEFASS'),KruskalEtaSquared,3.925155274126705e-05,,False
Ordinal        | KruskalEta + Pearson,Ordinal('DISTANCE_111'),KruskalEtaSquared,0.0,,False
Ordinal        | KruskalEta + Pearson,Ordinal('DISTANCE_112'),KruskalEtaSquared,9.185860921386318e-06,,False
Ordinal        | KruskalEta + Pearson,Ordinal('DISTANCE_121'),KruskalEtaSquared,6.232450545800146e-06,,False
Ordinal        | KruskalEta + Pearson,Ordinal('DISTANCE_122'),KruskalEtaSquared,4.402234307499009e-06,,False
Ordinal        | KruskalEta + Pearson,Ordinal('DISTANCE_123'),KruskalEtaSquared,5.9525185291227853e-05,,False
Ordinal        | KruskalEta + Pearson,Ordinal('DISTANCE_124'),KruskalEtaSquared,,,False
Ordinal        | KruskalEta + Pearson,Ordinal('DISTANCE_131'),KruskalEtaSquared,0.0,,False
Ordinal        | KruskalEta + Pearson,Ordinal('DISTANCE_132'),KruskalEtaSquared,9.234226216354774e-05,,False
Ordinal        | KruskalEta + Pearson,Ordinal('DISTANCE_133'),KruskalEtaSquared,8.656086549774834e-06,,False
Ordinal        | KruskalEta + Pearson,Ordinal('DISTANCE_141'),KruskalEtaSquared,5.507313398210545e-06,,False
Ordinal        | KruskalEta + Pearson,Ordinal('DISTANCE_142'),KruskalEtaSquared,,,False
Ordinal        | KruskalEta + Pearson,Ordinal('DISTANCE_211'),KruskalEtaSquared,6.930514692261116e-05,,False
Ordinal        | KruskalEta + Pearson,Ordinal('DISTANCE_221'),KruskalEtaSquared,7.832964850896779e-06,,False
Ordinal        | KruskalEta + Pearson,Ordinal('DISTANCE_222'),KruskalEtaSquared,5.656712615973347e-05,,False
Ordinal        | KruskalEta + Pearson,Ordinal('DISTANCE_223'),KruskalEtaSquared,0.00018868929077434798,,False
Ordinal        | KruskalEta + Pearson,Ordinal('DISTANCE_231'),KruskalEtaSquared,8.439971842045937e-06,,False
Ordinal        | KruskalEta + Pearson,Ordinal('DISTANCE_242'),KruskalEtaSquared,4.28063480854182e-05,,False
Ordinal        | KruskalEta + Pearson,Ordinal('DISTANCE_243'),KruskalEtaSquared,0.0,,False
Ordinal        | KruskalEta + Pearson,Ordinal('DISTANCE_244'),KruskalEtaSquared,,,False
Ordinal        | KruskalEta + Pearson,Ordinal('DISTANCE_311'),KruskalEtaSquared,0.00010880924069807457,,False
Ordinal        | KruskalEta + Pearson,Ordinal('DISTANCE_312'),KruskalEtaSquared,,,False
Ordinal        | KruskalEta + Pearson,Ordinal('DISTANCE_313'),KruskalEtaSquared,,,False
Ordinal        | KruskalEta + Pearson,Ordinal('DISTANCE_321'),KruskalEtaSquared,0.0001154132079991009,,False
Ordinal        | KruskalEta + Pearson,Ordinal('DISTANCE_322'),KruskalEtaSquared,0.0,,False
Ordinal        | KruskalEta + Pearson,Ordinal('DISTANCE_324'),KruskalEtaSquared,,,False
Ordinal        | KruskalEta + Pearson,Ordinal('DISTANCE_331'),KruskalEtaSquared,0.0,,False
Ordinal        | KruskalEta + Pearson,Ordinal('DISTANCE_332'),KruskalEtaSquared,5.752122975154305e-05,,False
Ordinal        | KruskalEta + Pearson,Ordinal('DISTANCE_333'),KruskalEtaSquared,0.0,,False
Ordinal        | KruskalEta + Pearson,Ordinal('DISTANCE_412'),KruskalEtaSquared,3.988647945024529e-06,,False
Ordinal        | KruskalEta + Pearson,Ordinal('DISTANCE_421'),KruskalEtaSquared,4.917930400993254e-06,,False
Ordinal        | KruskalEta + Pearson,Ordinal('DISTANCE_422'),KruskalEtaSquared,8.499474640589004e-05,,False
Ordinal        | KruskalEta + Pearson,Ordinal('DISTANCE_423'),KruskalEtaSquared,1.1626860555207853e-05,,False
Ordinal        | KruskalEta + Pearson,Ordinal('DISTANCE_511'),KruskalEtaSquared,2.715075195825916e-05,,False
Ordinal        | KruskalEta + Pearson,Ordinal('DISTANCE_512'),KruskalEtaSquared,1.4300743258008329e-05,,False
Ordinal        | KruskalEta + Pearson,Ordinal('DISTANCE_521'),KruskalEtaSquared,1.193934680509865e-05,,False
Ordinal        | KruskalEta + Pearson,Ordinal('DISTANCE_522'),KruskalEtaSquared,9.747772139749646e-07,,False
Ordinal        | KruskalEta + Pearson,Ordinal('DISTANCE_523'),KruskalEtaSquared,5.661336457848591e-06,,False
Ordinal        | KruskalEta + Pearson,Ordinal('PROPORTION_22'),KruskalEtaSquared,1.2391424587407124e-05,,False
Ordinal        | KruskalEta + Pearson,Ordinal('PROPORTION_23'),KruskalEtaSquared,1.7305361256029676e-05,,False
Ordinal        | KruskalEta + Pearson,Ordinal('PROPORTION_24'),KruskalEtaSquared,7.2719286087642e-05,,False
Ordinal        | KruskalEta + Pearson,Ordinal('PROPORTION_31'),KruskalEtaSquared,9.164307527474872e-05,,False
Ordinal        | KruskalEta + Pearson,Ordinal('PROPORTION_32'),KruskalEtaSquared,0.0,,False
Ordinal        | KruskalEta + Pearson,Ordinal('MEN_1IND'),KruskalEtaSquared,3.5725634979862874e-05,,False
Ordinal        | KruskalEta + Pearson,Ordinal('MEN_5IND'),KruskalEtaSquared,8.299906399011605e-06,,False
Ordinal        | KruskalEta + Pearson,Ordinal('LOG_A2_A3'),KruskalEtaSquared,2.268188280568751e-05,,False
Ordinal        | KruskalEta + Pearson,Ordinal('IND_Y3_Y4'),KruskalEtaSquared,2.1766177013960867e-05,,False
Ordinal        | KruskalEta + Pearson,Ordinal('IND_Y5_Y6'),KruskalEtaSquared,2.252858593265651e-05,,False
Ordinal        | KruskalEta + Pearson,Ordinal('IND_Y8_Y9'),KruskalEtaSquared,4.3377649414219145e-05,,False
Ordinal        | KruskalEta + Pearson,Ordinal('DISTANCE_1'),KruskalEtaSquared,1.2651170716021893e-05,,False
Ordinal        | KruskalEta + Pearson,Ordinal('DISTANCE_2'),KruskalEtaSquared,,,False
Ordinal        | KruskalEta + Pearson,Ordinal('ALTITUDE_1'),KruskalEtaSquared,0.00010360798439637614,,False
Ordinal        | KruskalEta + Pearson,Ordinal('ALTITUDE_2'),KruskalEtaSquared,8.762922351181035e-05,,False
Ordinal        | KruskalEta + Pearson,Ordinal('ALTITUDE_3'),KruskalEtaSquared,7.997817833170395e-05,,False
Ordinal        | KruskalEta + Pearson,Ordinal('ALTITUDE_4'),KruskalEtaSquared,4.694549786388551e-05,,False
Ordinal        | KruskalEta + Pearson,Ordinal('ALTITUDE_5'),KruskalEtaSquared,8.318323319976506e-05,,False
Ordinal        | KruskalEta + Pearson,Ordinal('NBJTX25_MM_A'),KruskalEtaSquared,9.327629025034963e-06,,False
Ordinal        | KruskalEta + Pearson,Ordinal('NBJTX25_MMAX_A'),KruskalEtaSquared,3.9619000579445564e-05,,False
Ordinal        | KruskalEta + Pearson,Ordinal('NBJTX25_MSOM_A'),KruskalEtaSquared,9.327629025034963e-06,,False
Ordinal        | KruskalEta + Pearson,Ordinal('NBJTX0_MM_A'),KruskalEtaSquared,4.695676769748226e-05,,False
Ordinal        | KruskalEta + Pearson,Ordinal('NBJTX0_MMAX_A'),KruskalEtaSquared,9.194592387567831e-05,,False
Ordinal        | KruskalEta + Pearson,Ordinal('NBJTX0_MSOM_A'),KruskalEtaSquared,4.695676769748226e-05,,False
Ordinal        | KruskalEta + Pearson,Ordinal('NBJTXI27_MM_A'),KruskalEtaSquared,4.051965226845534e-05,,False
Ordinal        | KruskalEta + Pearson,Ordinal('NBJTXI27_MMAX_A'),KruskalEtaSquared,2.690524119599638e-05,,False
Ordinal        | KruskalEta + Pearson,Ordinal('NBJTXI27_MSOM_A'),KruskalEtaSquared,4.051965226845534e-05,,False
Ordinal        | KruskalEta + Pearson,Ordinal('NBJTXS32_MM_A'),KruskalEtaSquared,3.364511624581535e-05,,False
Ordinal        | KruskalEta + Pearson,Ordinal('NBJTXS32_MMAX_A'),KruskalEtaSquared,2.6071759661158402e-05,,False
Ordinal        | KruskalEta + Pearson,Ordinal('NBJTXS32_MSOM_A'),KruskalEtaSquared,3.364511624581535e-05,,False
Ordinal        | KruskalEta + Pearson,Ordinal('NBJTXI20_MM_A'),KruskalEtaSquared,5.9429877444472023e-05,,False
Ordinal        | KruskalEta + Pearson,Ordinal('NBJTXI20_MMAX_A'),KruskalEtaSquared,1.1780788575801765e-05,,False
Ordinal        | KruskalEta + Pearson,Ordinal('NBJTXI20_MSOM_A'),KruskalEtaSquared,5.9429877444472023e-05,,False
Ordinal        | KruskalEta + Pearson,Ordinal('NBJTX30_MM_A'),KruskalEtaSquared,5.038299884710999e-05,,False
Ordinal        | KruskalEta + Pearson,Ordinal('NBJTX30_MMAX_A'),KruskalEtaSquared,5.202946887237589e-05,,False
Ordinal        | KruskalEta + Pearson,Ordinal('NBJTX30_MSOM_A'),KruskalEtaSquared,5.038299884710999e-05,,False
Ordinal        | KruskalEta + Pearson,Ordinal('NBJTX35_MM_A'),KruskalEtaSquared,9.417657124137852e-06,,False
Ordinal        | KruskalEta + Pearson,Ordinal('NBJTX35_MMAX_A'),KruskalEtaSquared,1.1684747912265396e-05,,False
Ordinal        | KruskalEta + Pearson,Ordinal('NBJTX35_MSOM_A'),KruskalEtaSquared,9.417657124137852e-06,,False
Ordinal        | KruskalEta + Pearson,Ordinal('NBJTN10_MM_A'),KruskalEtaSquared,2.194427939076503e-05,,False
Ordinal        | KruskalEta + Pearson,Ordinal('NBJTN10_MMAX_A'),KruskalEtaSquared,1.7785061810805914e-05,,False
Ordinal        | KruskalEta + Pearson,Ordinal('NBJTN10_MSOM_A'),KruskalEtaSquared,2.194427939076503e-05,,False
Ordinal        | KruskalEta + Pearson,Ordinal('NBJTNI10_MM_A'),KruskalEtaSquared,1.2985454362309502e-05,,False
Ordinal        | KruskalEta + Pearson,Ordinal('NBJTNI10_MMAX_A'),KruskalEtaSquared,0.0,,False
Ordinal        | KruskalEta + Pearson,Ordinal('NBJTNI10_MSOM_A'),KruskalEtaSquared,1.2985454362309502e-05,,False
Ordinal        | KruskalEta + Pearson,Ordinal('NBJTN5_MM_A'),KruskalEtaSquared,3.4833074709837604e-05,,False
Ordinal        | KruskalEta + Pearson,Ordinal('NBJTN5_MMAX_A'),KruskalEtaSquared,2.5758286207700423e-05,,False
Ordinal        | KruskalEta + Pearson,Ordinal('NBJTN5_MSOM_A'),KruskalEtaSquared,3.4833074709837604e-05,,False
Ordinal        | KruskalEta + Pearson,Ordinal('NBJTNS25_MM_A'),KruskalEtaSquared,,,False
Ordinal        | KruskalEta + Pearson,Ordinal('NBJTNS25_MMAX_A'),KruskalEtaSquared,,,False
Ordinal        | KruskalEta + Pearson,Ordinal('NBJTNS25_MSOM_A'),KruskalEtaSquared,,,False
Ordinal        | KruskalEta + Pearson,Ordinal('NBJTNI15_MM_A'),KruskalEtaSquared,2.329142391137681e-05,,False
Ordinal        | KruskalEta + Pearson,Ordinal('NBJTNI15_MMAX_A'),KruskalEtaSquared,,,False
Ordinal        | KruskalEta + Pearson,Ordinal('NBJTNI15_MSOM_A'),KruskalEtaSquared,2.329142391137681e-05,,False
Ordinal        | KruskalEta + Pearson,Ordinal('NBJTNI20_MM_A'),KruskalEtaSquared,1.4537893889481888e-05,,False
Ordinal        | KruskalEta + Pearson,Ordinal('NBJTNI20_MMAX_A'),KruskalEtaSquared,,,False
Ordinal        | KruskalEta + Pearson,Ordinal('NBJTNI20_MSOM_A'),KruskalEtaSquared,1.4537893889481888e-05,,False
Ordinal        | KruskalEta + Pearson,Ordinal('NBJTNS20_MM_A'),KruskalEtaSquared,3.5259852495153655e-05,,False
Ordinal        | KruskalEta + Pearson,Ordinal('NBJTNS20_MMAX_A'),KruskalEtaSquared,2.538463309320926e-06,,False
Ordinal        | KruskalEta + Pearson,Ordinal('NBJTNS20_MSOM_A'),KruskalEtaSquared,3.5259852495153655e-05,,False
Ordinal        | KruskalEta + Pearson,Ordinal('NBJTMS24_MM_A'),KruskalEtaSquared,1.9943889819388157e-05,,False
Ordinal        | KruskalEta + Pearson,Ordinal('NBJTMS24_MMAX_A'),KruskalEtaSquared,2.3612288259112523e-05,,False
Ordinal        | KruskalEta + Pearson,Ordinal('NBJTMS24_MSOM_A'),KruskalEtaSquared,1.9943889819388157e-05,,False
Ordinal        | KruskalEta + Pearson,Ordinal('TAMPLIAB_VOR_MM_A'),KruskalEtaSquared,8.344687726169603e-05,,False
Ordinal        | KruskalEta + Pearson,Ordinal('TAMPLIAB_VOR_MMAX_A'),KruskalEtaSquared,8.935938315194374e-06,,False
Ordinal        | KruskalEta + Pearson,Ordinal('TAMPLIM_VOR_MM_A'),KruskalEtaSquared,8.190169839401799e-05,,False
Ordinal        | KruskalEta + Pearson,Ordinal('TAMPLIM_VOR_MMAX_A'),KruskalEtaSquared,8.619841003553509e-06,,False
Ordinal        | KruskalEta + Pearson,Ordinal('TM_VOR_MM_A'),KruskalEtaSquared,4.476135890414142e-05,,False
Ordinal        | KruskalEta + Pearson,Ordinal('TM_VOR_MMAX_A'),KruskalEtaSquared,3.540319588062794e-05,,False
Ordinal        | KruskalEta + Pearson,Ordinal('TMM_VOR_MM_A'),KruskalEtaSquared,1.3688100421788742e-05,,False
Ordinal        | KruskalEta + Pearson,Ordinal('TMM_VOR_MMAX_A'),KruskalEtaSquared,1.460040582018508e-05,,False
Ordinal        | KruskalEta + Pearson,Ordinal('TMMAX_VOR_MM_A'),KruskalEtaSquared,4.902896680864494e-05,,False
Ordinal        | KruskalEta + Pearson,Ordinal('TMMAX_VOR_MMAX_A'),KruskalEtaSquared,2.7543257373867997e-05,,False
Ordinal        | KruskalEta + Pearson,Ordinal('TMMIN_VOR_MM_A'),KruskalEtaSquared,4.9685935856938774e-05,,False
Ordinal        | KruskalEta + Pearson,Ordinal('TMMIN_VOR_MMAX_A'),KruskalEtaSquared,1.6877750386688266e-07,,False
Ordinal        | KruskalEta + Pearson,Ordinal('TN_VOR_MM_A'),KruskalEtaSquared,3.1955544625192765e-05,,False
Ordinal        | KruskalEta + Pearson,Ordinal('TN_VOR_MMAX_A'),KruskalEtaSquared,2.767294915484714e-05,,False
Ordinal        | KruskalEta + Pearson,Ordinal('TNAB_VOR_MM_A'),KruskalEtaSquared,2.018342737948527e-05,,False
Ordinal        | KruskalEta + Pearson,Ordinal('TNAB_VOR_MMAX_A'),KruskalEtaSquared,3.181974485396964e-05,,False
Ordinal        | KruskalEta + Pearson,Ordinal('TNMAX_VOR_MM_A'),KruskalEtaSquared,1.8140156142171257e-05,,False
Ordinal        | KruskalEta + Pearson,Ordinal('TNMAX_VOR_MMAX_A'),KruskalEtaSquared,3.144308857902252e-05,,False
Ordinal        | KruskalEta + Pearson,Ordinal('TX_VOR_MM_A'),KruskalEtaSquared,4.5868717209043764e-05,,False
Ordinal        | KruskalEta + Pearson,Ordinal('TX_VOR_MMAX_A'),KruskalEtaSquared,1.268238988172014e-05,,False
Ordinal        | KruskalEta + Pearson,Ordinal('TXAB_VOR_MM_A'),KruskalEtaSquared,5.842757300648339e-05,,False
Ordinal        | KruskalEta + Pearson,Ordinal('TXAB_VOR_MMAX_A'),KruskalEtaSquared,3.0537553454822224e-05,,False
Ordinal        | KruskalEta + Pearson,Ordinal('TXMIN_VOR_MM_A'),KruskalEtaSquared,1.760872605891043e-05,,False
Ordinal        | KruskalEta + Pearson,Ordinal('TXMIN_VOR_MMAX_A'),KruskalEtaSquared,0.0,,False
Ordinal        | KruskalEta + Pearson,Ordinal('NBJFF10_MM_A'),KruskalEtaSquared,0.00011932604571761378,,False
Ordinal        | KruskalEta + Pearson,Ordinal('NBJFF10_MMAX_A'),KruskalEtaSquared,0.00010109755729923252,,False
Ordinal        | KruskalEta + Pearson,Ordinal('NBJFF10_MSOM_A'),KruskalEtaSquared,0.00011932604571761378,,False
Ordinal        | KruskalEta + Pearson,Ordinal('NBJFF16_MM_A'),KruskalEtaSquared,2.7953973367342566e-05,,False
Ordinal        | KruskalEta + Pearson,Ordinal('NBJFF16_MMAX_A'),KruskalEtaSquared,7.319727258146948e-05,,False
Ordinal        | KruskalEta + Pearson,Ordinal('NBJFF16_MSOM_A'),KruskalEtaSquared,2.7953973367342566e-05,,False
Ordinal        | KruskalEta + Pearson,Ordinal('NBJFF28_MM_A'),KruskalEtaSquared,5.3239970330445825e-05,,False
Ordinal        | KruskalEta + Pearson,Ordinal('NBJFF28_MMAX_A'),KruskalEtaSquared,0.0,,False
Ordinal        | KruskalEta + Pearson,Ordinal('NBJFF28_MSOM_A'),KruskalEtaSquared,5.3239970330445825e-05,,False
Ordinal        | KruskalEta + Pearson,Ordinal('NBJFXI3S10_MM_A'),KruskalEtaSquared,0.00012409917916662687,,False
Ordinal        | KruskalEta + Pearson,Ordinal('NBJFXI3S10_MMAX_A'),KruskalEtaSquared,0.00012025797059655091,,False
Ordinal        | KruskalEta + Pearson,Ordinal('NBJFXI3S10_MSOM_A'),KruskalEtaSquared,0.00012409917916662687,,False
Ordinal        | KruskalEta + Pearson,Ordinal('NBJFXI3S16_MM_A'),KruskalEtaSquared,2.1818006958480782e-05,,False
Ordinal        | KruskalEta + Pearson,Ordinal('NBJFXI3S16_MMAX_A'),KruskalEtaSquared,8.090297303923314e-05,,False
Ordinal        | KruskalEta + Pearson,Ordinal('NBJFXI3S16_MSOM_A'),KruskalEtaSquared,2.1818006958480782e-05,,False
Ordinal        | KruskalEta + Pearson,Ordinal('NBJFXI3S28_MM_A'),KruskalEtaSquared,0.00010530417715830804,,False
Ordinal        | KruskalEta + Pearson,Ordinal('NBJFXI3S28_MMAX_A'),KruskalEtaSquared,0.0,,False
Ordinal        | KruskalEta + Pearson,Ordinal('NBJFXI3S28_MSOM_A'),KruskalEtaSquared,0.00010530417715830804,,False
Ordinal        | KruskalEta + Pearson,Ordinal('NBJFXY8_MM_A'),KruskalEtaSquared,0.0001015215745571964,,False
Ordinal        | KruskalEta + Pearson,Ordinal('NBJFXY8_MMAX_A'),KruskalEtaSquared,0.00012756381950384464,,False
Ordinal        | KruskalEta + Pearson,Ordinal('NBJFXY8_MSOM_A'),KruskalEtaSquared,0.0001015215745571964,,False
Ordinal        | KruskalEta + Pearson,Ordinal('NBJFXY10_MM_A'),KruskalEtaSquared,8.093699364161681e-05,,False
Ordinal        | KruskalEta + Pearson,Ordinal('NBJFXY10_MMAX_A'),KruskalEtaSquared,8.278637204368468e-05,,False
Ordinal        | KruskalEta + Pearson,Ordinal('NBJFXY10_MSOM_A'),KruskalEtaSquared,8.093699364161681e-05,,False
Ordinal        | KruskalEta + Pearson,Ordinal('NBJFXY15_MM_A'),KruskalEtaSquared,0.0,,False
Ordinal        | KruskalEta + Pearson,Ordinal('NBJFXY15_MMAX_A'),KruskalEtaSquared,3.858339937232594e-05,,False
Ordinal        | KruskalEta + Pearson,Ordinal('NBJFXY15_MSOM_A'),KruskalEtaSquared,0.0,,False
Ordinal        | KruskalEta + Pearson,Ordinal('FFM_VOR_MM_A'),KruskalEtaSquared,2.6714061474062066e-05,,False
Ordinal        | KruskalEta + Pearson,Ordinal('FFM_VOR_MMAX_A'),KruskalEtaSquared,7.904609861275733e-05,,False
Ordinal        | KruskalEta + Pearson,Ordinal('FXI3SAB_VOR_MM_A'),KruskalEtaSquared,4.197024689408648e-05,,False
Ordinal        | KruskalEta + Pearson,Ordinal('FXI3SAB_VOR_MMAX_A'),KruskalEtaSquared,4.194773960560641e-05,,False
Ordinal        | KruskalEta + Pearson,Ordinal('FXIAB_VOR_MM_A'),KruskalEtaSquared,6.174388387925768e-06,,False
Ordinal        | KruskalEta + Pearson,Ordinal('FXIAB_VOR_MMAX_A'),KruskalEtaSquared,5.011095389045321e-05,,False
Ordinal        | KruskalEta + Pearson,Ordinal('FXYAB_VOR_MM_A'),KruskalEtaSquared,4.001524032979327e-05,,False
Ordinal        | KruskalEta + Pearson,Ordinal('FXYAB_VOR_MMAX_A'),KruskalEtaSquared,2.4166710881999573e-05,,False
Ordinal        | KruskalEta + Pearson,Ordinal('FFM_VOR_COM_MM_A_Y'),KruskalEtaSquared,7.969536550960185e-05,,False
Ordinal        | KruskalEta + Pearson,Ordinal('FFM_VOR_COM_MMAX_A_Y'),KruskalEtaSquared,0.00010502665211790088,,False
Ordinal        | KruskalEta + Pearson,Ordinal('FXI3SAB_VOR_COM_MM_A_Y'),KruskalEtaSquared,8.695159939074993e-05,,False
Ordinal        | KruskalEta + Pearson,Ordinal('FXI3SAB_VOR_COM_MMAX_A_Y'),KruskalEtaSquared,8.666017812841272e-05,,False
Ordinal        | KruskalEta + Pearson,Ordinal('NBJRR50_MM_A'),KruskalEtaSquared,7.950111315558779e-05,,False
Ordinal        | KruskalEta + Pearson,Ordinal('NBJRR50_MMAX_A'),KruskalEtaSquared,0.00015612650914810402,,False
Ordinal        | KruskalEta + Pearson,Ordinal('NBJRR50_MSOM_A'),KruskalEtaSquared,7.950111315558779e-05,,False
Ordinal        | KruskalEta + Pearson,Ordinal('NBJRR1_MM_A'),KruskalEtaSquared,2.5369363795699878e-05,,False
Ordinal        | KruskalEta + Pearson,Ordinal('NBJRR1_MMAX_A'),KruskalEtaSquared,4.853097079657479e-05,,False
Ordinal        | KruskalEta + Pearson,Ordinal('NBJRR1_MSOM_A'),KruskalEtaSquared,2.5369363795699878e-05,,False
Ordinal        | KruskalEta + Pearson,Ordinal('NBJRR5_MM_A'),KruskalEtaSquared,5.025584850791734e-05,,False
Ordinal        | KruskalEta + Pearson,Ordinal('NBJRR5_MMAX_A'),KruskalEtaSquared,7.833711333841175e-05,,False
Ordinal        | KruskalEta + Pearson,Ordinal('NBJRR5_MSOM_A'),KruskalEtaSquared,5.025584850791734e-05,,False
Ordinal        | KruskalEta + Pearson,Ordinal('NBJRR10_MM_A'),KruskalEtaSquared,0.00012915879833839971,,False
Ordinal        | KruskalEta + Pearson,Ordinal('NBJRR10_MMAX_A'),KruskalEtaSquared,0.00016063754808422255,,False
Ordinal        | KruskalEta + Pearson,Ordinal('NBJRR10_MSOM_A'),KruskalEtaSquared,0.00012915879833839971,,False
Ordinal        | KruskalEta + Pearson,Ordinal('NBJRR30_MM_A'),KruskalEtaSquared,0.00011468541886486546,,False
Ordinal        | KruskalEta + Pearson,Ordinal('NBJRR30_MMAX_A'),KruskalEtaSquared,7.107650776280294e-05,,False
Ordinal        | KruskalEta + Pearson,Ordinal('NBJRR30_MSOM_A'),KruskalEtaSquared,0.00011468541886486546,,False
Ordinal        | KruskalEta + Pearson,Ordinal('NBJRR100_MM_A'),KruskalEtaSquared,6.9825776879096455e-06,,False
Ordinal        | KruskalEta + Pearson,Ordinal('NBJRR100_MMAX_A'),KruskalEtaSquared,1.9895774132130634e-05,,False
Ordinal        | KruskalEta + Pearson,Ordinal('NBJRR100_MSOM_A'),KruskalEtaSquared,6.9825776879096455e-06,,False
Ordinal        | KruskalEta + Pearson,Ordinal('RR_VOR_MM_A'),KruskalEtaSquared,0.00010839658088773662,,False
Ordinal        | KruskalEta + Pearson,Ordinal('RR_VOR_MMAX_A'),KruskalEtaSquared,9.486564234755046e-05,,False
Ordinal        | KruskalEta + Pearson,Ordinal('RRAB_VOR_MM_A'),KruskalEtaSquared,8.406151151411299e-05,,False
Ordinal        | KruskalEta + Pearson,Ordinal('RRAB_VOR_MMAX_A'),KruskalEtaSquared,0.0001277629748580602,,False
Ordinal        | KruskalEta + Pearson,Ordinal('SURFACE4'),KruskalEtaSquared,0.0022595657728712868,,False
Ordinal        | KruskalEta + Pearson,Ordinal('total_surface_2023'),KruskalEtaSquared,1.1062778077593053e-05,,False
Ordinal        | KruskalEta + Pearson,Ordinal('total_surface_5y'),KruskalEtaSquared,6.432692645592179e-05,,False
Ordinal        | KruskalEta + Pearson,Ordinal('surface_over_forest'),KruskalEtaSquared,1.4641288163864236e-05,,False
Ordinal        | KruskalEta + Pearson,Ordinal('fire_extinction_rates'),KruskalEtaSquared,3.1788002444180412e-06,,False
Ordinal        | KruskalEta + Distance,Numerical('KAPITAL32'),Distance,-0.05717414422528455,0.0,True
Ordinal        | KruskalEta + Distance,Numerical('SURFACE7'),Distance,-0.05501049913151612,1.0,True
Ordinal        | KruskalEta + Distance,Numerical('SURFACE10'),Distance,-0.0533143590039491,2.0,True
Ordinal        | KruskalEta + Distance,Numerical('KAPITAL_MAX'),Distance,-0.053242130088282824,3.0,True
Ordinal        | KruskalEta + Distance,Numerical('SURFACE11'),Distance,-0.05322733498949672,4.0,True
Ordinal        | KruskalEta + Distance,Numerical('NBBAT1'),Distance,-0.04752322553020283,5.0,True
Ordinal        | KruskalEta + Distance,Numerical('KAPITAL21'),Distance,-0.04357169966722396,6.0,True
Ordinal        | KruskalEta + Distance,Numerical('NBSINSTRT'),Distance,-0.041480232573975595,7.0,True
Ordinal        | KruskalEta + Distance,Numerical('KAPITAL23'),Distance,-0.04050048860413591,8.0,True
Ordinal        | KruskalEta + Distance,Numerical('EQUIPEMENT6'),Distance,-0.03725056785971226,9.0,True
Ordinal        | KruskalEta + Distance,Numerical('KAPITAL10'),Distance,-0.031903687267904046,10.0,True
Ordinal        | KruskalEta + Distance,Numerical('SURFACE17'),Distance,-0.029978493701928177,11.0,True
Ordinal        | KruskalEta + Distance,Numerical('KAPITAL8'),Distance,-0.02963566880217061,12.0,True
Ordinal        | KruskalEta + Distance,Numerical('KAPITAL24'),Distance,-0.027867919061673296,13.0,True
Ordinal        | KruskalEta + Distance,Numerical('NBSINCONJ'),Distance,-0.027491127984413333,14.0,True
Ordinal        | KruskalEta + Distance,Numerical('KAPITAL27'),Distance,-0.02602392703532841,15.0,True
Ordinal        | KruskalEta + Distance,Numerical('KAPITAL3'),Distance,-0.02430873930969424,16.0,True
Ordinal        | KruskalEta + Distance,Numerical('KAPITAL14'),Distance,-0.02426764003977333,17.0,True
Ordinal        | KruskalEta + Distance,Numerical('TAILLE3'),Distance,-0.01975254623533096,18.0,True
Ordinal        | KruskalEta + Distance,Numerical('KAPITAL25'),Distance,0.01920214352146976,19.0,True
Ordinal        | KruskalEta + Distance,Numerical('NBBAT2'),Distance,-0.01898980000793804,20.0,True
Ordinal        | KruskalEta + Distance,Numerical('CA3_CA_TOT'),Distance,0.018896409659877822,21.0,True
Ordinal        | KruskalEta + Distance,Numerical('EQUIPEMENT1'),Distance,-0.01740517196397451,22.0,True
Ordinal        | KruskalEta + Distance,Numerical('NBBAT8'),Distance,-0.015476369736851847,23.0,True
Ordinal        | KruskalEta + Distance,Numerical('NBBAT9'),Distance,-0.014094984663558963,24.0,True
Ordinal        | KruskalEta + Distance,Numerical('KAPITAL20'),Distance,-0.012856631432090482,25.0,True
Ordinal        | KruskalEta + Distance,Numerical('CARACT5'),Distance,-0.012049297968420358,26.0,True
Ordinal        | KruskalEta + Distance,Numerical('ZONE_VENT'),Distance,-0.011886979438915701,27.0,True
Ordinal        | KruskalEta + Distance,Numerical('NBBAT6'),Distance,-0.011157343644214723,28.0,True
Ordinal        | KruskalEta + Distance,Numerical('SURFACE14'),Distance,-0.01075056059640045,29.0,True
Ordinal        | KruskalEta + Distance,Numerical('SURFACE13'),Distance,0.010406604606600478,30.0,True
Ordinal        | KruskalEta + Distance,Numerical('RISK2'),Distance,0.009996467416624188,31.0,True
Ordinal        | KruskalEta + Distance,Numerical('RISK5'),Distance,0.009984137321957798,32.0,True
Ordinal        | KruskalEta + Distance,Numerical('RISK1'),Distance,0.009969042423235264,33.0,True
Ordinal        | KruskalEta + Distance,Numerical('RISK4'),Distance,0.009965457529446331,34.0,True
Ordinal        | KruskalEta + Distance,Numerical('KAPITAL17'),Distance,-0.009770483780679906,35.0,True
Ordinal        | KruskalEta + Distance,Numerical('DEROG1'),Distance,-0.009678893247866305,36.0,True
Ordinal        | KruskalEta + Distance,Numerical('DEROG11'),Distance,-0.009324498404343573,37.0,True
Ordinal        | KruskalEta + Distance,Numerical('KAPITAL1'),Distance,-0.009247665197232524,38.0,True
Ordinal        | KruskalEta + Distance,Numerical('DEROG10'),Distance,-0.009186917619134927,39.0,True
Ordinal        | KruskalEta + Distance,Numerical('DEROG8_formatted'),Distance,0.009000785941886358,40.0,True
Ordinal        | KruskalEta + Distance,Numerical('SURFACE21'),Distance,-0.008615481440415684,41.0,True
Ordinal        | KruskalEta + Distance,Numerical('NBBAT7'),Distance,-0.00808253601904696,42.0,True
Ordinal        | KruskalEta + Distance,Numerical('DEROG6'),Distance,-0.007974867540699204,43.0,True
Ordinal        | KruskalEta + Distance,Numerical('EQUIPEMENT4'),Distance,-0.007910065750279416,44.0,True
Ordinal        | KruskalEta + Distance,Numerical('CA3_CA_MEAN'),Distance,-0.007584728263150042,45.0,True
Ordinal        | KruskalEta + Distance,Numerical('DEROG7'),Distance,-0.007567877436386317,46.0,True
Ordinal        | KruskalEta + Distance,Numerical('TYPBAT2'),Distance,-0.007332346407375456,47.0,True
Ordinal        | KruskalEta + Distance,Numerical('DUREE_REQANEUF'),Distance,-0.006742844365298373,48.0,True
Ordinal        | KruskalEta + Distance,Numerical('ANCIENNETE'),Distance,-0.006385951023573533,49.0,True
Ordinal        | KruskalEta + Distance,Numerical('CARACT2'),Distance,0.001256212398380141,,False
Ordinal        | KruskalEta + Distance,Numerical('DEROG9'),Distance,-0.0009677078576224574,,False
Ordinal        | KruskalEta + Distance,Numerical('DEROG15'),Distance,-0.0008219624301731843,,False
Ordinal        | KruskalEta + Distance,Numerical('CA1'),Distance,-0.005757166155447524,,False
Ordinal        | KruskalEta + Distance,Numerical('CA2'),Distance,,,False
Ordinal        | KruskalEta + Distance,Numerical('CA3'),Distance,-0.005080742168217078,,False
Ordinal        | KruskalEta + Distance,Numerical('KAPITAL2'),Distance,0.0006176102163728547,,False
Ordinal        | KruskalEta + Distance,Numerical('KAPITAL4'),Distance,-0.0020888001996712813,,False
Ordinal        | KruskalEta + Distance,Numerical('KAPITAL5'),Distance,-0.0025137116251835456,,False
Ordinal        | KruskalEta + Distance,Numerical('KAPITAL6'),Distance,-0.042569241166384386,,False
Ordinal        | KruskalEta + Distance,Numerical('KAPITAL7'),Distance,-0.0366967354728005,,False
Ordinal        | KruskalEta + Distance,Numerical('KAPITAL9'),Distance,-0.025012782305899983,,False
Ordinal        | KruskalEta + Distance,Numerical('KAPITAL11'),Distance,-0.018970781123109126,,False
Ordinal        | KruskalEta + Distance,Numerical('KAPITAL12'),Distance,-0.04929284725393224,,False
Ordinal        | KruskalEta + Distance,Numerical('KAPITAL13'),Distance,-0.008794082735550046,,False
Ordinal        | KruskalEta + Distance,Numerical('KAPITAL15'),Distance,-0.00436444580838613,,False
Ordinal        | KruskalEta + Distance,Numerical('KAPITAL16'),Distance,-0.0034209798554800663,,False
Ordinal        | KruskalEta + Distance,Numerical('KAPITAL18'),Distance,-0.006227985231519351,,False
Ordinal        | KruskalEta + Distance,Numerical('KAPITAL19'),Distance,-0.004429437188641749,,False
Ordinal        | KruskalEta + Distance,Numerical('KAPITAL22'),Distance,0.0015163769164137086,,False
Ordinal        | KruskalEta + Distance,Numerical('KAPITAL26'),Distance,-0.0058316443169550425,,False
Ordinal        | KruskalEta + Distance,Numerical('KAPITAL28'),Distance,-0.004530754468596965,,False
Ordinal        | KruskalEta + Distance,Numerical('KAPITAL29'),Distance,0.0008963686142469118,,False
Ordinal        | KruskalEta + Distance,Numerical('KAPITAL30'),Distance,-0.003167847538070978,,False
Ordinal        | KruskalEta + Distance,Numerical('KAPITAL31'),Distance,-0.00044966764506504386,,False
Ordinal        | KruskalEta + Distance,Numerical('KAPITAL33'),Distance,-0.0007993945306282724,,False
Ordinal        | KruskalEta + Distance,Numerical('KAPITAL36'),Distance,0.0006176102163728547,,False
Ordinal        | KruskalEta + Distance,Numerical('KAPITAL38'),Distance,-0.0020888001996712813,,False
Ordinal        | KruskalEta + Distance,Numerical('KAPITAL39'),Distance,-0.0025137116251835456,,False
Ordinal        | KruskalEta + Distance,Numerical('SURFACE1'),Distance,-0.0530353373507233,,False
Ordinal        | KruskalEta + Distance,Numerical('SURFACE2'),Distance,-0.05303620630678241,,False
Ordinal        | KruskalEta + Distance,Numerical('SURFACE3'),Distance,-0.05298906809728254,,False
Ordinal        | KruskalEta + Distance,Numerical('SURFACE5'),Distance,-0.004122570547274718,,False
Ordinal        | KruskalEta + Distance,Numerical('SURFACE8'),Distance,-0.017033638450536515,,False
Ordinal        | KruskalEta + Distance,Numerical('SURFACE9'),Distance,-0.004875346477200115,,False
Ordinal        | KruskalEta + Distance,Numerical('SURFACE12'),Distance,-0.002374489361483101,,False
Ordinal        | KruskalEta + Distance,Numerical('SURFACE15'),Distance,0.0006478915158250054,,False
Ordinal        | KruskalEta + Distance,Numerical('SURFACE16'),Distance,-0.005942842815236715,,False
Ordinal        | KruskalEta + Distance,Numerical('SURFACE18'),Distance,-0.004192319537180134,,False
Ordinal        | KruskalEta + Distance,Numerical('SURFACE19'),Distance,-0.00023830881099695667,,False
Ordinal        | KruskalEta + Distance,Numerical('SURFACE20'),Distance,0.0003769001976321462,,False
Ordinal        | KruskalEta + Distance,Numerical('NBBAT3'),Distance,0.0011427746494727664,,False
Ordinal        | KruskalEta + Distance,Numerical('NBBAT4'),Distance,-0.047514608812166514,,False
Ordinal        | KruskalEta + Distance,Numerical('NBBAT5'),Distance,-0.0038498496659803427,,False
Ordinal        | KruskalEta + Distance,Numerical('NBBAT10'),Distance,-0.018704759791986603,,False
Ordinal        | KruskalEta + Distance,Numerical('NBBAT11'),Distance,6.901191435293441e-05,,False
Ordinal        | KruskalEta + Distance,Numerical('NBBAT13'),Distance,-0.046070361640751845,,False
Ordinal        | KruskalEta + Distance,Numerical('NBBAT14'),Distance,-0.002710903216919913,,False
Ordinal        | KruskalEta + Distance,Numerical('TAILLE4'),Distance,0.0008039854686272552,,False
Ordinal        | KruskalEta + Distance,Numerical('RISK3'),Distance,0.009975355469830527,,False
Ordinal        | KruskalEta + Distance,Numerical('RISK7'),Distance,0.009654825884436224,,False
Ordinal        | KruskalEta + Distance,Numerical('EQUIPEMENT3'),Distance,0.0006684093626616594,,False
Ordinal        | KruskalEta + Distance,Numerical('EQUIPEMENT7'),Distance,-0.03670110233264967,,False
Ordinal        | KruskalEta + Distance,Numerical('CA_TOT'),Distance,0.002037856218121581,,False
Ordinal        | KruskalEta + Distance,Numerical('CA_MEAN'),Distance,0.003755377170947538,,False
Ordinal        | KruskalEta + Distance,Numerical('CA1_CA_TOT'),Distance,0.004496946051450568,,False
Ordinal        | KruskalEta + Distance,Numerical('CA1_CA_MEAN'),Distance,0.000858037017685831,,False
Ordinal        | KruskalEta + Distance,Numerical('CA2_CA_TOT'),Distance,,,False
Ordinal        | KruskalEta + Distance,Numerical('CA2_CA_MEAN'),Distance,,,False
Ordinal        | KruskalEta + Distance,Numerical('Unknown'),Distance,0.0027429131875305046,,False
Ordinal        | KruskalEta + Distance,Numerical('Involontaire (travaux)'),Distance,0.0025696514706077256,,False
Ordinal        | KruskalEta + Distance,Numerical('Involontaire (particulier)'),Distance,0.002991886451775283,,False
Ordinal        | KruskalEta + Distance,Numerical('Accidentelle'),Distance,0.00425974907743365,,False
Ordinal        | KruskalEta + Distance,Numerical('Malveillance'),Distance,0.0041112733494483855,,False
Ordinal        | KruskalEta + Distance,Numerical('Naturelle'),Distance,0.003924795263697156,,False
Ordinal        | KruskalEta + Distance,Numerical('KAPITAL_SUM'),Distance,-0.04647895380250644,,False
Ordinal        | KruskalEta + Distance,Numerical('DEROG13_formatted'),Distance,-0.001688825987337217,,False
Ordinal        | KruskalEta + Distance,Numerical('DEROG3_formatted'),Distance,0.00881658980001121,,False
Ordinal        | KruskalEta + Distance,Numerical('DEROG16_formatted'),Distance,0.0012842690433128023,,False
Ordinal        | KruskalEta + Distance,Ordinal('SURFACE6'),KruskalEtaSquared,0.0022595657728712868,0.0,True
Ordinal        | KruskalEta + Distance,Ordinal('TAILLE1'),KruskalEtaSquared,0.0020278315592809426,1.0,True
Ordinal        | KruskalEta + Distance,Ordinal('TAILLE2'),KruskalEtaSquared,0.0019473479175646316,2.0,True
Ordinal        | KruskalEta + Distance,Categorical('VOCATION'),KruskalEtaSquared,0.0018437934379632863,3.0,True
Ordinal        | KruskalEta + Distance,Categorical('KAPITAL40'),KruskalEtaSquared,0.001820652667498118,4.0,True
Ordinal        | KruskalEta + Distance,Categorical('TYPERS'),KruskalEtaSquared,0.00160923393132557,5.0,True
Ordinal        | KruskalEta + Distance,Categorical('KAPITAL41'),KruskalEtaSquared,0.001345333299861772,6.0,True
Ordinal        | KruskalEta + Distance,Categorical('KAPITAL42'),KruskalEtaSquared,0.0009004856249857377,7.0,True
Ordinal        | KruskalEta + Distance,Categorical('RISK11'),KruskalEtaSquared,0.0008135927576890767,8.0,True
Ordinal        | KruskalEta + Distance,Categorical('DEROG12'),KruskalEtaSquared,0.0008087761331905106,9.0,True
Ordinal        | KruskalEta + Distance,Categorical('KAPITAL43'),KruskalEtaSquared,0.0006283878056595925,10.0,True
Ordinal        | KruskalEta + Distance,Categorical('KAPITAL37'),KruskalEtaSquared,0.0005979967176368273,11.0,True
Ordinal        | KruskalEta + Distance,Ordinal('HAUTEUR_MAX'),KruskalEtaSquared,0.0005038433002241173,12.0,True
Ordinal        | KruskalEta + Distance,Categorical('ACTIVIT2'),KruskalEtaSquared,0.0004880599343805129,13.0,True
Ordinal        | KruskalEta + Distance,Categorical('DEROG4'),KruskalEtaSquared,0.0004386973219363716,14.0,True
Ordinal        | KruskalEta + Distance,Ordinal('BDTOPO_BAT_MAX_HAUTEUR_MAX'),KruskalEtaSquared,0.00041121336398601316,15.0,True
Ordinal        | KruskalEta + Distance,Categorical('ZONE'),KruskalEtaSquared,0.00038795796654333194,16.0,True
Ordinal        | KruskalEta + Distance,Categorical('RISK10'),KruskalEtaSquared,0.00036921987696997234,17.0,True
Ordinal        | KruskalEta + Distance,Categorical('DEROG5'),KruskalEtaSquared,0.00032178730068841354,18.0,True
Ordinal        | KruskalEta + Distance,Categorical('AN_EXERC'),KruskalEtaSquared,0.0002874003846426754,19.0,True
Ordinal        | KruskalEta + Distance,Categorical('total_surface_crossed'),KruskalEtaSquared,0.00028487925821658384,20.0,True
Ordinal        | KruskalEta + Distance,Categorical('INDEM2'),KruskalEtaSquared,0.00024022617443828162,21.0,True
Ordinal        | KruskalEta + Distance,Categorical('NBJFXI3S10_MM_A_NBJFXI3S10_MMAX_A'),KruskalEtaSquared,0.0002378131376203846,22.0,True
Ordinal        | KruskalEta + Distance,Ordinal('HAUTEUR'),KruskalEtaSquared,0.000229175817531849,23.0,True
Ordinal        | KruskalEta + Distance,Ordinal('BDTOPO_BAT_MAX_HAUTEUR'),KruskalEtaSquared,0.00022798391958244024,24.0,True
Ordinal        | KruskalEta + Distance,Categorical('TXAB_VOR_MM_A_TXAB_VOR_MMAX_A'),KruskalEtaSquared,0.00022625521951650002,25.0,True
Ordinal        | KruskalEta + Distance,Categorical('zone_vent_extinction_rate'),KruskalEtaSquared,0.00021508095950181162,26.0,True
Ordinal        | KruskalEta + Distance,Ordinal('DISTANCE_213'),KruskalEtaSquared,0.00019749097433386338,27.0,True
Ordinal        | KruskalEta + Distance,Ordinal('PROPORTION_21'),KruskalEtaSquared,0.00019256594531244544,28.0,True
Ordinal        | KruskalEta + Distance,Categorical('NBJFXI3S16_MM_A_NBJFXI3S16_MMAX_A'),KruskalEtaSquared,0.00019218548243925068,29.0,True
Ordinal        | KruskalEta + Distance,Categorical('NBJTX0_MM_A_NBJTX0_MMAX_A'),KruskalEtaSquared,0.00018919522114018,30.0,True
Ordinal        | KruskalEta + Distance,Categorical('NBJRR50_MM_A_NBJRR50_MMAX_A'),KruskalEtaSquared,0.00017913745516145313,31.0,True
Ordinal        | KruskalEta + Distance,Ordinal('DISTANCE_411'),KruskalEtaSquared,0.0001733335441851075,32.0,True
Ordinal        | KruskalEta + Distance,Ordinal('CARACT4'),KruskalEtaSquared,0.0001730272988242661,33.0,True
Ordinal        | KruskalEta + Distance,Categorical('NBJRR10_MM_A_NBJRR10_MMAX_A'),KruskalEtaSquared,0.0001718094911116132,34.0,True
Ordinal        | KruskalEta + Distance,Ordinal('DISTANCE_323'),KruskalEtaSquared,0.00017178908538850024,35.0,True
Ordinal        | KruskalEta + Distance,Categorical('NBJFXI3S28_MM_A_NBJFXI3S28_MMAX_A'),KruskalEtaSquared,0.00016797822386112934,36.0,True
Ordinal        | KruskalEta + Distance,Categorical('IND_REGION'),KruskalEtaSquared,0.0001673897561240872,37.0,True
Ordinal        | KruskalEta + Distance,Ordinal('DISTANCE_212'),KruskalEtaSquared,0.00016726840507010591,38.0,True
Ordinal        | KruskalEta + Distance,Categorical('IND_SNV_REGION'),KruskalEtaSquared,0.00016616464870119655,39.0,True
Ordinal        | KruskalEta + Distance,Categorical('LOG_REGION'),KruskalEtaSquared,0.0001607843819516267,40.0,True
Ordinal        | KruskalEta + Distance,Categorical('TN_VOR_MM_A_TN_VOR_MMAX_A'),KruskalEtaSquared,0.00015881506185616752,41.0,True
Ordinal        | KruskalEta + Distance,Categorical('NBJFF16_MM_A_NBJFF16_MMAX_A'),KruskalEtaSquared,0.00015859292407880497,42.0,True
Ordinal        | KruskalEta + Distance,Categorical('NBJTN5_MM_A_NBJTN5_MMAX_A'),KruskalEtaSquared,0.0001563590236691436,43.0,True
Ordinal        | KruskalEta + Distance,Ordinal('DISTANCE_335'),KruskalEtaSquared,0.0001538005320029776,44.0,True
Ordinal        | KruskalEta + Distance,Categorical('RRAB_VOR_MM_A_RRAB_VOR_MMAX_A'),KruskalEtaSquared,0.00015008156864282677,45.0,True
Ordinal        | KruskalEta + Distance,Categorical('NBJFF10_MM_A_NBJFF10_MMAX_A'),KruskalEtaSquared,0.00014425548241692572,46.0,True
Ordinal        | KruskalEta + Distance,Categorical('NBJFXY8_MM_A_NBJFXY8_MMAX_A'),KruskalEtaSquared,0.00013705223234188125,47.0,True
Ordinal        | KruskalEta + Distance,Ordinal('DISTANCE_334'),KruskalEtaSquared,0.0001367942657160826,48.0,True
Ordinal        | KruskalEta + Distance,Categorical('NBJRR30_MM_A_NBJRR30_MMAX_A'),KruskalEtaSquared,0.00013563261578586046,49.0,True
Ordinal        | KruskalEta + Distance,Categorical('ADOSS'),KruskalEtaSquared,0.0,,False
Ordinal        | KruskalEta + Distance,Categorical('CARACT1'),KruskalEtaSquared,3.349533104868061e-05,,False
Ordinal        | KruskalEta + Distance,Categorical('CARACT3'),KruskalEtaSquared,,,False
Ordinal        | KruskalEta + Distance,Categorical('INDEM1'),KruskalEtaSquared,1.3219802321711335e-05,,False
Ordinal        | KruskalEta + Distance,Categorical('TYPBAT1'),KruskalEtaSquared,0.0,,False
Ordinal        | KruskalEta + Distance,Categorical('FRCH1'),KruskalEtaSquared,0.0,,False
Ordinal        | KruskalEta + Distance,Categorical('FRCH2'),KruskalEtaSquared,2.300918248287712e-05,,False
Ordinal        | KruskalEta + Distance,Categorical('DEROG2'),KruskalEtaSquared,6.60513494589872e-05,,False
Ordinal        | KruskalEta + Distance,Categorical('DEROG3'),KruskalEtaSquared,7.510438604167906e-05,,False
Ordinal        | KruskalEta + Distance,Categorical('DEROG8'),KruskalEtaSquared,7.86174916412315e-05,,False
Ordinal        | KruskalEta + Distance,Categorical('KAPITAL34'),KruskalEtaSquared,0.0,,False
Ordinal        | KruskalEta + Distance,Categorical('KAPITAL35'),KruskalEtaSquared,8.523457306140457e-05,,False
Ordinal        | KruskalEta + Distance,Categorical('RISK6'),KruskalEtaSquared,8.276584630420472e-05,,False
Ordinal        | KruskalEta + Distance,Categorical('RISK8'),KruskalEtaSquared,3.378335489622637e-05,,False
Ordinal        | KruskalEta + Distance,Categorical('RISK9'),KruskalEtaSquared,7.446206206563981e-05,,False
Ordinal        | KruskalEta + Distance,Categorical('RISK12'),KruskalEtaSquared,9.149854604086501e-05,,False
Ordinal        | KruskalEta + Distance,Categorical('RISK13'),KruskalEtaSquared,2.949252838073162e-05,,False
Ordinal        | KruskalEta + Distance,Categorical('EQUIPEMENT2'),KruskalEtaSquared,0.0001045231031447457,,False
Ordinal        | KruskalEta + Distance,Categorical('EQUIPEMENT5'),KruskalEtaSquared,,,False
Ordinal        | KruskalEta + Distance,Categorical('ESPINSEE'),KruskalEtaSquared,,,False
Ordinal        | KruskalEta + Distance,Categorical('ZONE_REGION'),KruskalEtaSquared,0.00011030919703360812,,False
Ordinal        | KruskalEta + Distance,Categorical('LOG_AVA1_num'),KruskalEtaSquared,2.083682035912158e-05,,False
Ordinal        | KruskalEta + Distance,Categorical('LOG_A1_A2_num'),KruskalEtaSquared,0.0,,False
Ordinal        | KruskalEta + Distance,Categorical('LOG_A2_A3_num'),KruskalEtaSquared,2.2909650253068825e-05,,False
Ordinal        | KruskalEta + Distance,Categorical('LOG_APA3_num'),KruskalEtaSquared,2.228613848580565e-05,,False
Ordinal        | KruskalEta + Distance,Categorical('LOG_INC_num'),KruskalEtaSquared,0.0,,False
Ordinal        | KruskalEta + Distance,Categorical('LOG_SOC_num'),KruskalEtaSquared,2.6264995909418133e-05,,False
Ordinal        | KruskalEta + Distance,Categorical('LOG_TOT'),KruskalEtaSquared,1.395567224438581e-05,,False
Ordinal        | KruskalEta + Distance,Categorical('LOG_A1_A2_num_LOG_TOT'),KruskalEtaSquared,1.6705768227059786e-05,,False
Ordinal        | KruskalEta + Distance,Categorical('LOG_A2_A3_num_LOG_TOT'),KruskalEtaSquared,1.925441779580437e-05,,False
Ordinal        | KruskalEta + Distance,Categorical('LOG_INC_num_LOG_TOT'),KruskalEtaSquared,1.395567224438581e-05,,False
Ordinal        | KruskalEta + Distance,Categorical('LOG_SOC_num_LOG_TOT'),KruskalEtaSquared,2.866198415241324e-05,,False
Ordinal        | KruskalEta + Distance,Categorical('MEN_PAUV_num'),KruskalEtaSquared,2.303083265442661e-06,,False
Ordinal        | KruskalEta + Distance,Categorical('MEN_1IND_num'),KruskalEtaSquared,3.577463442727374e-05,,False
Ordinal        | KruskalEta + Distance,Categorical('MEN_5IND_num'),KruskalEtaSquared,8.552661301466482e-06,,False
Ordinal        | KruskalEta + Distance,Categorical('MEN_PROP_num'),KruskalEtaSquared,8.231177356034577e-06,,False
Ordinal        | KruskalEta + Distance,Categorical('MEN_FMP_num'),KruskalEtaSquared,0.0,,False
Ordinal        | KruskalEta + Distance,Categorical('MEN_COLL_num'),KruskalEtaSquared,9.588933039401079e-07,,False
Ordinal        | KruskalEta + Distance,Categorical('MEN_MAIS_num'),KruskalEtaSquared,8.012340056627158e-07,,False
Ordinal        | KruskalEta + Distance,Categorical('MEN_TOT'),KruskalEtaSquared,4.965197676281014e-05,,False
Ordinal        | KruskalEta + Distance,Categorical('MEN_PAUV_MEN_TOT'),KruskalEtaSquared,4.241239742532224e-05,,False
Ordinal        | KruskalEta + Distance,Categorical('MEN_PAUV_MEN'),KruskalEtaSquared,0.0,,False
Ordinal        | KruskalEta + Distance,Categorical('MEN_1IND_MEN_TOT'),KruskalEtaSquared,0.00010210143700163645,,False
Ordinal        | KruskalEta + Distance,Categorical('MEN_1IND_MEN'),KruskalEtaSquared,3.810692313795513e-05,,False
Ordinal        | KruskalEta + Distance,Categorical('MEN_5IND_MEN_TOT'),KruskalEtaSquared,4.963840384890068e-05,,False
Ordinal        | KruskalEta + Distance,Categorical('MEN_5IND_MEN'),KruskalEtaSquared,1.0796057807958832e-05,,False
Ordinal        | KruskalEta + Distance,Categorical('MEN_PROP_MEN_TOT'),KruskalEtaSquared,8.600226441516844e-05,,False
Ordinal        | KruskalEta + Distance,Categorical('MEN_PROP_MEN'),KruskalEtaSquared,1.016782951446214e-05,,False
Ordinal        | KruskalEta + Distance,Categorical('MEN_FMP_MEN_TOT'),KruskalEtaSquared,6.938041848171363e-05,,False
Ordinal        | KruskalEta + Distance,Categorical('MEN_FMP_MEN'),KruskalEtaSquared,0.0,,False
Ordinal        | KruskalEta + Distance,Categorical('MEN_COLL_MEN_TOT'),KruskalEtaSquared,5.185407837771671e-05,,False
Ordinal        | KruskalEta + Distance,Categorical('MEN_COLL_MEN'),KruskalEtaSquared,4.931840218012194e-06,,False
Ordinal        | KruskalEta + Distance,Categorical('MEN_MAIS_MEN_TOT'),KruskalEtaSquared,5.185407837771671e-05,,False
Ordinal        | KruskalEta + Distance,Categorical('MEN_MAIS_MEN'),KruskalEtaSquared,4.824826523411918e-06,,False
Ordinal        | KruskalEta + Distance,Categorical('MEN_MEN_TOT'),KruskalEtaSquared,4.802181668570326e-05,,False
Ordinal        | KruskalEta + Distance,Categorical('MEN_REGION'),KruskalEtaSquared,0.00011235393851434518,,False
Ordinal        | KruskalEta + Distance,Categorical('IND_Y2_Y3_num'),KruskalEtaSquared,3.931604559565157e-06,,False
Ordinal        | KruskalEta + Distance,Categorical('IND_Y3_Y4_num'),KruskalEtaSquared,2.1766177013960867e-05,,False
Ordinal        | KruskalEta + Distance,Categorical('IND_Y5_Y6_num'),KruskalEtaSquared,2.2804296614949454e-05,,False
Ordinal        | KruskalEta + Distance,Categorical('IND_Y8_Y9_num'),KruskalEtaSquared,4.3377649414219145e-05,,False
Ordinal        | KruskalEta + Distance,Categorical('IND_Y9_num'),KruskalEtaSquared,3.085343309227903e-05,,False
Ordinal        | KruskalEta + Distance,Categorical('IND_SNV_num'),KruskalEtaSquared,2.4132219683516306e-06,,False
Ordinal        | KruskalEta + Distance,Categorical('IND_TOT'),KruskalEtaSquared,1.1013380411857703e-05,,False
Ordinal        | KruskalEta + Distance,Categorical('IND_IND_TOT'),KruskalEtaSquared,8.677709598482582e-06,,False
Ordinal        | KruskalEta + Distance,Categorical('IND_IND_SNV'),KruskalEtaSquared,1.7902623551618165e-06,,False
Ordinal        | KruskalEta + Distance,Categorical('IND_0_Y1_IND_TOT'),KruskalEtaSquared,1.1021243536059332e-05,,False
Ordinal        | KruskalEta + Distance,Categorical('IND_0_Y1_IND_SNV'),KruskalEtaSquared,2.420330460463184e-06,,False
Ordinal        | KruskalEta + Distance,Categorical('IND_Y1_Y2_IND_TOT'),KruskalEtaSquared,1.1013380411857703e-05,,False
Ordinal        | KruskalEta + Distance,Categorical('IND_Y1_Y2_IND_SNV'),KruskalEtaSquared,2.4132219683516306e-06,,False
Ordinal        | KruskalEta + Distance,Categorical('IND_Y2_Y3_IND_TOT'),KruskalEtaSquared,8.516371158233052e-06,,False
Ordinal        | KruskalEta + Distance,Categorical('IND_Y2_Y3_IND_SNV'),KruskalEtaSquared,2.011377864291635e-06,,False
Ordinal        | KruskalEta + Distance,Categorical('IND_Y3_Y4_IND_TOT'),KruskalEtaSquared,3.239165931727055e-05,,False
Ordinal        | KruskalEta + Distance,Categorical('IND_Y3_Y4_IND'),KruskalEtaSquared,2.317133905221701e-05,,False
Ordinal        | KruskalEta + Distance,Categorical('IND_Y3_Y4_IND_SNV'),KruskalEtaSquared,2.743126388037497e-05,,False
Ordinal        | KruskalEta + Distance,Categorical('IND_Y4_Y5_IND_TOT'),KruskalEtaSquared,1.3578731686453987e-05,,False
Ordinal        | KruskalEta + Distance,Categorical('IND_Y4_Y5_IND'),KruskalEtaSquared,0.0,,False
Ordinal        | KruskalEta + Distance,Categorical('IND_Y4_Y5_IND_SNV'),KruskalEtaSquared,3.975707557034934e-06,,False
Ordinal        | KruskalEta + Distance,Categorical('IND_Y5_Y6_IND_TOT'),KruskalEtaSquared,2.020998147806317e-05,,False
Ordinal        | KruskalEta + Distance,Categorical('IND_Y5_Y6_IND'),KruskalEtaSquared,2.4682946529804217e-05,,False
Ordinal        | KruskalEta + Distance,Categorical('IND_Y5_Y6_IND_SNV'),KruskalEtaSquared,2.453347982608558e-05,,False
Ordinal        | KruskalEta + Distance,Categorical('IND_Y6_Y7_IND_TOT'),KruskalEtaSquared,1.7902554538724814e-05,,False
Ordinal        | KruskalEta + Distance,Categorical('IND_Y6_Y7_IND_SNV'),KruskalEtaSquared,3.2415789815280405e-05,,False
Ordinal        | KruskalEta + Distance,Categorical('IND_Y7_Y8_IND_TOT'),KruskalEtaSquared,5.2590094264496534e-06,,False
Ordinal        | KruskalEta + Distance,Categorical('IND_Y7_Y8_IND_SNV'),KruskalEtaSquared,1.0156917635681312e-05,,False
Ordinal        | KruskalEta + Distance,Categorical('IND_Y8_Y9_IND_TOT'),KruskalEtaSquared,1.8335849065544045e-05,,False
Ordinal        | KruskalEta + Distance,Categorical('IND_Y8_Y9_IND'),KruskalEtaSquared,3.88272780226521e-05,,False
Ordinal        | KruskalEta + Distance,Categorical('IND_Y8_Y9_IND_SNV'),KruskalEtaSquared,3.940337838854129e-05,,False
Ordinal        | KruskalEta + Distance,Categorical('IND_Y9_IND_TOT'),KruskalEtaSquared,3.413284917895062e-05,,False
Ordinal        | KruskalEta + Distance,Categorical('IND_Y9_IND'),KruskalEtaSquared,3.054379361006168e-05,,False
Ordinal        | KruskalEta + Distance,Categorical('IND_Y9_IND_SNV'),KruskalEtaSquared,3.236741574246251e-05,,False
Ordinal        | KruskalEta + Distance,Categorical('IND_INC_IND_TOT'),KruskalEtaSquared,1.1013380411857703e-05,,False
Ordinal        | KruskalEta + Distance,Categorical('IND_INC_IND_SNV'),KruskalEtaSquared,2.4132219683516306e-06,,False
Ordinal        | KruskalEta + Distance,Categorical('IND_SNV_IND_TOT'),KruskalEtaSquared,4.5457923982198515e-05,,False
Ordinal        | KruskalEta + Distance,Categorical('IND_SNV_IND'),KruskalEtaSquared,1.7902623551618165e-06,,False
Ordinal        | KruskalEta + Distance,Categorical('ALTITUDE_1_num'),KruskalEtaSquared,0.00010360798439637614,,False
Ordinal        | KruskalEta + Distance,Categorical('ALTITUDE_2_num'),KruskalEtaSquared,8.762922351181035e-05,,False
Ordinal        | KruskalEta + Distance,Categorical('ALTITUDE_3_num'),KruskalEtaSquared,7.997817833170395e-05,,False
Ordinal        | KruskalEta + Distance,Categorical('ALTITUDE_4_num'),KruskalEtaSquared,4.694549786388551e-05,,False
Ordinal        | KruskalEta + Distance,Categorical('ALTITUDE_5_num'),KruskalEtaSquared,8.318323319976506e-05,,False
Ordinal        | KruskalEta + Distance,Categorical('ALTITUDE_TOT'),KruskalEtaSquared,0.00012775435070269128,,False
Ordinal        | KruskalEta + Distance,Categorical('ALTITUDE_1_ALT_TOT'),KruskalEtaSquared,0.00012775435070269128,,False
Ordinal        | KruskalEta + Distance,Categorical('ALTITUDE_2_ALT_TOT'),KruskalEtaSquared,0.00012775435070269128,,False
Ordinal        | KruskalEta + Distance,Categorical('ALTITUDE_3_ALT_TOT'),KruskalEtaSquared,0.00012775435070269128,,False
Ordinal        | KruskalEta + Distance,Categorical('ALTITUDE_4_ALT_TOT'),KruskalEtaSquared,0.00012775435070269128,,False
Ordinal        | KruskalEta + Distance,Categorical('ALTITUDE_5_ALT_TOT'),KruskalEtaSquared,0.00012775435070269128,,False
Ordinal        | KruskalEta + Distance,Categorical('ALTITUDE_REGION'),KruskalEtaSquared,6.165137254025496e-05,,False
Ordinal        | KruskalEta + Distance,Categorical('NBJTX25_MM_A_NBJTX25_MMAX_A'),KruskalEtaSquared,5.4061666549143635e-05,,False
Ordinal        | KruskalEta + Distance,Categorical('NBJTXI27_MM_A_NBJTXI27_MMAX_A'),KruskalEtaSquared,6.945231518131438e-05,,False
Ordinal        | KruskalEta + Distance,Categorical('NBJTXS32_MM_A_NBJTXS32_MMAX_A'),KruskalEtaSquared,7.576260232343533e-05,,False
Ordinal        | KruskalEta + Distance,Categorical('NBJTXI20_MM_A_NBJTXI20_MMAX_A'),KruskalEtaSquared,9.27352564870029e-05,,False
Ordinal        | KruskalEta + Distance,Categorical('NBJTX30_MM_A_NBJTX30_MMAX_A'),KruskalEtaSquared,9.777938983237339e-05,,False
Ordinal        | KruskalEta + Distance,Categorical('NBJTX35_MM_A_NBJTX35_MMAX_A'),KruskalEtaSquared,2.2229109964444716e-05,,False
Ordinal        | KruskalEta + Distance,Categorical('NBJTN10_MM_A_NBJTN10_MMAX_A'),KruskalEtaSquared,1.055048852991096e-05,,False
Ordinal        | KruskalEta + Distance,Categorical('NBJTNI10_MM_A_NBJTNI10_MMAX_A'),KruskalEtaSquared,9.578246410540372e-05,,False
Ordinal        | KruskalEta + Distance,Categorical('NBJTNS25_MM_A_NBJTNS25_MMAX_A'),KruskalEtaSquared,,,False
Ordinal        | KruskalEta + Distance,Categorical('NBJTNI15_MM_A_NBJTNI15_MMAX_A'),KruskalEtaSquared,4.39473842298031e-05,,False
Ordinal        | KruskalEta + Distance,Categorical('NBJTNI20_MM_A_NBJTNI20_MMAX_A'),KruskalEtaSquared,1.4537893889481888e-05,,False
Ordinal        | KruskalEta + Distance,Categorical('NBJTNS20_MM_A_NBJTNS20_MMAX_A'),KruskalEtaSquared,5.505117153442166e-05,,False
Ordinal        | KruskalEta + Distance,Categorical('NBJTMS24_MM_A_NBJTMS24_MMAX_A'),KruskalEtaSquared,4.737213961962309e-05,,False
Ordinal        | KruskalEta + Distance,Categorical('TAMPLIAB_VOR_MM_A_TAMPLIAB_VOR_MMAX_A'),KruskalEtaSquared,0.00013421392961391175,,False
Ordinal        | KruskalEta + Distance,Categorical('TAMPLIM_VOR_MM_A_TAMPLIM_VOR_MMAX_A'),KruskalEtaSquared,0.00012233823543897763,,False
Ordinal        | KruskalEta + Distance,Categorical('TM_VOR_MM_A_TM_VOR_MMAX_A'),KruskalEtaSquared,4.330567378267202e-05,,False
Ordinal        | KruskalEta + Distance,Categorical('TMM_VOR_MM_A_TMM_VOR_MMAX_A'),KruskalEtaSquared,2.8274939135767434e-05,,False
Ordinal        | KruskalEta + Distance,Categorical('TMMAX_VOR_MM_A_TMMAX_VOR_MMAX_A'),KruskalEtaSquared,8.201276913554426e-05,,False
Ordinal        | KruskalEta + Distance,Categorical('TMMIN_VOR_MM_A_TMMIN_VOR_MMAX_A'),KruskalEtaSquared,0.000107911163567379,,False
Ordinal        | KruskalEta + Distance,Categorical('TNAB_VOR_MM_A_TNAB_VOR_MMAX_A'),KruskalEtaSquared,0.00011334849436417256,,False
Ordinal        | KruskalEta + Distance,Categorical('TNMAX_VOR_MM_A_TNMAX_VOR_MMAX_A'),KruskalEtaSquared,6.006015296820963e-05,,False
Ordinal        | KruskalEta + Distance,Categorical('TX_VOR_MM_A_TX_VOR_MMAX_A'),KruskalEtaSquared,9.552564609499724e-05,,False
Ordinal        | KruskalEta + Distance,Categorical('TXMIN_VOR_MM_A_TXMIN_VOR_MMAX_A'),KruskalEtaSquared,5.347004041248924e-05,,False
Ordinal        | KruskalEta + Distance,Categorical('NBJFF28_MM_A_NBJFF28_MMAX_A'),KruskalEtaSquared,9.859335003249422e-05,,False
Ordinal        | KruskalEta + Distance,Categorical('NBJFXY10_MM_A_NBJFXY10_MMAX_A'),KruskalEtaSquared,0.0001124290985179355,,False
Ordinal        | KruskalEta + Distance,Categorical('NBJFXY15_MM_A_NBJFXY15_MMAX_A'),KruskalEtaSquared,0.00011102807014681501,,False
Ordinal        | KruskalEta + Distance,Categorical('FFM_VOR_MM_A_FFM_VOR_MMAX_A'),KruskalEtaSquared,4.6136182183884196e-05,,False
Ordinal        | KruskalEta + Distance,Categorical('FXI3SAB_VOR_MM_A_FXI3SAB_VOR_MMAX_A'),KruskalEtaSquared,4.490583989255813e-05,,False
Ordinal        | KruskalEta + Distance,Categorical('FXIAB_VOR_MM_A_FXIAB_VOR_MMAX_A'),KruskalEtaSquared,8.247693458515022e-05,,False
Ordinal        | KruskalEta + Distance,Categorical('FXYAB_VOR_MM_A_FXYAB_VOR_MMAX_A'),KruskalEtaSquared,3.997579450286242e-05,,False
Ordinal        | KruskalEta + Distance,Categorical('FFM_VOR_COM_MM_A_Y_FFM_VOR_COM_MMAX_A_Y'),KruskalEtaSquared,0.00011482034477625343,,False
Ordinal        | KruskalEta + Distance,Categorical('FXI3SAB_VOR_COM_MM_A_Y_FXI3SAB_VOR_COM_MMAX_A_Y'),KruskalEtaSquared,8.703326993469353e-05,,False
Ordinal        | KruskalEta + Distance,Categorical('NBJRR1_MM_A_NBJRR1_MMAX_A'),KruskalEtaSquared,7.73161340446964e-05,,False
Ordinal        | KruskalEta + Distance,Categorical('NBJRR5_MM_A_NBJRR5_MMAX_A'),KruskalEtaSquared,9.491053395038671e-05,,False
Ordinal        | KruskalEta + Distance,Categorical('NBJRR100_MM_A_NBJRR100_MMAX_A'),KruskalEtaSquared,3.0336537895031822e-05,,False
Ordinal        | KruskalEta + Distance,Categorical('RR_VOR_MM_A_RR_VOR_MMAX_A'),KruskalEtaSquared,0.0001181114858321711,,False
Ordinal        | KruskalEta + Distance,Categorical('nb_casernes_extinction_rate'),KruskalEtaSquared,2.66234610630337e-05,,False
Ordinal        | KruskalEta + Distance,Categorical('VENT_x_CASERNES'),KruskalEtaSquared,0.00012940289226370227,,False
Ordinal        | KruskalEta + Distance,Ordinal('NB_CASERNES'),KruskalEtaSquared,0.0,,False
Ordinal        | KruskalEta + Distance,Ordinal('MEN_SURF'),KruskalEtaSquared,2.3081187526055063e-05,,False
Ordinal        | KruskalEta + Distance,Ordinal('IND_SNV'),KruskalEtaSquared,2.4132219683516306e-06,,False
Ordinal        | KruskalEta + Distance,Ordinal('IND_Y9'),KruskalEtaSquared,3.085343309227903e-05,,False
Ordinal        | KruskalEta + Distance,Ordinal('LOG_SOC'),KruskalEtaSquared,2.6264995909418133e-05,,False
Ordinal        | KruskalEta + Distance,Ordinal('LOG_APA3'),KruskalEtaSquared,2.228613848580565e-05,,False
Ordinal        | KruskalEta + Distance,Ordinal('LOG_AVA1'),KruskalEtaSquared,2.338893190836409e-05,,False
Ordinal        | KruskalEta + Distance,Ordinal('MEN_MAIS'),KruskalEtaSquared,1.436565553982829e-05,,False
Ordinal        | KruskalEta + Distance,Ordinal('MEN_COLL'),KruskalEtaSquared,1.5640977592092292e-05,,False
Ordinal        | KruskalEta + Distance,Ordinal('MEN_FMP'),KruskalEtaSquared,0.0,,False
Ordinal        | KruskalEta + Distance,Ordinal('MEN_PROP'),KruskalEtaSquared,0.0,,False
Ordinal        | KruskalEta + Distance,Ordinal('MEN_PAUV'),KruskalEtaSquared,2.303083265442661e-06,,False
Ordinal        | KruskalEta + Distance,Ordinal('COEFASS'),KruskalEtaSquared,3.925155274126705e-05,,False
Ordinal        | KruskalEta + Distance,Ordinal('DISTANCE_111'),KruskalEtaSquared,0.0,,False
Ordinal        | KruskalEta + Distance,Ordinal('DISTANCE_112'),KruskalEtaSquared,9.185860921386318e-06,,False
Ordinal        | KruskalEta + Distance,Ordinal('DISTANCE_121'),KruskalEtaSquared,6.232450545800146e-06,,False
Ordinal        | KruskalEta + Distance,Ordinal('DISTANCE_122'),KruskalEtaSquared,4.402234307499009e-06,,False
Ordinal        | KruskalEta + Distance,Ordinal('DISTANCE_123'),KruskalEtaSquared,5.9525185291227853e-05,,False
Ordinal        | KruskalEta + Distance,Ordinal('DISTANCE_124'),KruskalEtaSquared,,,False
Ordinal        | KruskalEta + Distance,Ordinal('DISTANCE_131'),KruskalEtaSquared,0.0,,False
Ordinal        | KruskalEta + Distance,Ordinal('DISTANCE_132'),KruskalEtaSquared,9.234226216354774e-05,,False
Ordinal        | KruskalEta + Distance,Ordinal('DISTANCE_133'),KruskalEtaSquared,8.656086549774834e-06,,False
Ordinal        | KruskalEta + Distance,Ordinal('DISTANCE_141'),KruskalEtaSquared,5.507313398210545e-06,,False
Ordinal        | KruskalEta + Distance,Ordinal('DISTANCE_142'),KruskalEtaSquared,,,False
Ordinal        | KruskalEta + Distance,Ordinal('DISTANCE_211'),KruskalEtaSquared,6.930514692261116e-05,,False
Ordinal        | KruskalEta + Distance,Ordinal('DISTANCE_221'),KruskalEtaSquared,7.832964850896779e-06,,False
Ordinal        | KruskalEta + Distance,Ordinal('DISTANCE_222'),KruskalEtaSquared,5.656712615973347e-05,,False
Ordinal        | KruskalEta + Distance,Ordinal('DISTANCE_223'),KruskalEtaSquared,0.00018868929077434798,,False
Ordinal        | KruskalEta + Distance,Ordinal('DISTANCE_231'),KruskalEtaSquared,8.439971842045937e-06,,False
Ordinal        | KruskalEta + Distance,Ordinal('DISTANCE_242'),KruskalEtaSquared,4.28063480854182e-05,,False
Ordinal        | KruskalEta + Distance,Ordinal('DISTANCE_243'),KruskalEtaSquared,0.0,,False
Ordinal        | KruskalEta + Distance,Ordinal('DISTANCE_244'),KruskalEtaSquared,,,False
Ordinal        | KruskalEta + Distance,Ordinal('DISTANCE_311'),KruskalEtaSquared,0.00010880924069807457,,False
Ordinal        | KruskalEta + Distance,Ordinal('DISTANCE_312'),KruskalEtaSquared,,,False
Ordinal        | KruskalEta + Distance,Ordinal('DISTANCE_313'),KruskalEtaSquared,,,False
Ordinal        | KruskalEta + Distance,Ordinal('DISTANCE_321'),KruskalEtaSquared,0.0001154132079991009,,False
Ordinal        | KruskalEta + Distance,Ordinal('DISTANCE_322'),KruskalEtaSquared,0.0,,False
Ordinal        | KruskalEta + Distance,Ordinal('DISTANCE_324'),KruskalEtaSquared,,,False
Ordinal        | KruskalEta + Distance,Ordinal('DISTANCE_331'),KruskalEtaSquared,0.0,,False
Ordinal        | KruskalEta + Distance,Ordinal('DISTANCE_332'),KruskalEtaSquared,5.752122975154305e-05,,False
Ordinal        | KruskalEta + Distance,Ordinal('DISTANCE_333'),KruskalEtaSquared,0.0,,False
Ordinal        | KruskalEta + Distance,Ordinal('DISTANCE_412'),KruskalEtaSquared,3.988647945024529e-06,,False
Ordinal        | KruskalEta + Distance,Ordinal('DISTANCE_421'),KruskalEtaSquared,4.917930400993254e-06,,False
Ordinal        | KruskalEta + Distance,Ordinal('DISTANCE_422'),KruskalEtaSquared,8.499474640589004e-05,,False
Ordinal        | KruskalEta + Distance,Ordinal('DISTANCE_423'),KruskalEtaSquared,1.1626860555207853e-05,,False
Ordinal        | KruskalEta + Distance,Ordinal('DISTANCE_511'),KruskalEtaSquared,2.715075195825916e-05,,False
Ordinal        | KruskalEta + Distance,Ordinal('DISTANCE_512'),KruskalEtaSquared,1.4300743258008329e-05,,False
Ordinal        | KruskalEta + Distance,Ordinal('DISTANCE_521'),KruskalEtaSquared,1.193934680509865e-05,,False
Ordinal        | KruskalEta + Distance,Ordinal('DISTANCE_522'),KruskalEtaSquared,9.747772139749646e-07,,False
Ordinal        | KruskalEta + Distance,Ordinal('DISTANCE_523'),KruskalEtaSquared,5.661336457848591e-06,,False
Ordinal        | KruskalEta + Distance,Ordinal('PROPORTION_22'),KruskalEtaSquared,1.2391424587407124e-05,,False
Ordinal        | KruskalEta + Distance,Ordinal('PROPORTION_23'),KruskalEtaSquared,1.7305361256029676e-05,,False
Ordinal        | KruskalEta + Distance,Ordinal('PROPORTION_24'),KruskalEtaSquared,7.2719286087642e-05,,False
Ordinal        | KruskalEta + Distance,Ordinal('PROPORTION_31'),KruskalEtaSquared,9.164307527474872e-05,,False
Ordinal        | KruskalEta + Distance,Ordinal('PROPORTION_32'),KruskalEtaSquared,0.0,,False
Ordinal        | KruskalEta + Distance,Ordinal('MEN_1IND'),KruskalEtaSquared,3.5725634979862874e-05,,False
Ordinal        | KruskalEta + Distance,Ordinal('MEN_5IND'),KruskalEtaSquared,8.299906399011605e-06,,False
Ordinal        | KruskalEta + Distance,Ordinal('LOG_A2_A3'),KruskalEtaSquared,2.268188280568751e-05,,False
Ordinal        | KruskalEta + Distance,Ordinal('IND_Y3_Y4'),KruskalEtaSquared,2.1766177013960867e-05,,False
Ordinal        | KruskalEta + Distance,Ordinal('IND_Y5_Y6'),KruskalEtaSquared,2.252858593265651e-05,,False
Ordinal        | KruskalEta + Distance,Ordinal('IND_Y8_Y9'),KruskalEtaSquared,4.3377649414219145e-05,,False
Ordinal        | KruskalEta + Distance,Ordinal('DISTANCE_1'),KruskalEtaSquared,1.2651170716021893e-05,,False
Ordinal        | KruskalEta + Distance,Ordinal('DISTANCE_2'),KruskalEtaSquared,,,False
Ordinal        | KruskalEta + Distance,Ordinal('ALTITUDE_1'),KruskalEtaSquared,0.00010360798439637614,,False
Ordinal        | KruskalEta + Distance,Ordinal('ALTITUDE_2'),KruskalEtaSquared,8.762922351181035e-05,,False
Ordinal        | KruskalEta + Distance,Ordinal('ALTITUDE_3'),KruskalEtaSquared,7.997817833170395e-05,,False
Ordinal        | KruskalEta + Distance,Ordinal('ALTITUDE_4'),KruskalEtaSquared,4.694549786388551e-05,,False
Ordinal        | KruskalEta + Distance,Ordinal('ALTITUDE_5'),KruskalEtaSquared,8.318323319976506e-05,,False
Ordinal        | KruskalEta + Distance,Ordinal('NBJTX25_MM_A'),KruskalEtaSquared,9.327629025034963e-06,,False
Ordinal        | KruskalEta + Distance,Ordinal('NBJTX25_MMAX_A'),KruskalEtaSquared,3.9619000579445564e-05,,False
Ordinal        | KruskalEta + Distance,Ordinal('NBJTX25_MSOM_A'),KruskalEtaSquared,9.327629025034963e-06,,False
Ordinal        | KruskalEta + Distance,Ordinal('NBJTX0_MM_A'),KruskalEtaSquared,4.695676769748226e-05,,False
Ordinal        | KruskalEta + Distance,Ordinal('NBJTX0_MMAX_A'),KruskalEtaSquared,9.194592387567831e-05,,False
Ordinal        | KruskalEta + Distance,Ordinal('NBJTX0_MSOM_A'),KruskalEtaSquared,4.695676769748226e-05,,False
Ordinal        | KruskalEta + Distance,Ordinal('NBJTXI27_MM_A'),KruskalEtaSquared,4.051965226845534e-05,,False
Ordinal        | KruskalEta + Distance,Ordinal('NBJTXI27_MMAX_A'),KruskalEtaSquared,2.690524119599638e-05,,False
Ordinal        | KruskalEta + Distance,Ordinal('NBJTXI27_MSOM_A'),KruskalEtaSquared,4.051965226845534e-05,,False
Ordinal        | KruskalEta + Distance,Ordinal('NBJTXS32_MM_A'),KruskalEtaSquared,3.364511624581535e-05,,False
Ordinal        | KruskalEta + Distance,Ordinal('NBJTXS32_MMAX_A'),KruskalEtaSquared,2.6071759661158402e-05,,False
Ordinal        | KruskalEta + Distance,Ordinal('NBJTXS32_MSOM_A'),KruskalEtaSquared,3.364511624581535e-05,,False
Ordinal        | KruskalEta + Distance,Ordinal('NBJTXI20_MM_A'),KruskalEtaSquared,5.9429877444472023e-05,,False
Ordinal        | KruskalEta + Distance,Ordinal('NBJTXI20_MMAX_A'),KruskalEtaSquared,1.1780788575801765e-05,,False
Ordinal        | KruskalEta + Distance,Ordinal('NBJTXI20_MSOM_A'),KruskalEtaSquared,5.9429877444472023e-05,,False
Ordinal        | KruskalEta + Distance,Ordinal('NBJTX30_MM_A'),KruskalEtaSquared,5.038299884710999e-05,,False
Ordinal        | KruskalEta + Distance,Ordinal('NBJTX30_MMAX_A'),KruskalEtaSquared,5.202946887237589e-05,,False
Ordinal        | KruskalEta + Distance,Ordinal('NBJTX30_MSOM_A'),KruskalEtaSquared,5.038299884710999e-05,,False
Ordinal        | KruskalEta + Distance,Ordinal('NBJTX35_MM_A'),KruskalEtaSquared,9.417657124137852e-06,,False
Ordinal        | KruskalEta + Distance,Ordinal('NBJTX35_MMAX_A'),KruskalEtaSquared,1.1684747912265396e-05,,False
Ordinal        | KruskalEta + Distance,Ordinal('NBJTX35_MSOM_A'),KruskalEtaSquared,9.417657124137852e-06,,False
Ordinal        | KruskalEta + Distance,Ordinal('NBJTN10_MM_A'),KruskalEtaSquared,2.194427939076503e-05,,False
Ordinal        | KruskalEta + Distance,Ordinal('NBJTN10_MMAX_A'),KruskalEtaSquared,1.7785061810805914e-05,,False
Ordinal        | KruskalEta + Distance,Ordinal('NBJTN10_MSOM_A'),KruskalEtaSquared,2.194427939076503e-05,,False
Ordinal        | KruskalEta + Distance,Ordinal('NBJTNI10_MM_A'),KruskalEtaSquared,1.2985454362309502e-05,,False
Ordinal        | KruskalEta + Distance,Ordinal('NBJTNI10_MMAX_A'),KruskalEtaSquared,0.0,,False
Ordinal        | KruskalEta + Distance,Ordinal('NBJTNI10_MSOM_A'),KruskalEtaSquared,1.2985454362309502e-05,,False
Ordinal        | KruskalEta + Distance,Ordinal('NBJTN5_MM_A'),KruskalEtaSquared,3.4833074709837604e-05,,False
Ordinal        | KruskalEta + Distance,Ordinal('NBJTN5_MMAX_A'),KruskalEtaSquared,2.5758286207700423e-05,,False
Ordinal        | KruskalEta + Distance,Ordinal('NBJTN5_MSOM_A'),KruskalEtaSquared,3.4833074709837604e-05,,False
Ordinal        | KruskalEta + Distance,Ordinal('NBJTNS25_MM_A'),KruskalEtaSquared,,,False
Ordinal        | KruskalEta + Distance,Ordinal('NBJTNS25_MMAX_A'),KruskalEtaSquared,,,False
Ordinal        | KruskalEta + Distance,Ordinal('NBJTNS25_MSOM_A'),KruskalEtaSquared,,,False
Ordinal        | KruskalEta + Distance,Ordinal('NBJTNI15_MM_A'),KruskalEtaSquared,2.329142391137681e-05,,False
Ordinal        | KruskalEta + Distance,Ordinal('NBJTNI15_MMAX_A'),KruskalEtaSquared,,,False
Ordinal        | KruskalEta + Distance,Ordinal('NBJTNI15_MSOM_A'),KruskalEtaSquared,2.329142391137681e-05,,False
Ordinal        | KruskalEta + Distance,Ordinal('NBJTNI20_MM_A'),KruskalEtaSquared,1.4537893889481888e-05,,False
Ordinal        | KruskalEta + Distance,Ordinal('NBJTNI20_MMAX_A'),KruskalEtaSquared,,,False
Ordinal        | KruskalEta + Distance,Ordinal('NBJTNI20_MSOM_A'),KruskalEtaSquared,1.4537893889481888e-05,,False
Ordinal        | KruskalEta + Distance,Ordinal('NBJTNS20_MM_A'),KruskalEtaSquared,3.5259852495153655e-05,,False
Ordinal        | KruskalEta + Distance,Ordinal('NBJTNS20_MMAX_A'),KruskalEtaSquared,2.538463309320926e-06,,False
Ordinal        | KruskalEta + Distance,Ordinal('NBJTNS20_MSOM_A'),KruskalEtaSquared,3.5259852495153655e-05,,False
Ordinal        | KruskalEta + Distance,Ordinal('NBJTMS24_MM_A'),KruskalEtaSquared,1.9943889819388157e-05,,False
Ordinal        | KruskalEta + Distance,Ordinal('NBJTMS24_MMAX_A'),KruskalEtaSquared,2.3612288259112523e-05,,False
Ordinal        | KruskalEta + Distance,Ordinal('NBJTMS24_MSOM_A'),KruskalEtaSquared,1.9943889819388157e-05,,False
Ordinal        | KruskalEta + Distance,Ordinal('TAMPLIAB_VOR_MM_A'),KruskalEtaSquared,8.344687726169603e-05,,False
Ordinal        | KruskalEta + Distance,Ordinal('TAMPLIAB_VOR_MMAX_A'),KruskalEtaSquared,8.935938315194374e-06,,False
Ordinal        | KruskalEta + Distance,Ordinal('TAMPLIM_VOR_MM_A'),KruskalEtaSquared,8.190169839401799e-05,,False
Ordinal        | KruskalEta + Distance,Ordinal('TAMPLIM_VOR_MMAX_A'),KruskalEtaSquared,8.619841003553509e-06,,False
Ordinal        | KruskalEta + Distance,Ordinal('TM_VOR_MM_A'),KruskalEtaSquared,4.476135890414142e-05,,False
Ordinal        | KruskalEta + Distance,Ordinal('TM_VOR_MMAX_A'),KruskalEtaSquared,3.540319588062794e-05,,False
Ordinal        | KruskalEta + Distance,Ordinal('TMM_VOR_MM_A'),KruskalEtaSquared,1.3688100421788742e-05,,False
Ordinal        | KruskalEta + Distance,Ordinal('TMM_VOR_MMAX_A'),KruskalEtaSquared,1.460040582018508e-05,,False
Ordinal        | KruskalEta + Distance,Ordinal('TMMAX_VOR_MM_A'),KruskalEtaSquared,4.902896680864494e-05,,False
Ordinal        | KruskalEta + Distance,Ordinal('TMMAX_VOR_MMAX_A'),KruskalEtaSquared,2.7543257373867997e-05,,False
Ordinal        | KruskalEta + Distance,Ordinal('TMMIN_VOR_MM_A'),KruskalEtaSquared,4.9685935856938774e-05,,False
Ordinal        | KruskalEta + Distance,Ordinal('TMMIN_VOR_MMAX_A'),KruskalEtaSquared,1.6877750386688266e-07,,False
Ordinal        | KruskalEta + Distance,Ordinal('TN_VOR_MM_A'),KruskalEtaSquared,3.1955544625192765e-05,,False
Ordinal        | KruskalEta + Distance,Ordinal('TN_VOR_MMAX_A'),KruskalEtaSquared,2.767294915484714e-05,,False
Ordinal        | KruskalEta + Distance,Ordinal('TNAB_VOR_MM_A'),KruskalEtaSquared,2.018342737948527e-05,,False
Ordinal        | KruskalEta + Distance,Ordinal('TNAB_VOR_MMAX_A'),KruskalEtaSquared,3.181974485396964e-05,,False
Ordinal        | KruskalEta + Distance,Ordinal('TNMAX_VOR_MM_A'),KruskalEtaSquared,1.8140156142171257e-05,,False
Ordinal        | KruskalEta + Distance,Ordinal('TNMAX_VOR_MMAX_A'),KruskalEtaSquared,3.144308857902252e-05,,False
Ordinal        | KruskalEta + Distance,Ordinal('TX_VOR_MM_A'),KruskalEtaSquared,4.5868717209043764e-05,,False
Ordinal        | KruskalEta + Distance,Ordinal('TX_VOR_MMAX_A'),KruskalEtaSquared,1.268238988172014e-05,,False
Ordinal        | KruskalEta + Distance,Ordinal('TXAB_VOR_MM_A'),KruskalEtaSquared,5.842757300648339e-05,,False
Ordinal        | KruskalEta + Distance,Ordinal('TXAB_VOR_MMAX_A'),KruskalEtaSquared,3.0537553454822224e-05,,False
Ordinal        | KruskalEta + Distance,Ordinal('TXMIN_VOR_MM_A'),KruskalEtaSquared,1.760872605891043e-05,,False
Ordinal        | KruskalEta + Distance,Ordinal('TXMIN_VOR_MMAX_A'),KruskalEtaSquared,0.0,,False
Ordinal        | KruskalEta + Distance,Ordinal('NBJFF10_MM_A'),KruskalEtaSquared,0.00011932604571761378,,False
Ordinal        | KruskalEta + Distance,Ordinal('NBJFF10_MMAX_A'),KruskalEtaSquared,0.00010109755729923252,,False
Ordinal        | KruskalEta + Distance,Ordinal('NBJFF10_MSOM_A'),KruskalEtaSquared,0.00011932604571761378,,False
Ordinal        | KruskalEta + Distance,Ordinal('NBJFF16_MM_A'),KruskalEtaSquared,2.7953973367342566e-05,,False
Ordinal        | KruskalEta + Distance,Ordinal('NBJFF16_MMAX_A'),KruskalEtaSquared,7.319727258146948e-05,,False
Ordinal        | KruskalEta + Distance,Ordinal('NBJFF16_MSOM_A'),KruskalEtaSquared,2.7953973367342566e-05,,False
Ordinal        | KruskalEta + Distance,Ordinal('NBJFF28_MM_A'),KruskalEtaSquared,5.3239970330445825e-05,,False
Ordinal        | KruskalEta + Distance,Ordinal('NBJFF28_MMAX_A'),KruskalEtaSquared,0.0,,False
Ordinal        | KruskalEta + Distance,Ordinal('NBJFF28_MSOM_A'),KruskalEtaSquared,5.3239970330445825e-05,,False
Ordinal        | KruskalEta + Distance,Ordinal('NBJFXI3S10_MM_A'),KruskalEtaSquared,0.00012409917916662687,,False
Ordinal        | KruskalEta + Distance,Ordinal('NBJFXI3S10_MMAX_A'),KruskalEtaSquared,0.00012025797059655091,,False
Ordinal        | KruskalEta + Distance,Ordinal('NBJFXI3S10_MSOM_A'),KruskalEtaSquared,0.00012409917916662687,,False
Ordinal        | KruskalEta + Distance,Ordinal('NBJFXI3S16_MM_A'),KruskalEtaSquared,2.1818006958480782e-05,,False
Ordinal        | KruskalEta + Distance,Ordinal('NBJFXI3S16_MMAX_A'),KruskalEtaSquared,8.090297303923314e-05,,False
Ordinal        | KruskalEta + Distance,Ordinal('NBJFXI3S16_MSOM_A'),KruskalEtaSquared,2.1818006958480782e-05,,False
Ordinal        | KruskalEta + Distance,Ordinal('NBJFXI3S28_MM_A'),KruskalEtaSquared,0.00010530417715830804,,False
Ordinal        | KruskalEta + Distance,Ordinal('NBJFXI3S28_MMAX_A'),KruskalEtaSquared,0.0,,False
Ordinal        | KruskalEta + Distance,Ordinal('NBJFXI3S28_MSOM_A'),KruskalEtaSquared,0.00010530417715830804,,False
Ordinal        | KruskalEta + Distance,Ordinal('NBJFXY8_MM_A'),KruskalEtaSquared,0.0001015215745571964,,False
Ordinal        | KruskalEta + Distance,Ordinal('NBJFXY8_MMAX_A'),KruskalEtaSquared,0.00012756381950384464,,False
Ordinal        | KruskalEta + Distance,Ordinal('NBJFXY8_MSOM_A'),KruskalEtaSquared,0.0001015215745571964,,False
Ordinal        | KruskalEta + Distance,Ordinal('NBJFXY10_MM_A'),KruskalEtaSquared,8.093699364161681e-05,,False
Ordinal        | KruskalEta + Distance,Ordinal('NBJFXY10_MMAX_A'),KruskalEtaSquared,8.278637204368468e-05,,False
Ordinal        | KruskalEta + Distance,Ordinal('NBJFXY10_MSOM_A'),KruskalEtaSquared,8.093699364161681e-05,,False
Ordinal        | KruskalEta + Distance,Ordinal('NBJFXY15_MM_A'),KruskalEtaSquared,0.0,,False
Ordinal        | KruskalEta + Distance,Ordinal('NBJFXY15_MMAX_A'),KruskalEtaSquared,3.858339937232594e-05,,False
Ordinal        | KruskalEta + Distance,Ordinal('NBJFXY15_MSOM_A'),KruskalEtaSquared,0.0,,False
Ordinal        | KruskalEta + Distance,Ordinal('FFM_VOR_MM_A'),KruskalEtaSquared,2.6714061474062066e-05,,False
Ordinal        | KruskalEta + Distance,Ordinal('FFM_VOR_MMAX_A'),KruskalEtaSquared,7.904609861275733e-05,,False
Ordinal        | KruskalEta + Distance,Ordinal('FXI3SAB_VOR_MM_A'),KruskalEtaSquared,4.197024689408648e-05,,False
Ordinal        | KruskalEta + Distance,Ordinal('FXI3SAB_VOR_MMAX_A'),KruskalEtaSquared,4.194773960560641e-05,,False
Ordinal        | KruskalEta + Distance,Ordinal('FXIAB_VOR_MM_A'),KruskalEtaSquared,6.174388387925768e-06,,False
Ordinal        | KruskalEta + Distance,Ordinal('FXIAB_VOR_MMAX_A'),KruskalEtaSquared,5.011095389045321e-05,,False
Ordinal        | KruskalEta + Distance,Ordinal('FXYAB_VOR_MM_A'),KruskalEtaSquared,4.001524032979327e-05,,False
Ordinal        | KruskalEta + Distance,Ordinal('FXYAB_VOR_MMAX_A'),KruskalEtaSquared,2.4166710881999573e-05,,False
Ordinal        | KruskalEta + Distance,Ordinal('FFM_VOR_COM_MM_A_Y'),KruskalEtaSquared,7.969536550960185e-05,,False
Ordinal        | KruskalEta + Distance,Ordinal('FFM_VOR_COM_MMAX_A_Y'),KruskalEtaSquared,0.00010502665211790088,,False
Ordinal        | KruskalEta + Distance,Ordinal('FXI3SAB_VOR_COM_MM_A_Y'),KruskalEtaSquared,8.695159939074993e-05,,False
Ordinal        | KruskalEta + Distance,Ordinal('FXI3SAB_VOR_COM_MMAX_A_Y'),KruskalEtaSquared,8.666017812841272e-05,,False
Ordinal        | KruskalEta + Distance,Ordinal('NBJRR50_MM_A'),KruskalEtaSquared,7.950111315558779e-05,,False
Ordinal        | KruskalEta + Distance,Ordinal('NBJRR50_MMAX_A'),KruskalEtaSquared,0.00015612650914810402,,False
Ordinal        | KruskalEta + Distance,Ordinal('NBJRR50_MSOM_A'),KruskalEtaSquared,7.950111315558779e-05,,False
Ordinal        | KruskalEta + Distance,Ordinal('NBJRR1_MM_A'),KruskalEtaSquared,2.5369363795699878e-05,,False
Ordinal        | KruskalEta + Distance,Ordinal('NBJRR1_MMAX_A'),KruskalEtaSquared,4.853097079657479e-05,,False
Ordinal        | KruskalEta + Distance,Ordinal('NBJRR1_MSOM_A'),KruskalEtaSquared,2.5369363795699878e-05,,False
Ordinal        | KruskalEta + Distance,Ordinal('NBJRR5_MM_A'),KruskalEtaSquared,5.025584850791734e-05,,False
Ordinal        | KruskalEta + Distance,Ordinal('NBJRR5_MMAX_A'),KruskalEtaSquared,7.833711333841175e-05,,False
Ordinal        | KruskalEta + Distance,Ordinal('NBJRR5_MSOM_A'),KruskalEtaSquared,5.025584850791734e-05,,False
Ordinal        | KruskalEta + Distance,Ordinal('NBJRR10_MM_A'),KruskalEtaSquared,0.00012915879833839971,,False
Ordinal        | KruskalEta + Distance,Ordinal('NBJRR10_MMAX_A'),KruskalEtaSquared,0.00016063754808422255,,False
Ordinal        | KruskalEta + Distance,Ordinal('NBJRR10_MSOM_A'),KruskalEtaSquared,0.00012915879833839971,,False
Ordinal        | KruskalEta + Distance,Ordinal('NBJRR30_MM_A'),KruskalEtaSquared,0.00011468541886486546,,False
Ordinal        | KruskalEta + Distance,Ordinal('NBJRR30_MMAX_A'),KruskalEtaSquared,7.107650776280294e-05,,False
Ordinal        | KruskalEta + Distance,Ordinal('NBJRR30_MSOM_A'),KruskalEtaSquared,0.00011468541886486546,,False
Ordinal        | KruskalEta + Distance,Ordinal('NBJRR100_MM_A'),KruskalEtaSquared,6.9825776879096455e-06,,False
Ordinal        | KruskalEta + Distance,Ordinal('NBJRR100_MMAX_A'),KruskalEtaSquared,1.9895774132130634e-05,,False
Ordinal        | KruskalEta + Distance,Ordinal('NBJRR100_MSOM_A'),KruskalEtaSquared,6.9825776879096455e-06,,False
Ordinal        | KruskalEta + Distance,Ordinal('RR_VOR_MM_A'),KruskalEtaSquared,0.00010839658088773662,,False
Ordinal        | KruskalEta + Distance,Ordinal('RR_VOR_MMAX_A'),KruskalEtaSquared,9.486564234755046e-05,,False
Ordinal        | KruskalEta + Distance,Ordinal('RRAB_VOR_MM_A'),KruskalEtaSquared,8.406151151411299e-05,,False
Ordinal        | KruskalEta + Distance,Ordinal('RRAB_VOR_MMAX_A'),KruskalEtaSquared,0.0001277629748580602,,False
Ordinal        | KruskalEta + Distance,Ordinal('SURFACE4'),KruskalEtaSquared,0.0022595657728712868,,False
Ordinal        | KruskalEta + Distance,Ordinal('total_surface_2023'),KruskalEtaSquared,1.1062778077593053e-05,,False
Ordinal        | KruskalEta + Distance,Ordinal('total_surface_5y'),KruskalEtaSquared,6.432692645592179e-05,,False
Ordinal        | KruskalEta + Distance,Ordinal('surface_over_forest'),KruskalEtaSquared,1.4641288163864236e-05,,False
Ordinal        | KruskalEta + Distance,Ordinal('fire_extinction_rates'),KruskalEtaSquared,3.1788002444180412e-06,,False
